"x","y"
-0.33333333333333337,0.2744444444444445
-0.33333333333333337,0.2649382716049383
-0.33333333333333337,0.25543209876543216
-0.33333333333333337,0.24592592592592596
-0.33333333333333337,0.2364197530864198
-0.33333333333333337,0.2269135802469136
-0.33333333333333337,0.21740740740740744
-0.33333333333333337,0.20790123456790127
-0.33333333333333337,0.1983950617283951
-0.33333333333333337,0.18888888888888894
-0.33333333333333337,0.17938271604938275
-0.33333333333333337,0.16987654320987655
-0.33333333333333337,0.16037037037037039
-0.33333333333333337,0.15086419753086422
-0.33333333333333337,0.14135802469135805
-0.33333333333333337,0.13185185185185186
-0.33333333333333337,0.12234567901234569
-0.33333333333333337,0.11283950617283953
-0.33333333333333337,0.10333333333333333
-0.33333333333333337,0.0938271604938272
-0.33333333333333337,0.084320987654321
-0.33333333333333337,0.07481481481481483
-0.33333333333333337,0.06530864197530864
-0.33333333333333337,0.055802469135802474
-0.33333333333333337,0.04629629629629628
-0.33333333333333337,0.03679012345679014
-0.33333333333333337,0.027283950617283947
-0.33333333333333337,0.01777777777777778
-0.33333333333333337,0.008271604938271615
-0.33333333333333337,-0.0012345679012345512
-0.33333333333333337,-0.010740740740740773
-0.33333333333333337,-0.02024691358024694
-0.33333333333333337,-0.02975308641975305
-0.33333333333333337,-0.03925925925925927
-0.33333333333333337,-0.04876543209876544
-0.33333333333333337,-0.058271604938271604
-0.33333333333333337,-0.06777777777777777
-0.33333333333333337,-0.07728395061728399
-0.33333333333333337,-0.0867901234567901
-0.33333333333333337,-0.09629629629629627
-0.33333333333333337,-0.10580246913580249
-0.33333333333333337,-0.11530864197530866
-0.33333333333333337,-0.12481481481481482
-0.33333333333333337,-0.134320987654321
-0.33333333333333337,-0.1438271604938272
-0.33333333333333337,-0.15333333333333338
-0.33333333333333337,-0.16283950617283954
-0.33333333333333337,-0.1723456790123457
-0.33333333333333337,-0.18185185185185182
-0.33333333333333337,-0.1913580246913581
-0.33333333333333337,-0.2008641975308642
-0.33333333333333337,-0.21037037037037037
-0.33333333333333337,-0.2198765432098766
-0.33333333333333337,-0.22938271604938276
-0.33333333333333337,-0.23888888888888893
-0.33333333333333337,-0.2483950617283951
-0.33333333333333337,-0.25790123456790126
-0.33333333333333337,-0.2674074074074074
-0.33333333333333337,-0.2769135802469136
-0.33333333333333337,-0.28641975308641976
-0.33333333333333337,-0.2959259259259259
-0.33333333333333337,-0.3054320987654322
-0.33333333333333337,-0.31493827160493837
-0.33333333333333337,-0.32444444444444454
-0.33333333333333337,-0.3339506172839507
-0.33333333333333337,-0.34345679012345676
-0.33333333333333337,-0.35296296296296303
-0.33333333333333337,-0.3624691358024692
-0.33333333333333337,-0.37197530864197537
-0.33333333333333337,-0.38148148148148153
-0.33333333333333337,-0.3909876543209877
-0.33333333333333337,-0.40049382716049386
-0.33333333333333337,-0.41000000000000003
-0.33333333333333337,-0.4195061728395062
-0.33333333333333337,-0.42901234567901236
-0.33333333333333337,-0.43851851851851864
-0.33333333333333337,-0.4480246913580248
-0.33333333333333337,-0.45753086419753086
-0.33333333333333337,-0.46703703703703714
-0.33333333333333337,-0.4765432098765432
-0.33333333333333337,-0.48604938271604947
-0.33333333333333337,-0.49555555555555564
-0.33333333333333337,-0.5050617283950618
-0.33333333333333337,-0.514567901234568
-0.33333333333333337,-0.524074074074074
-0.33333333333333337,-0.5335802469135803
-0.33333333333333337,-0.5430864197530866
-0.33333333333333337,-0.5525925925925926
-0.33333333333333337,-0.5620987654320989
-0.33333333333333337,-0.5716049382716051
-0.33333333333333337,-0.5811111111111111
-0.33333333333333337,-0.5906172839506174
-0.33333333333333337,-0.6001234567901235
-0.33333333333333337,-0.6096296296296297
-0.33333333333333337,-0.6191358024691359
-0.33333333333333337,-0.6286419753086421
-0.33333333333333337,-0.6381481481481482
-0.33333333333333337,-0.6476543209876543
-0.33333333333333337,-0.6571604938271606
-0.33333333333333337,-0.6666666666666669
-0.32666666666666666,0.2609882764444444
-0.32666666666666666,0.25161802449382714
-0.32666666666666666,0.24224777254320984
-0.32666666666666666,0.23287752059259256
-0.32666666666666666,0.2235072686419753
-0.32666666666666666,0.21413701669135798
-0.32666666666666666,0.2047667647407407
-0.32666666666666666,0.19539651279012343
-0.32666666666666666,0.18602626083950613
-0.32666666666666666,0.17665600888888885
-0.32666666666666666,0.16728575693827158
-0.32666666666666666,0.15791550498765428
-0.32666666666666666,0.148545253037037
-0.32666666666666666,0.13917500108641973
-0.32666666666666666,0.12980474913580245
-0.32666666666666666,0.12043449718518515
-0.32666666666666666,0.11106424523456787
-0.32666666666666666,0.10169399328395057
-0.32666666666666666,0.09232374133333329
-0.32666666666666666,0.08295348938271602
-0.32666666666666666,0.07358323743209871
-0.32666666666666666,0.06421298548148147
-0.32666666666666666,0.05484273353086416
-0.32666666666666666,0.04547248158024689
-0.32666666666666666,0.036102229629629584
-0.32666666666666666,0.02673197767901231
-0.32666666666666666,0.017361725728395005
-0.32666666666666666,0.007991473777777758
-0.32666666666666666,-0.0013787781728395454
-0.32666666666666666,-0.010749030123456793
-0.32666666666666666,-0.020119282074074152
-0.32666666666666666,-0.0294895340246914
-0.32666666666666666,-0.03885978597530865
-0.32666666666666666,-0.04823003792592595
-0.32666666666666666,-0.0576002898765432
-0.32666666666666666,-0.06697054182716056
-0.32666666666666666,-0.0763407937777778
-0.32666666666666666,-0.08571104572839511
-0.32666666666666666,-0.09508129767901236
-0.32666666666666666,-0.10445154962962966
-0.32666666666666666,-0.11382180158024696
-0.32666666666666666,-0.12319205353086427
-0.32666666666666666,-0.1325623054814815
-0.32666666666666666,-0.14193255743209876
-0.32666666666666666,-0.15130280938271612
-0.32666666666666666,-0.16067306133333337
-0.32666666666666666,-0.17004331328395067
-0.32666666666666666,-0.17941356523456792
-0.32666666666666666,-0.18878381718518517
-0.32666666666666666,-0.19815406913580252
-0.32666666666666666,-0.20752432108641977
-0.32666666666666666,-0.21689457303703708
-0.32666666666666666,-0.22626482498765432
-0.32666666666666666,-0.23563507693827168
-0.32666666666666666,-0.24500532888888893
-0.32666666666666666,-0.2543755808395062
-0.32666666666666666,-0.2637458327901234
-0.32666666666666666,-0.2731160847407408
-0.32666666666666666,-0.28248633669135803
-0.32666666666666666,-0.2918565886419753
-0.32666666666666666,-0.30122684059259264
-0.32666666666666666,-0.31059709254321
-0.32666666666666666,-0.31996734449382724
-0.32666666666666666,-0.3293375964444445
-0.32666666666666666,-0.33870784839506174
-0.32666666666666666,-0.348078100345679
-0.32666666666666666,-0.35744835229629635
-0.32666666666666666,-0.3668186042469136
-0.32666666666666666,-0.37618885619753084
-0.32666666666666666,-0.3855591081481481
-0.32666666666666666,-0.39492936009876545
-0.32666666666666666,-0.4042996120493828
-0.32666666666666666,-0.41366986400000005
-0.32666666666666666,-0.4230401159506173
-0.32666666666666666,-0.43241036790123455
-0.32666666666666666,-0.4417806198518519
-0.32666666666666666,-0.45115087180246927
-0.32666666666666666,-0.4605211237530864
-0.32666666666666666,-0.46989137570370376
-0.32666666666666666,-0.479261627654321
-0.32666666666666666,-0.48863187960493826
-0.32666666666666666,-0.4980021315555556
-0.32666666666666666,-0.5073723835061729
-0.32666666666666666,-0.5167426354567902
-0.32666666666666666,-0.5261128874074074
-0.32666666666666666,-0.5354831393580247
-0.32666666666666666,-0.5448533913086421
-0.32666666666666666,-0.5542236432592592
-0.32666666666666666,-0.5635938952098766
-0.32666666666666666,-0.5729641471604939
-0.32666666666666666,-0.5823343991111111
-0.32666666666666666,-0.5917046510617284
-0.32666666666666666,-0.6010749030123457
-0.32666666666666666,-0.610445154962963
-0.32666666666666666,-0.6198154069135803
-0.32666666666666666,-0.6291856588641975
-0.32666666666666666,-0.6385559108148149
-0.32666666666666666,-0.647926162765432
-0.32666666666666666,-0.6572964147160494
-0.32666666666666666,-0.6666666666666667
-0.32,0.24798984533333338
-0.32,0.23875089066666672
-0.32,0.22951193600000003
-0.32,0.22027298133333337
-0.32,0.2110340266666667
-0.32,0.20179507200000002
-0.32,0.19255611733333336
-0.32,0.1833171626666667
-0.32,0.174078208
-0.32,0.16483925333333338
-0.32,0.1556002986666667
-0.32,0.14636134400000003
-0.32,0.13712238933333337
-0.32,0.12788343466666668
-0.32,0.11864448000000002
-0.32,0.10940552533333336
-0.32,0.10016657066666668
-0.32,0.09092761600000002
-0.32,0.08168866133333336
-0.32,0.0724497066666667
-0.32,0.06321075200000001
-0.32,0.05397179733333335
-0.32,0.04473284266666666
-0.32,0.03549388800000003
-0.32,0.02625493333333334
-0.32,0.01701597866666668
-0.32,0.0077770239999999935
-0.32,-0.0014619306666666665
-0.32,-0.010700885333333354
-0.32,-0.019939839999999986
-0.32,-0.029178794666666674
-0.32,-0.038417749333333306
-0.32,-0.047656703999999994
-0.32,-0.05689565866666668
-0.32,-0.06613461333333331
-0.32,-0.075373568
-0.32,-0.08461252266666663
-0.32,-0.09385147733333332
-0.32,-0.10309043200000001
-0.32,-0.11232938666666664
-0.32,-0.12156834133333339
-0.32,-0.13080729600000002
-0.32,-0.14004625066666665
-0.32,-0.14928520533333334
-0.32,-0.15852416000000003
-0.32,-0.1677631146666667
-0.32,-0.17700206933333335
-0.32,-0.18624102399999998
-0.32,-0.19547997866666666
-0.32,-0.20471893333333335
-0.32,-0.21395788800000004
-0.32,-0.22319684266666667
-0.32,-0.2324357973333333
-0.32,-0.24167475200000005
-0.32,-0.2509137066666667
-0.32,-0.26015266133333337
-0.32,-0.26939161599999994
-0.32,-0.27863057066666674
-0.32,-0.2878695253333333
-0.32,-0.29710848
-0.32,-0.3063474346666667
-0.32,-0.3155863893333334
-0.32,-0.32482534400000007
-0.32,-0.33406429866666665
-0.32,-0.34330325333333334
-0.32,-0.352542208
-0.32,-0.3617811626666667
-0.32,-0.3710201173333334
-0.32,-0.380259072
-0.32,-0.38949802666666666
-0.32,-0.39873698133333335
-0.32,-0.40797593600000004
-0.32,-0.4172148906666667
-0.32,-0.4264538453333333
-0.32,-0.4356928
-0.32,-0.4449317546666667
-0.32,-0.4541707093333335
-0.32,-0.46340966400000005
-0.32,-0.47264861866666674
-0.32,-0.4818875733333333
-0.32,-0.491126528
-0.32,-0.5003654826666668
-0.32,-0.5096044373333334
-0.32,-0.5188433920000001
-0.32,-0.5280823466666666
-0.32,-0.5373213013333333
-0.32,-0.5465602560000001
-0.32,-0.5557992106666667
-0.32,-0.5650381653333334
-0.32,-0.5742771200000001
-0.32,-0.5835160746666667
-0.32,-0.5927550293333335
-0.32,-0.601993984
-0.32,-0.6112329386666667
-0.32,-0.6204718933333334
-0.32,-0.629710848
-0.32,-0.6389498026666668
-0.32,-0.6481887573333334
-0.32,-0.657427712
-0.32,-0.6666666666666667
-0.31333333333333335,0.23543776977777783
-0.31333333333333335,0.22632560375308647
-0.31333333333333335,0.21721343772839513
-0.31333333333333335,0.20810127170370377
-0.31333333333333335,0.1989891056790124
-0.31333333333333335,0.18987693965432106
-0.31333333333333335,0.18076477362962967
-0.31333333333333335,0.17165260760493833
-0.31333333333333335,0.16254044158024697
-0.31333333333333335,0.1534282755555556
-0.31333333333333335,0.14431610953086427
-0.31333333333333335,0.1352039435061729
-0.31333333333333335,0.12609177748148154
-0.31333333333333335,0.11697961145679017
-0.31333333333333335,0.10786744543209884
-0.31333333333333335,0.09875527940740747
-0.31333333333333335,0.0896431133827161
-0.31333333333333335,0.08053094735802474
-0.31333333333333335,0.07141878133333338
-0.31333333333333335,0.06230661530864204
-0.31333333333333335,0.05319444928395067
-0.31333333333333335,0.044082283259259336
-0.31333333333333335,0.03497011723456794
-0.31333333333333335,0.025857951209876606
-0.31333333333333335,0.016745785185185214
-0.31333333333333335,0.007633619160493876
-0.31333333333333335,-0.0014785468641974886
-0.31333333333333335,-0.010590712888888854
-0.31333333333333335,-0.01970287891358019
-0.31333333333333335,-0.028815044938271528
-0.31333333333333335,-0.03792721096296292
-0.31333333333333335,-0.04703937698765426
-0.31333333333333335,-0.056151543012345595
-0.31333333333333335,-0.06526370903703699
-0.31333333333333335,-0.07437587506172832
-0.31333333333333335,-0.08348804108641972
-0.31333333333333335,-0.09260020711111105
-0.31333333333333335,-0.10171237313580245
-0.31333333333333335,-0.11082453916049378
-0.31333333333333335,-0.11993670518518512
-0.31333333333333335,-0.12904887120987651
-0.31333333333333335,-0.13816103723456785
-0.31333333333333335,-0.1472732032592592
-0.31333333333333335,-0.15638536928395053
-0.31333333333333335,-0.16549753530864197
-0.31333333333333335,-0.1746097013333333
-0.31333333333333335,-0.18372186735802465
-0.31333333333333335,-0.19283403338271599
-0.31333333333333335,-0.20194619940740732
-0.31333333333333335,-0.21105836543209877
-0.31333333333333335,-0.2201705314567901
-0.31333333333333335,-0.22928269748148145
-0.31333333333333335,-0.23839486350617278
-0.31333333333333335,-0.24750702953086418
-0.31333333333333335,-0.25661919555555557
-0.31333333333333335,-0.2657313615802469
-0.31333333333333335,-0.27484352760493824
-0.31333333333333335,-0.2839556936296296
-0.31333333333333335,-0.2930678596543209
-0.31333333333333335,-0.30218002567901225
-0.31333333333333335,-0.3112921917037037
-0.31333333333333335,-0.32040435772839504
-0.31333333333333335,-0.3295165237530864
-0.31333333333333335,-0.3386286897777777
-0.31333333333333335,-0.34774085580246905
-0.31333333333333335,-0.3568530218271604
-0.31333333333333335,-0.36596518785185184
-0.31333333333333335,-0.3750773538765432
-0.31333333333333335,-0.3841895199012345
-0.31333333333333335,-0.39330168592592585
-0.31333333333333335,-0.4024138519506173
-0.31333333333333335,-0.41152601797530863
-0.31333333333333335,-0.42063818399999997
-0.31333333333333335,-0.4297503500246913
-0.31333333333333335,-0.43886251604938264
-0.31333333333333335,-0.4479746820740741
-0.31333333333333335,-0.45708684809876543
-0.31333333333333335,-0.46619901412345677
-0.31333333333333335,-0.4753111801481481
-0.31333333333333335,-0.48442334617283944
-0.31333333333333335,-0.4935355121975309
-0.31333333333333335,-0.5026476782222222
-0.31333333333333335,-0.5117598442469136
-0.31333333333333335,-0.5208720102716049
-0.31333333333333335,-0.5299841762962962
-0.31333333333333335,-0.5390963423209876
-0.31333333333333335,-0.548208508345679
-0.31333333333333335,-0.5573206743703703
-0.31333333333333335,-0.5664328403950617
-0.31333333333333335,-0.5755450064197531
-0.31333333333333335,-0.5846571724444444
-0.31333333333333335,-0.5937693384691358
-0.31333333333333335,-0.602881504493827
-0.31333333333333335,-0.6119936705185185
-0.31333333333333335,-0.6211058365432099
-0.31333333333333335,-0.6302180025679012
-0.31333333333333335,-0.6393301685925926
-0.31333333333333335,-0.6484423346172838
-0.31333333333333335,-0.6575545006419753
-0.31333333333333335,-0.6666666666666667
-0.3066666666666667,0.22332090311111114
-0.3066666666666667,0.21433112967901238
-0.3066666666666667,0.20534135624691363
-0.3066666666666667,0.19635158281481485
-0.3066666666666667,0.18736180938271607
-0.3066666666666667,0.17837203595061732
-0.3066666666666667,0.16938226251851857
-0.3066666666666667,0.1603924890864198
-0.3066666666666667,0.151402715654321
-0.3066666666666667,0.14241294222222226
-0.3066666666666667,0.1334231687901235
-0.3066666666666667,0.12443339535802472
-0.3066666666666667,0.11544362192592596
-0.3066666666666667,0.10645384849382719
-0.3066666666666667,0.09746407506172841
-0.3066666666666667,0.08847430162962966
-0.3066666666666667,0.07948452819753088
-0.3066666666666667,0.07049475476543213
-0.3066666666666667,0.06150498133333335
-0.3066666666666667,0.052515207901234595
-0.3066666666666667,0.043525434469135815
-0.3066666666666667,0.03453566103703706
-0.3066666666666667,0.025545887604938283
-0.3066666666666667,0.01655611417283953
-0.3066666666666667,0.007566340740740751
-0.3066666666666667,-0.0014234326913580009
-0.3066666666666667,-0.01041320612345678
-0.3066666666666667,-0.019402979555555533
-0.3066666666666667,-0.028392752987654313
-0.3066666666666667,-0.03738252641975309
-0.3066666666666667,-0.04637229985185187
-0.3066666666666667,-0.0553620732839506
-0.3066666666666667,-0.06435184671604938
-0.3066666666666667,-0.07334162014814816
-0.3066666666666667,-0.08233139358024688
-0.3066666666666667,-0.09132116701234566
-0.3066666666666667,-0.10031094044444444
-0.3066666666666667,-0.10930071387654322
-0.3066666666666667,-0.11829048730864195
-0.3066666666666667,-0.12728026074074072
-0.3066666666666667,-0.13627003417283956
-0.3066666666666667,-0.14525980760493828
-0.3066666666666667,-0.154249581037037
-0.3066666666666667,-0.1632393544691358
-0.3066666666666667,-0.17222912790123462
-0.3066666666666667,-0.18121890133333335
-0.3066666666666667,-0.19020867476543213
-0.3066666666666667,-0.19919844819753085
-0.3066666666666667,-0.20818822162962958
-0.3066666666666667,-0.2171779950617284
-0.3066666666666667,-0.2261677684938272
-0.3066666666666667,-0.23515754192592592
-0.3066666666666667,-0.2441473153580247
-0.3066666666666667,-0.2531370887901235
-0.3066666666666667,-0.26212686222222226
-0.3066666666666667,-0.271116635654321
-0.3066666666666667,-0.2801064090864197
-0.3066666666666667,-0.28909618251851854
-0.3066666666666667,-0.29808595595061727
-0.3066666666666667,-0.3070757293827161
-0.3066666666666667,-0.3160655028148148
-0.3066666666666667,-0.32505527624691366
-0.3066666666666667,-0.3340450496790124
-0.3066666666666667,-0.3430348231111111
-0.3066666666666667,-0.35202459654320983
-0.3066666666666667,-0.36101436997530867
-0.3066666666666667,-0.3700041434074075
-0.3066666666666667,-0.37899391683950623
-0.3066666666666667,-0.38798369027160495
-0.3066666666666667,-0.3969734637037037
-0.3066666666666667,-0.4059632371358025
-0.3066666666666667,-0.41495301056790124
-0.3066666666666667,-0.4239427840000001
-0.3066666666666667,-0.4329325574320988
-0.3066666666666667,-0.4419223308641975
-0.3066666666666667,-0.45091210429629636
-0.3066666666666667,-0.4599018777283952
-0.3066666666666667,-0.4688916511604938
-0.3066666666666667,-0.47788142459259264
-0.3066666666666667,-0.48687119802469137
-0.3066666666666667,-0.4958609714567902
-0.3066666666666667,-0.504850744888889
-0.3066666666666667,-0.5138405183209876
-0.3066666666666667,-0.5228302917530865
-0.3066666666666667,-0.5318200651851852
-0.3066666666666667,-0.5408098386172839
-0.3066666666666667,-0.5497996120493828
-0.3066666666666667,-0.5587893854814815
-0.3066666666666667,-0.5677791589135803
-0.3066666666666667,-0.5767689323456792
-0.3066666666666667,-0.5857587057777778
-0.3066666666666667,-0.5947484792098766
-0.3066666666666667,-0.6037382526419753
-0.3066666666666667,-0.6127280260740742
-0.3066666666666667,-0.6217177995061729
-0.3066666666666667,-0.6307075729382716
-0.3066666666666667,-0.6396973463703705
-0.3066666666666667,-0.6486871198024691
-0.3066666666666667,-0.6576768932345679
-0.3066666666666667,-0.6666666666666667
-0.30000000000000004,0.21162833333333342
-0.30000000000000004,0.20275666666666675
-0.30000000000000004,0.19388500000000009
-0.30000000000000004,0.18501333333333342
-0.30000000000000004,0.17614166666666675
-0.30000000000000004,0.16727000000000009
-0.30000000000000004,0.15839833333333342
-0.30000000000000004,0.14952666666666675
-0.30000000000000004,0.14065500000000009
-0.30000000000000004,0.13178333333333342
-0.30000000000000004,0.12291166666666674
-0.30000000000000004,0.11404000000000007
-0.30000000000000004,0.1051683333333334
-0.30000000000000004,0.09629666666666674
-0.30000000000000004,0.08742500000000006
-0.30000000000000004,0.07855333333333339
-0.30000000000000004,0.06968166666666673
-0.30000000000000004,0.06081000000000006
-0.30000000000000004,0.05193833333333339
-0.30000000000000004,0.04306666666666675
-0.30000000000000004,0.03419500000000006
-0.30000000000000004,0.025323333333333392
-0.30000000000000004,0.016451666666666726
-0.30000000000000004,0.007580000000000059
-0.30000000000000004,-0.0012916666666666354
-0.30000000000000004,-0.010163333333333274
-0.30000000000000004,-0.01903499999999997
-0.30000000000000004,-0.027906666666666607
-0.30000000000000004,-0.0367783333333333
-0.30000000000000004,-0.04564999999999997
-0.30000000000000004,-0.054521666666666635
-0.30000000000000004,-0.0633933333333333
-0.30000000000000004,-0.07226499999999991
-0.30000000000000004,-0.08113666666666663
-0.30000000000000004,-0.0900083333333333
-0.30000000000000004,-0.09887999999999997
-0.30000000000000004,-0.10775166666666663
-0.30000000000000004,-0.1166233333333333
-0.30000000000000004,-0.12549499999999997
-0.30000000000000004,-0.13436666666666658
-0.30000000000000004,-0.1432383333333333
-0.30000000000000004,-0.15210999999999997
-0.30000000000000004,-0.16098166666666663
-0.30000000000000004,-0.1698533333333333
-0.30000000000000004,-0.17872500000000002
-0.30000000000000004,-0.18759666666666663
-0.30000000000000004,-0.1964683333333333
-0.30000000000000004,-0.20533999999999997
-0.30000000000000004,-0.21421166666666663
-0.30000000000000004,-0.22308333333333336
-0.30000000000000004,-0.23195499999999997
-0.30000000000000004,-0.24082666666666663
-0.30000000000000004,-0.2496983333333333
-0.30000000000000004,-0.25857
-0.30000000000000004,-0.26744166666666663
-0.30000000000000004,-0.2763133333333333
-0.30000000000000004,-0.28518499999999997
-0.30000000000000004,-0.2940566666666667
-0.30000000000000004,-0.3029283333333333
-0.30000000000000004,-0.3118
-0.30000000000000004,-0.32067166666666663
-0.30000000000000004,-0.32954333333333335
-0.30000000000000004,-0.33841499999999997
-0.30000000000000004,-0.3472866666666667
-0.30000000000000004,-0.3561583333333333
-0.30000000000000004,-0.3650299999999999
-0.30000000000000004,-0.37390166666666663
-0.30000000000000004,-0.38277333333333335
-0.30000000000000004,-0.39164499999999997
-0.30000000000000004,-0.4005166666666667
-0.30000000000000004,-0.4093883333333334
-0.30000000000000004,-0.41826
-0.30000000000000004,-0.42713166666666663
-0.30000000000000004,-0.43600333333333335
-0.30000000000000004,-0.44487499999999996
-0.30000000000000004,-0.4537466666666667
-0.30000000000000004,-0.4626183333333334
-0.30000000000000004,-0.47149
-0.30000000000000004,-0.48036166666666674
-0.30000000000000004,-0.48923333333333324
-0.30000000000000004,-0.49810499999999996
-0.30000000000000004,-0.5069766666666666
-0.30000000000000004,-0.5158483333333332
-0.30000000000000004,-0.5247200000000001
-0.30000000000000004,-0.5335916666666667
-0.30000000000000004,-0.5424633333333333
-0.30000000000000004,-0.5513350000000001
-0.30000000000000004,-0.5602066666666667
-0.30000000000000004,-0.5690783333333334
-0.30000000000000004,-0.5779500000000002
-0.30000000000000004,-0.5868216666666666
-0.30000000000000004,-0.5956933333333334
-0.30000000000000004,-0.604565
-0.30000000000000004,-0.6134366666666666
-0.30000000000000004,-0.6223083333333335
-0.30000000000000004,-0.6311800000000001
-0.30000000000000004,-0.6400516666666667
-0.30000000000000004,-0.6489233333333333
-0.30000000000000004,-0.6577950000000001
-0.30000000000000004,-0.6666666666666667
-0.29333333333333333,0.2003493831111111
-0.29333333333333333,0.1915916452345679
-0.29333333333333333,0.18283390735802468
-0.29333333333333333,0.17407616948148147
-0.29333333333333333,0.16531843160493828
-0.29333333333333333,0.15656069372839507
-0.29333333333333333,0.14780295585185185
-0.29333333333333333,0.13904521797530864
-0.29333333333333333,0.13028748009876542
-0.29333333333333333,0.12152974222222222
-0.29333333333333333,0.11277200434567901
-0.29333333333333333,0.10401426646913581
-0.29333333333333333,0.0952565285925926
-0.29333333333333333,0.08649879071604938
-0.29333333333333333,0.07774105283950616
-0.29333333333333333,0.06898331496296295
-0.29333333333333333,0.060225577086419735
-0.29333333333333333,0.05146783920987652
-0.29333333333333333,0.042710101333333333
-0.29333333333333333,0.03395236345679012
-0.29333333333333333,0.025194625580246904
-0.29333333333333333,0.01643688770370369
-0.29333333333333333,0.007679149827160475
-0.29333333333333333,-0.0010785880493827116
-0.29333333333333333,-0.009836325925925954
-0.29333333333333333,-0.01859406380246914
-0.29333333333333333,-0.027351801679012383
-0.29333333333333333,-0.03610953955555557
-0.29333333333333333,-0.044867277432098784
-0.29333333333333333,-0.053625015308642
-0.29333333333333333,-0.062382753185185214
-0.29333333333333333,-0.07114049106172843
-0.29333333333333333,-0.07989822893827159
-0.29333333333333333,-0.08865596681481486
-0.29333333333333333,-0.09741370469135802
-0.29333333333333333,-0.10617144256790129
-0.29333333333333333,-0.11492918044444445
-0.29333333333333333,-0.12368691832098766
-0.29333333333333333,-0.13244465619753087
-0.29333333333333333,-0.1412023940740741
-0.29333333333333333,-0.14996013195061736
-0.29333333333333333,-0.15871786982716052
-0.29333333333333333,-0.16747560770370373
-0.29333333333333333,-0.17623334558024695
-0.29333333333333333,-0.18499108345679016
-0.29333333333333333,-0.19374882133333338
-0.29333333333333333,-0.2025065592098766
-0.29333333333333333,-0.21126429708641975
-0.29333333333333333,-0.22002203496296296
-0.29333333333333333,-0.22877977283950623
-0.29333333333333333,-0.2375375107160494
-0.29333333333333333,-0.2462952485925926
-0.29333333333333333,-0.2550529864691358
-0.29333333333333333,-0.2638107243456791
-0.29333333333333333,-0.27256846222222225
-0.29333333333333333,-0.28132620009876547
-0.29333333333333333,-0.2900839379753087
-0.29333333333333333,-0.2988416758518519
-0.29333333333333333,-0.3075994137283951
-0.29333333333333333,-0.3163571516049383
-0.29333333333333333,-0.32511488948148154
-0.29333333333333333,-0.33387262735802475
-0.29333333333333333,-0.34263036523456797
-0.29333333333333333,-0.3513881031111112
-0.29333333333333333,-0.3601458409876544
-0.29333333333333333,-0.3689035788641975
-0.29333333333333333,-0.3776613167407408
-0.29333333333333333,-0.38641905461728404
-0.29333333333333333,-0.39517679249382714
-0.29333333333333333,-0.40393453037037036
-0.29333333333333333,-0.4126922682469137
-0.29333333333333333,-0.4214500061234569
-0.29333333333333333,-0.430207744
-0.29333333333333333,-0.4389654818765432
-0.29333333333333333,-0.44772321975308643
-0.29333333333333333,-0.45648095762962965
-0.29333333333333333,-0.465238695506173
-0.29333333333333333,-0.4739964333827161
-0.29333333333333333,-0.4827541712592594
-0.29333333333333333,-0.4915119091358025
-0.29333333333333333,-0.5002696470123458
-0.29333333333333333,-0.5090273848888891
-0.29333333333333333,-0.5177851227654322
-0.29333333333333333,-0.5265428606419753
-0.29333333333333333,-0.5353005985185184
-0.29333333333333333,-0.5440583363950617
-0.29333333333333333,-0.5528160742716051
-0.29333333333333333,-0.5615738121481482
-0.29333333333333333,-0.5703315500246915
-0.29333333333333333,-0.5790892879012346
-0.29333333333333333,-0.5878470257777779
-0.29333333333333333,-0.596604763654321
-0.29333333333333333,-0.6053625015308641
-0.29333333333333333,-0.6141202394074075
-0.29333333333333333,-0.6228779772839508
-0.29333333333333333,-0.6316357151604939
-0.29333333333333333,-0.6403934530370372
-0.29333333333333333,-0.6491511909135803
-0.29333333333333333,-0.6579089287901234
-0.29333333333333333,-0.6666666666666667
-0.2866666666666667,0.1894736097777778
-0.2866666666666667,0.18082572819753087
-0.2866666666666667,0.17217784661728397
-0.2866666666666667,0.16352996503703704
-0.2866666666666667,0.15488208345679014
-0.2866666666666667,0.14623420187654323
-0.2866666666666667,0.1375863202962963
-0.2866666666666667,0.12893843871604938
-0.2866666666666667,0.12029055713580249
-0.2866666666666667,0.11164267555555557
-0.2866666666666667,0.10299479397530865
-0.2866666666666667,0.09434691239506175
-0.2866666666666667,0.08569903081481484
-0.2866666666666667,0.07705114923456792
-0.2866666666666667,0.068403267654321
-0.2866666666666667,0.059755386074074074
-0.2866666666666667,0.05110750449382717
-0.2866666666666667,0.04245962291358027
-0.2866666666666667,0.03381174133333334
-0.2866666666666667,0.025163859753086437
-0.2866666666666667,0.016515978172839507
-0.2866666666666667,0.007868096592592605
-0.2866666666666667,-0.000779784987654325
-0.2866666666666667,-0.0094276665679012
-0.2866666666666667,-0.018075548148148157
-0.2866666666666667,-0.02672342972839503
-0.2866666666666667,-0.03537131130864196
-0.2866666666666667,-0.044019192888888864
-0.2866666666666667,-0.05266707446913582
-0.2866666666666667,-0.061314956049382696
-0.2866666666666667,-0.06996283762962963
-0.2866666666666667,-0.07861071920987656
-0.2866666666666667,-0.08725860079012343
-0.2866666666666667,-0.09590648237037036
-0.2866666666666667,-0.10455436395061724
-0.2866666666666667,-0.11320224553086417
-0.2866666666666667,-0.1218501271111111
-0.2866666666666667,-0.13049800869135803
-0.2866666666666667,-0.1391458902716049
-0.2866666666666667,-0.14779377185185183
-0.2866666666666667,-0.15644165343209876
-0.2866666666666667,-0.1650895350123457
-0.2866666666666667,-0.17373741659259256
-0.2866666666666667,-0.1823852981728395
-0.2866666666666667,-0.19103317975308642
-0.2866666666666667,-0.19968106133333335
-0.2866666666666667,-0.20832894291358023
-0.2866666666666667,-0.2169768244938271
-0.2866666666666667,-0.22562470607407403
-0.2866666666666667,-0.23427258765432102
-0.2866666666666667,-0.2429204692345679
-0.2866666666666667,-0.25156835081481477
-0.2866666666666667,-0.2602162323950617
-0.2866666666666667,-0.2688641139753086
-0.2866666666666667,-0.27751199555555556
-0.2866666666666667,-0.28615987713580243
-0.2866666666666667,-0.29480775871604936
-0.2866666666666667,-0.30345564029629635
-0.2866666666666667,-0.3121035218765432
-0.2866666666666667,-0.3207514034567901
-0.2866666666666667,-0.32939928503703697
-0.2866666666666667,-0.33804716661728396
-0.2866666666666667,-0.34669504819753083
-0.2866666666666667,-0.3553429297777778
-0.2866666666666667,-0.3639908113580247
-0.2866666666666667,-0.37263869293827157
-0.2866666666666667,-0.38128657451851855
-0.2866666666666667,-0.3899344560987654
-0.2866666666666667,-0.3985823376790123
-0.2866666666666667,-0.4072302192592592
-0.2866666666666667,-0.41587810083950616
-0.2866666666666667,-0.42452598241975303
-0.2866666666666667,-0.433173864
-0.2866666666666667,-0.4418217455802469
-0.2866666666666667,-0.45046962716049377
-0.2866666666666667,-0.45911750874074075
-0.2866666666666667,-0.46776539032098774
-0.2866666666666667,-0.4764132719012345
-0.2866666666666667,-0.4850611534814815
-0.2866666666666667,-0.49370903506172836
-0.2866666666666667,-0.5023569166419752
-0.2866666666666667,-0.5110047982222222
-0.2866666666666667,-0.5196526798024691
-0.2866666666666667,-0.5283005613827161
-0.2866666666666667,-0.5369484429629628
-0.2866666666666667,-0.5455963245432098
-0.2866666666666667,-0.5542442061234568
-0.2866666666666667,-0.5628920877037037
-0.2866666666666667,-0.5715399692839506
-0.2866666666666667,-0.5801878508641976
-0.2866666666666667,-0.5888357324444444
-0.2866666666666667,-0.5974836140246914
-0.2866666666666667,-0.6061314956049382
-0.2866666666666667,-0.6147793771851852
-0.2866666666666667,-0.6234272587654321
-0.2866666666666667,-0.6320751403456789
-0.2866666666666667,-0.6407230219259259
-0.2866666666666667,-0.6493709035061728
-0.2866666666666667,-0.6580187850864198
-0.2866666666666667,-0.6666666666666667
-0.28,0.17899080533333336
-0.28,0.1704488106666667
-0.28,0.16190681600000004
-0.28,0.15336482133333335
-0.28,0.14482282666666668
-0.28,0.13628083200000002
-0.28,0.12773883733333335
-0.28,0.11919684266666669
-0.28,0.11065484800000001
-0.28,0.10211285333333335
-0.28,0.09357085866666669
-0.28,0.08502886400000002
-0.28,0.07648686933333335
-0.28,0.06794487466666668
-0.28,0.05940288000000002
-0.28,0.050860885333333355
-0.28,0.042318890666666664
-0.28,0.033776896
-0.28,0.025234901333333337
-0.28,0.016692906666666674
-0.28,0.00815091200000001
-0.28,-0.00039108266666665337
-0.28,-0.008933077333333345
-0.28,-0.01747507199999998
-0.28,-0.02601706666666667
-0.28,-0.034559061333333335
-0.28,-0.043101056000000026
-0.28,-0.05164305066666666
-0.28,-0.060185045333333353
-0.28,-0.06872703999999999
-0.28,-0.07726903466666671
-0.28,-0.08581102933333332
-0.28,-0.09435302399999998
-0.28,-0.1028950186666667
-0.28,-0.1114370133333333
-0.28,-0.11997900800000003
-0.28,-0.1285210026666667
-0.28,-0.13706299733333335
-0.28,-0.14560499200000002
-0.28,-0.15414698666666668
-0.28,-0.1626889813333334
-0.28,-0.171230976
-0.28,-0.17977297066666667
-0.28,-0.18831496533333333
-0.28,-0.19685696000000005
-0.28,-0.20539895466666672
-0.28,-0.21394094933333338
-0.28,-0.222482944
-0.28,-0.23102493866666665
-0.28,-0.23956693333333337
-0.28,-0.24810892800000003
-0.28,-0.25665092266666667
-0.28,-0.2651929173333334
-0.28,-0.2737349120000001
-0.28,-0.2822769066666667
-0.28,-0.2908189013333333
-0.28,-0.29936089600000004
-0.28,-0.30790289066666676
-0.28,-0.31644488533333337
-0.28,-0.32498688
-0.28,-0.3335288746666667
-0.28,-0.3420708693333334
-0.28,-0.350612864
-0.28,-0.35915485866666663
-0.28,-0.36769685333333335
-0.28,-0.37623884799999996
-0.28,-0.3847808426666667
-0.28,-0.3933228373333334
-0.28,-0.401864832
-0.28,-0.4104068266666666
-0.28,-0.41894882133333333
-0.28,-0.42749081600000005
-0.28,-0.43603281066666666
-0.28,-0.4445748053333334
-0.28,-0.4531168
-0.28,-0.4616587946666667
-0.28,-0.4702007893333334
-0.28,-0.47874278400000003
-0.28,-0.48728477866666675
-0.28,-0.49582677333333336
-0.28,-0.5043687680000001
-0.28,-0.5129107626666668
-0.28,-0.5214527573333333
-0.28,-0.529994752
-0.28,-0.5385367466666666
-0.28,-0.5470787413333333
-0.28,-0.5556207360000001
-0.28,-0.5641627306666667
-0.28,-0.5727047253333334
-0.28,-0.5812467200000001
-0.28,-0.5897887146666667
-0.28,-0.5983307093333334
-0.28,-0.606872704
-0.28,-0.6154146986666668
-0.28,-0.6239566933333335
-0.28,-0.632498688
-0.28,-0.6410406826666667
-0.28,-0.6495826773333333
-0.28,-0.658124672
-0.28,-0.6666666666666667
-0.2733333333333334,0.1688909964444445
-0.2733333333333334,0.16045102004938275
-0.2733333333333334,0.15201104365432103
-0.2733333333333334,0.1435710672592593
-0.2733333333333334,0.13513109086419756
-0.2733333333333334,0.12669111446913583
-0.2733333333333334,0.11825113807407411
-0.2733333333333334,0.10981116167901238
-0.2733333333333334,0.10137118528395064
-0.2733333333333334,0.09293120888888892
-0.2733333333333334,0.0844912324938272
-0.2733333333333334,0.07605125609876547
-0.2733333333333334,0.06761127970370373
-0.2733333333333334,0.059171303308641995
-0.2733333333333334,0.05073132691358026
-0.2733333333333334,0.04229135051851854
-0.2733333333333334,0.03385137412345682
-0.2733333333333334,0.02541139772839507
-0.2733333333333334,0.016971421333333347
-0.2733333333333334,0.008531444938271626
-0.2733333333333334,0.00009146854320987718
-0.2733333333333334,-0.008348507851851816
-0.2733333333333334,-0.016788484246913565
-0.2733333333333334,-0.025228460641975287
-0.2733333333333334,-0.033668437037037036
-0.2733333333333334,-0.04210841343209876
-0.2733333333333334,-0.050548389827160506
-0.2733333333333334,-0.05898836622222223
-0.2733333333333334,-0.06742834261728398
-0.2733333333333334,-0.0758683190123457
-0.2733333333333334,-0.08430829540740742
-0.2733333333333334,-0.09274827180246914
-0.2733333333333334,-0.10118824819753086
-0.2733333333333334,-0.10962822459259258
-0.2733333333333334,-0.1180682009876543
-0.2733333333333334,-0.12650817738271608
-0.2733333333333334,-0.1349481537777778
-0.2733333333333334,-0.14338813017283952
-0.2733333333333334,-0.15182810656790124
-0.2733333333333334,-0.16026808296296297
-0.2733333333333334,-0.16870805935802474
-0.2733333333333334,-0.17714803575308646
-0.2733333333333334,-0.18558801214814818
-0.2733333333333334,-0.19402798854320985
-0.2733333333333334,-0.20246796493827168
-0.2733333333333334,-0.21090794133333335
-0.2733333333333334,-0.21934791772839507
-0.2733333333333334,-0.2277878941234568
-0.2733333333333334,-0.2362278705185185
-0.2733333333333334,-0.2446678469135803
-0.2733333333333334,-0.253107823308642
-0.2733333333333334,-0.26154779970370373
-0.2733333333333334,-0.26998777609876545
-0.2733333333333334,-0.27842775249382723
-0.2733333333333334,-0.28686772888888895
-0.2733333333333334,-0.29530770528395067
-0.2733333333333334,-0.30374768167901234
-0.2733333333333334,-0.31218765807407417
-0.2733333333333334,-0.32062763446913584
-0.2733333333333334,-0.3290676108641976
-0.2733333333333334,-0.3375075872592593
-0.2733333333333334,-0.34594756365432106
-0.2733333333333334,-0.35438754004938283
-0.2733333333333334,-0.3628275164444445
-0.2733333333333334,-0.37126749283950616
-0.2733333333333334,-0.37970746923456794
-0.2733333333333334,-0.3881474456296297
-0.2733333333333334,-0.3965874220246914
-0.2733333333333334,-0.40502739841975316
-0.2733333333333334,-0.4134673748148148
-0.2733333333333334,-0.4219073512098766
-0.2733333333333334,-0.4303473276049384
-0.2733333333333334,-0.43878730400000004
-0.2733333333333334,-0.4472272803950618
-0.2733333333333334,-0.4556672567901235
-0.2733333333333334,-0.46410723318518526
-0.2733333333333334,-0.47254720958024704
-0.2733333333333334,-0.4809871859753087
-0.2733333333333334,-0.4894271623703705
-0.2733333333333334,-0.49786713876543215
-0.2733333333333334,-0.5063071151604939
-0.2733333333333334,-0.5147470915555556
-0.2733333333333334,-0.5231870679506174
-0.2733333333333334,-0.5316270443456792
-0.2733333333333334,-0.5400670207407408
-0.2733333333333334,-0.5485069971358025
-0.2733333333333334,-0.5569469735308643
-0.2733333333333334,-0.5653869499259259
-0.2733333333333334,-0.5738269263209879
-0.2733333333333334,-0.5822669027160496
-0.2733333333333334,-0.5907068791111112
-0.2733333333333334,-0.599146855506173
-0.2733333333333334,-0.6075868319012345
-0.2733333333333334,-0.6160268082962963
-0.2733333333333334,-0.6244667846913581
-0.2733333333333334,-0.6329067610864199
-0.2733333333333334,-0.6413467374814816
-0.2733333333333334,-0.6497867138765432
-0.2733333333333334,-0.658226690271605
-0.2733333333333334,-0.6666666666666667
-0.26666666666666666,0.15916444444444444
-0.26666666666666666,0.15082271604938272
-0.26666666666666666,0.142480987654321
-0.26666666666666666,0.13413925925925924
-0.26666666666666666,0.12579753086419754
-0.26666666666666666,0.1174558024691358
-0.26666666666666666,0.10911407407407406
-0.26666666666666666,0.10077234567901233
-0.26666666666666666,0.0924306172839506
-0.26666666666666666,0.08408888888888888
-0.26666666666666666,0.07574716049382715
-0.26666666666666666,0.06740543209876543
-0.26666666666666666,0.05906370370370369
-0.26666666666666666,0.05072197530864196
-0.26666666666666666,0.04238024691358022
-0.26666666666666666,0.034038518518518496
-0.26666666666666666,0.02569679012345677
-0.26666666666666666,0.017355061728395044
-0.26666666666666666,0.009013333333333318
-0.26666666666666666,0.0006716049382715916
-0.26666666666666666,-0.007670123456790162
-0.26666666666666666,-0.01601185185185186
-0.26666666666666666,-0.024353580246913614
-0.26666666666666666,-0.03269530864197531
-0.26666666666666666,-0.041037037037037066
-0.26666666666666666,-0.04937876543209879
-0.26666666666666666,-0.05772049382716052
-0.26666666666666666,-0.06606222222222224
-0.26666666666666666,-0.074403950617284
-0.26666666666666666,-0.08274567901234572
-0.26666666666666666,-0.09108740740740748
-0.26666666666666666,-0.09942913580246918
-0.26666666666666666,-0.10777086419753087
-0.26666666666666666,-0.11611259259259263
-0.26666666666666666,-0.12445432098765433
-0.26666666666666666,-0.13279604938271608
-0.26666666666666666,-0.14113777777777778
-0.26666666666666666,-0.14947950617283953
-0.26666666666666666,-0.1578212345679013
-0.26666666666666666,-0.16616296296296298
-0.26666666666666666,-0.17450469135802474
-0.26666666666666666,-0.1828464197530865
-0.26666666666666666,-0.1911881481481482
-0.26666666666666666,-0.1995298765432099
-0.26666666666666666,-0.2078716049382717
-0.26666666666666666,-0.2162133333333334
-0.26666666666666666,-0.2245550617283951
-0.26666666666666666,-0.2328967901234568
-0.26666666666666666,-0.24123851851851855
-0.26666666666666666,-0.2495802469135803
-0.26666666666666666,-0.257921975308642
-0.26666666666666666,-0.2662637037037038
-0.26666666666666666,-0.2746054320987654
-0.26666666666666666,-0.2829471604938272
-0.26666666666666666,-0.29128888888888893
-0.26666666666666666,-0.2996306172839507
-0.26666666666666666,-0.3079723456790123
-0.26666666666666666,-0.3163140740740742
-0.26666666666666666,-0.32465580246913583
-0.26666666666666666,-0.3329975308641976
-0.26666666666666666,-0.34133925925925923
-0.26666666666666666,-0.3496809876543211
-0.26666666666666666,-0.35802271604938274
-0.26666666666666666,-0.3663644444444445
-0.26666666666666666,-0.37470617283950614
-0.26666666666666666,-0.3830479012345679
-0.26666666666666666,-0.39138962962962964
-0.26666666666666666,-0.3997313580246914
-0.26666666666666666,-0.40807308641975315
-0.26666666666666666,-0.4164148148148148
-0.26666666666666666,-0.42475654320987655
-0.26666666666666666,-0.4330982716049383
-0.26666666666666666,-0.44144000000000005
-0.26666666666666666,-0.4497817283950617
-0.26666666666666666,-0.45812345679012345
-0.26666666666666666,-0.4664651851851852
-0.26666666666666666,-0.47480691358024707
-0.26666666666666666,-0.4831486419753087
-0.26666666666666666,-0.49149037037037047
-0.26666666666666666,-0.4998320987654321
-0.26666666666666666,-0.5081738271604939
-0.26666666666666666,-0.5165155555555556
-0.26666666666666666,-0.5248572839506173
-0.26666666666666666,-0.5331990123456791
-0.26666666666666666,-0.5415407407407408
-0.26666666666666666,-0.5498824691358025
-0.26666666666666666,-0.5582241975308643
-0.26666666666666666,-0.5665659259259259
-0.26666666666666666,-0.5749076543209877
-0.26666666666666666,-0.5832493827160495
-0.26666666666666666,-0.5915911111111112
-0.26666666666666666,-0.5999328395061729
-0.26666666666666666,-0.6082745679012346
-0.26666666666666666,-0.6166162962962963
-0.26666666666666666,-0.6249580246913581
-0.26666666666666666,-0.6332997530864197
-0.26666666666666666,-0.6416414814814816
-0.26666666666666666,-0.6499832098765432
-0.26666666666666666,-0.658324938271605
-0.26666666666666666,-0.6666666666666667
-0.26,0.14980164533333334
-0.26,0.14155449066666667
-0.26,0.13330733600000003
-0.26,0.12506018133333335
-0.26,0.11681302666666668
-0.26,0.10856587200000001
-0.26,0.10031871733333335
-0.26,0.09207156266666668
-0.26,0.08382440800000002
-0.26,0.07557725333333336
-0.26,0.06733009866666669
-0.26,0.05908294400000001
-0.26,0.05083578933333335
-0.26,0.04258863466666668
-0.26,0.03434148000000001
-0.26,0.026094325333333335
-0.26,0.017847170666666662
-0.26,0.009600016000000017
-0.26,0.001352861333333344
-0.26,-0.006894293333333301
-0.26,-0.015141448000000002
-0.26,-0.023388602666666647
-0.26,-0.03163575733333332
-0.26,-0.03988291199999999
-0.26,-0.048130066666666665
-0.26,-0.05637722133333331
-0.26,-0.06462437600000001
-0.26,-0.07287153066666666
-0.26,-0.08111868533333333
-0.26,-0.08936584
-0.26,-0.0976129946666667
-0.26,-0.10586014933333335
-0.26,-0.11410730399999999
-0.26,-0.1223544586666667
-0.26,-0.13060161333333334
-0.26,-0.13884876799999998
-0.26,-0.14709592266666663
-0.26,-0.15534307733333333
-0.26,-0.16359023199999997
-0.26,-0.17183738666666662
-0.26,-0.18008454133333338
-0.26,-0.18833169600000002
-0.26,-0.19657885066666667
-0.26,-0.2048260053333333
-0.26,-0.21307316
-0.26,-0.22132031466666666
-0.26,-0.22956746933333336
-0.26,-0.237814624
-0.26,-0.24606177866666665
-0.26,-0.2543089333333334
-0.26,-0.26255608799999997
-0.26,-0.27080324266666667
-0.26,-0.27905039733333326
-0.26,-0.28729755200000007
-0.26,-0.29554470666666666
-0.26,-0.30379186133333336
-0.26,-0.31203901599999995
-0.26,-0.32028617066666665
-0.26,-0.32853332533333335
-0.26,-0.33678048000000005
-0.26,-0.34502763466666664
-0.26,-0.35327478933333345
-0.26,-0.36152194400000004
-0.26,-0.36976909866666674
-0.26,-0.37801625333333333
-0.26,-0.38626340800000003
-0.26,-0.39451056266666673
-0.26,-0.40275771733333343
-0.26,-0.411004872
-0.26,-0.4192520266666667
-0.26,-0.4274991813333334
-0.26,-0.435746336
-0.26,-0.4439934906666667
-0.26,-0.4522406453333333
-0.26,-0.4604878
-0.26,-0.4687349546666667
-0.26,-0.4769821093333334
-0.26,-0.485229264
-0.26,-0.4934764186666667
-0.26,-0.5017235733333333
-0.26,-0.5099707280000001
-0.26,-0.5182178826666668
-0.26,-0.5264650373333334
-0.26,-0.5347121920000001
-0.26,-0.5429593466666667
-0.26,-0.5512065013333334
-0.26,-0.5594536560000001
-0.26,-0.5677008106666667
-0.26,-0.5759479653333334
-0.26,-0.5841951200000001
-0.26,-0.5924422746666667
-0.26,-0.6006894293333334
-0.26,-0.608936584
-0.26,-0.6171837386666668
-0.26,-0.6254308933333335
-0.26,-0.633678048
-0.26,-0.6419252026666667
-0.26,-0.6501723573333333
-0.26,-0.658419512
-0.26,-0.6666666666666667
-0.25333333333333335,0.1407933297777778
-0.25333333333333335,0.1326371681975309
-0.25333333333333335,0.12448100661728399
-0.25333333333333335,0.11632484503703708
-0.25333333333333335,0.10816868345679016
-0.25333333333333335,0.10001252187654325
-0.25333333333333335,0.09185636029629633
-0.25333333333333335,0.08370019871604942
-0.25333333333333335,0.0755440371358025
-0.25333333333333335,0.06738787555555559
-0.25333333333333335,0.05923171397530867
-0.25333333333333335,0.05107555239506176
-0.25333333333333335,0.04291939081481484
-0.25333333333333335,0.03476322923456793
-0.25333333333333335,0.026607067654321012
-0.25333333333333335,0.018450906074074097
-0.25333333333333335,0.010294744493827168
-0.25333333333333335,0.002138582913580267
-0.25333333333333335,-0.006017578666666662
-0.25333333333333335,-0.014173740246913563
-0.25333333333333335,-0.022329901827160492
-0.25333333333333335,-0.030486063407407393
-0.25333333333333335,-0.03864222498765432
-0.25333333333333335,-0.04679838656790122
-0.25333333333333335,-0.05495454814814815
-0.25333333333333335,-0.06311070972839505
-0.25333333333333335,-0.07126687130864198
-0.25333333333333335,-0.07942303288888888
-0.25333333333333335,-0.08757919446913581
-0.25333333333333335,-0.09573535604938271
-0.25333333333333335,-0.10389151762962964
-0.25333333333333335,-0.11204767920987654
-0.25333333333333335,-0.12020384079012345
-0.25333333333333335,-0.1283600023703704
-0.25333333333333335,-0.13651616395061725
-0.25333333333333335,-0.1446723255308642
-0.25333333333333335,-0.1528284871111111
-0.25333333333333335,-0.16098464869135806
-0.25333333333333335,-0.16914081027160496
-0.25333333333333335,-0.17729697185185186
-0.25333333333333335,-0.18545313343209882
-0.25333333333333335,-0.19360929501234572
-0.25333333333333335,-0.20176545659259262
-0.25333333333333335,-0.20992161817283952
-0.25333333333333335,-0.21807777975308648
-0.25333333333333335,-0.22623394133333338
-0.25333333333333335,-0.23439010291358028
-0.25333333333333335,-0.24254626449382719
-0.25333333333333335,-0.2507024260740741
-0.25333333333333335,-0.258858587654321
-0.25333333333333335,-0.2670147492345679
-0.25333333333333335,-0.2751709108148148
-0.25333333333333335,-0.2833270723950617
-0.25333333333333335,-0.29148323397530873
-0.25333333333333335,-0.29963939555555563
-0.25333333333333335,-0.30779555713580253
-0.25333333333333335,-0.31595171871604943
-0.25333333333333335,-0.32410788029629634
-0.25333333333333335,-0.33226404187654324
-0.25333333333333335,-0.34042020345679014
-0.25333333333333335,-0.34857636503703704
-0.25333333333333335,-0.35673252661728405
-0.25333333333333335,-0.36488868819753095
-0.25333333333333335,-0.37304484977777785
-0.25333333333333335,-0.38120101135802476
-0.25333333333333335,-0.38935717293827166
-0.25333333333333335,-0.39751333451851867
-0.25333333333333335,-0.40566949609876557
-0.25333333333333335,-0.41382565767901247
-0.25333333333333335,-0.42198181925925926
-0.25333333333333335,-0.4301379808395063
-0.25333333333333335,-0.4382941424197532
-0.25333333333333335,-0.4464503040000001
-0.25333333333333335,-0.454606465580247
-0.25333333333333335,-0.4627626271604939
-0.25333333333333335,-0.4709187887407409
-0.25333333333333335,-0.4790749503209878
-0.25333333333333335,-0.4872311119012347
-0.25333333333333335,-0.4953872734814816
-0.25333333333333335,-0.5035434350617285
-0.25333333333333335,-0.5116995966419754
-0.25333333333333335,-0.5198557582222224
-0.25333333333333335,-0.5280119198024692
-0.25333333333333335,-0.5361680813827162
-0.25333333333333335,-0.544324242962963
-0.25333333333333335,-0.55248040454321
-0.25333333333333335,-0.5606365661234569
-0.25333333333333335,-0.5687927277037038
-0.25333333333333335,-0.5769488892839507
-0.25333333333333335,-0.5851050508641977
-0.25333333333333335,-0.5932612124444445
-0.25333333333333335,-0.6014173740246915
-0.25333333333333335,-0.6095735356049383
-0.25333333333333335,-0.6177296971851853
-0.25333333333333335,-0.6258858587654322
-0.25333333333333335,-0.6340420203456791
-0.25333333333333335,-0.642198181925926
-0.25333333333333335,-0.6503543435061729
-0.25333333333333335,-0.6585105050864198
-0.25333333333333335,-0.6666666666666669
-0.24666666666666667,0.13213046311111112
-0.24666666666666667,0.1240618052345679
-0.24666666666666667,0.1159931473580247
-0.24666666666666667,0.10792448948148148
-0.24666666666666667,0.09985583160493827
-0.24666666666666667,0.09178717372839507
-0.24666666666666667,0.08371851585185186
-0.24666666666666667,0.07564985797530864
-0.24666666666666667,0.06758120009876543
-0.24666666666666667,0.05951254222222223
-0.24666666666666667,0.05144388434567901
-0.24666666666666667,0.0433752264691358
-0.24666666666666667,0.035306568592592597
-0.24666666666666667,0.027237910716049377
-0.24666666666666667,0.01916925283950617
-0.24666666666666667,0.01110059496296295
-0.24666666666666667,0.003031937086419745
-0.24666666666666667,-0.005036720790123461
-0.24666666666666667,-0.013105378666666695
-0.24666666666666667,-0.021174036543209873
-0.24666666666666667,-0.029242694419753107
-0.24666666666666667,-0.03731135229629631
-0.24666666666666667,-0.04538001017283952
-0.24666666666666667,-0.053448668049382725
-0.24666666666666667,-0.06151732592592596
-0.24666666666666667,-0.06958598380246914
-0.24666666666666667,-0.07765464167901237
-0.24666666666666667,-0.08572329955555558
-0.24666666666666667,-0.09379195743209881
-0.24666666666666667,-0.10186061530864199
-0.24666666666666667,-0.10992927318518522
-0.24666666666666667,-0.11799793106172843
-0.24666666666666667,-0.12606658893827163
-0.24666666666666667,-0.13413524681481484
-0.24666666666666667,-0.14220390469135805
-0.24666666666666667,-0.15027256256790125
-0.24666666666666667,-0.15834122044444446
-0.24666666666666667,-0.16640987832098772
-0.24666666666666667,-0.17447853619753087
-0.24666666666666667,-0.18254719407407408
-0.24666666666666667,-0.19061585195061734
-0.24666666666666667,-0.19868450982716054
-0.24666666666666667,-0.20675316770370375
-0.24666666666666667,-0.21482182558024696
-0.24666666666666667,-0.22289048345679022
-0.24666666666666667,-0.23095914133333337
-0.24666666666666667,-0.23902779920987657
-0.24666666666666667,-0.24709645708641978
-0.24666666666666667,-0.255165114962963
-0.24666666666666667,-0.2632337728395062
-0.24666666666666667,-0.2713024307160494
-0.24666666666666667,-0.27937108859259263
-0.24666666666666667,-0.28743974646913584
-0.24666666666666667,-0.29550840434567904
-0.24666666666666667,-0.30357706222222225
-0.24666666666666667,-0.31164572009876546
-0.24666666666666667,-0.31971437797530866
-0.24666666666666667,-0.327783035851852
-0.24666666666666667,-0.3358516937283951
-0.24666666666666667,-0.3439203516049383
-0.24666666666666667,-0.3519890094814815
-0.24666666666666667,-0.3600576673580248
-0.24666666666666667,-0.368126325234568
-0.24666666666666667,-0.3761949831111112
-0.24666666666666667,-0.3842636409876544
-0.24666666666666667,-0.3923322988641976
-0.24666666666666667,-0.40040095674074083
-0.24666666666666667,-0.40846961461728404
-0.24666666666666667,-0.41653827249382724
-0.24666666666666667,-0.42460693037037045
-0.24666666666666667,-0.43267558824691366
-0.24666666666666667,-0.44074424612345686
-0.24666666666666667,-0.44881290400000007
-0.24666666666666667,-0.4568815618765433
-0.24666666666666667,-0.4649502197530865
-0.24666666666666667,-0.4730188776296298
-0.24666666666666667,-0.481087535506173
-0.24666666666666667,-0.4891561933827161
-0.24666666666666667,-0.4972248512592594
-0.24666666666666667,-0.5052935091358025
-0.24666666666666667,-0.5133621670123458
-0.24666666666666667,-0.521430824888889
-0.24666666666666667,-0.5294994827654321
-0.24666666666666667,-0.5375681406419754
-0.24666666666666667,-0.5456367985185185
-0.24666666666666667,-0.5537054563950619
-0.24666666666666667,-0.5617741142716051
-0.24666666666666667,-0.5698427721481483
-0.24666666666666667,-0.5779114300246915
-0.24666666666666667,-0.5859800879012348
-0.24666666666666667,-0.5940487457777779
-0.24666666666666667,-0.6021174036543211
-0.24666666666666667,-0.6101860615308643
-0.24666666666666667,-0.6182547194074075
-0.24666666666666667,-0.6263233772839508
-0.24666666666666667,-0.6343920351604939
-0.24666666666666667,-0.6424606930370371
-0.24666666666666667,-0.6505293509135803
-0.24666666666666667,-0.6585980087901235
-0.24666666666666667,-0.6666666666666669
-0.24000000000000002,0.12380424533333337
-0.24000000000000002,0.1158196906666667
-0.24000000000000002,0.10783513600000004
-0.24000000000000002,0.09985058133333337
-0.24000000000000002,0.0918660266666667
-0.24000000000000002,0.08388147200000004
-0.24000000000000002,0.07589691733333337
-0.24000000000000002,0.0679123626666667
-0.24000000000000002,0.05992780800000003
-0.24000000000000002,0.051943253333333356
-0.24000000000000002,0.0439586986666667
-0.24000000000000002,0.03597414400000003
-0.24000000000000002,0.027989589333333356
-0.24000000000000002,0.020005034666666685
-0.24000000000000002,0.012020480000000014
-0.24000000000000002,0.004035925333333357
-0.24000000000000002,-0.0039486293333333145
-0.24000000000000002,-0.011933183999999986
-0.24000000000000002,-0.019917738666666657
-0.24000000000000002,-0.027902293333333328
-0.24000000000000002,-0.035886848
-0.24000000000000002,-0.04387140266666664
-0.24000000000000002,-0.05185595733333334
-0.24000000000000002,-0.059840511999999985
-0.24000000000000002,-0.06782506666666668
-0.24000000000000002,-0.07580962133333333
-0.24000000000000002,-0.08379417600000003
-0.24000000000000002,-0.09177873066666667
-0.24000000000000002,-0.09976328533333337
-0.24000000000000002,-0.10774784000000001
-0.24000000000000002,-0.11573239466666668
-0.24000000000000002,-0.12371694933333333
-0.24000000000000002,-0.13170150400000002
-0.24000000000000002,-0.13968605866666667
-0.24000000000000002,-0.1476706133333333
-0.24000000000000002,-0.155655168
-0.24000000000000002,-0.16363972266666665
-0.24000000000000002,-0.17162427733333335
-0.24000000000000002,-0.179608832
-0.24000000000000002,-0.1875933866666667
-0.24000000000000002,-0.1955779413333334
-0.24000000000000002,-0.20356249600000004
-0.24000000000000002,-0.21154705066666668
-0.24000000000000002,-0.21953160533333332
-0.24000000000000002,-0.22751616000000008
-0.24000000000000002,-0.23550071466666672
-0.24000000000000002,-0.24348526933333337
-0.24000000000000002,-0.251469824
-0.24000000000000002,-0.25945437866666665
-0.24000000000000002,-0.2674389333333334
-0.24000000000000002,-0.27542348800000005
-0.24000000000000002,-0.2834080426666667
-0.24000000000000002,-0.29139259733333334
-0.24000000000000002,-0.2993771520000001
-0.24000000000000002,-0.30736170666666673
-0.24000000000000002,-0.3153462613333334
-0.24000000000000002,-0.323330816
-0.24000000000000002,-0.3313153706666668
-0.24000000000000002,-0.3392999253333334
-0.24000000000000002,-0.34728448000000006
-0.24000000000000002,-0.3552690346666667
-0.24000000000000002,-0.3632535893333334
-0.24000000000000002,-0.3712381440000001
-0.24000000000000002,-0.3792226986666667
-0.24000000000000002,-0.3872072533333334
-0.24000000000000002,-0.3951918080000001
-0.24000000000000002,-0.4031763626666668
-0.24000000000000002,-0.4111609173333334
-0.24000000000000002,-0.4191454720000001
-0.24000000000000002,-0.42713002666666666
-0.24000000000000002,-0.43511458133333347
-0.24000000000000002,-0.44309913600000006
-0.24000000000000002,-0.45108369066666676
-0.24000000000000002,-0.45906824533333335
-0.24000000000000002,-0.46705280000000005
-0.24000000000000002,-0.47503735466666674
-0.24000000000000002,-0.48302190933333344
-0.24000000000000002,-0.49100646400000003
-0.24000000000000002,-0.49899101866666684
-0.24000000000000002,-0.5069755733333334
-0.24000000000000002,-0.5149601280000001
-0.24000000000000002,-0.5229446826666668
-0.24000000000000002,-0.5309292373333334
-0.24000000000000002,-0.5389137920000001
-0.24000000000000002,-0.5468983466666667
-0.24000000000000002,-0.5548829013333334
-0.24000000000000002,-0.5628674560000001
-0.24000000000000002,-0.5708520106666667
-0.24000000000000002,-0.5788365653333335
-0.24000000000000002,-0.5868211200000002
-0.24000000000000002,-0.5948056746666668
-0.24000000000000002,-0.6027902293333335
-0.24000000000000002,-0.6107747840000001
-0.24000000000000002,-0.6187593386666668
-0.24000000000000002,-0.6267438933333335
-0.24000000000000002,-0.6347284480000001
-0.24000000000000002,-0.6427130026666668
-0.24000000000000002,-0.6506975573333333
-0.24000000000000002,-0.6586821120000002
-0.24000000000000002,-0.6666666666666669
-0.23333333333333334,0.11580611111111112
-0.23333333333333334,0.10790234567901236
-0.23333333333333334,0.09999858024691359
-0.23333333333333334,0.09209481481481482
-0.23333333333333334,0.08419104938271607
-0.23333333333333334,0.07628728395061729
-0.23333333333333334,0.06838351851851854
-0.23333333333333334,0.06047975308641976
-0.23333333333333334,0.05257598765432099
-0.23333333333333334,0.04467222222222224
-0.23333333333333334,0.03676845679012347
-0.23333333333333334,0.028864691358024705
-0.23333333333333334,0.02096092592592594
-0.23333333333333334,0.013057160493827172
-0.23333333333333334,0.005153395061728405
-0.23333333333333334,-0.0027503703703703752
-0.23333333333333334,-0.010654135802469128
-0.23333333333333334,-0.01855790123456791
-0.23333333333333334,-0.02646166666666666
-0.23333333333333334,-0.034365432098765414
-0.23333333333333334,-0.042269197530864194
-0.23333333333333334,-0.05017296296296295
-0.23333333333333334,-0.05807672839506173
-0.23333333333333334,-0.06598049382716048
-0.23333333333333334,-0.07388425925925926
-0.23333333333333334,-0.08178802469135801
-0.23333333333333334,-0.0896917901234568
-0.23333333333333334,-0.09759555555555555
-0.23333333333333334,-0.10549932098765433
-0.23333333333333334,-0.11340308641975308
-0.23333333333333334,-0.12130685185185186
-0.23333333333333334,-0.12921061728395064
-0.23333333333333334,-0.1371143827160494
-0.23333333333333334,-0.14501814814814815
-0.23333333333333334,-0.1529219135802469
-0.23333333333333334,-0.1608256790123457
-0.23333333333333334,-0.16872944444444446
-0.23333333333333334,-0.1766332098765432
-0.23333333333333334,-0.18453697530864197
-0.23333333333333334,-0.19244074074074072
-0.23333333333333334,-0.20034450617283953
-0.23333333333333334,-0.20824827160493828
-0.23333333333333334,-0.21615203703703703
-0.23333333333333334,-0.22405580246913578
-0.23333333333333334,-0.2319595679012346
-0.23333333333333334,-0.23986333333333335
-0.23333333333333334,-0.2477670987654321
-0.23333333333333334,-0.2556708641975308
-0.23333333333333334,-0.26357462962962963
-0.23333333333333334,-0.27147839506172844
-0.23333333333333334,-0.27938216049382714
-0.23333333333333334,-0.28728592592592594
-0.23333333333333334,-0.29518969135802464
-0.23333333333333334,-0.30309345679012345
-0.23333333333333334,-0.31099722222222226
-0.23333333333333334,-0.31890098765432096
-0.23333333333333334,-0.32680475308641976
-0.23333333333333334,-0.33470851851851857
-0.23333333333333334,-0.34261228395061727
-0.23333333333333334,-0.3505160493827161
-0.23333333333333334,-0.3584198148148148
-0.23333333333333334,-0.3663235802469136
-0.23333333333333334,-0.3742273456790124
-0.23333333333333334,-0.3821311111111112
-0.23333333333333334,-0.3900348765432099
-0.23333333333333334,-0.3979386419753087
-0.23333333333333334,-0.4058424074074075
-0.23333333333333334,-0.4137461728395062
-0.23333333333333334,-0.421649938271605
-0.23333333333333334,-0.4295537037037037
-0.23333333333333334,-0.4374574691358025
-0.23333333333333334,-0.44536123456790133
-0.23333333333333334,-0.45326500000000003
-0.23333333333333334,-0.46116876543209884
-0.23333333333333334,-0.46907253086419753
-0.23333333333333334,-0.47697629629629634
-0.23333333333333334,-0.48488006172839515
-0.23333333333333334,-0.49278382716049385
-0.23333333333333334,-0.5006875925925927
-0.23333333333333334,-0.5085913580246914
-0.23333333333333334,-0.5164951234567902
-0.23333333333333334,-0.524398888888889
-0.23333333333333334,-0.5323026543209877
-0.23333333333333334,-0.5402064197530865
-0.23333333333333334,-0.5481101851851852
-0.23333333333333334,-0.556013950617284
-0.23333333333333334,-0.5639177160493828
-0.23333333333333334,-0.5718214814814815
-0.23333333333333334,-0.5797252469135803
-0.23333333333333334,-0.5876290123456791
-0.23333333333333334,-0.5955327777777778
-0.23333333333333334,-0.6034365432098766
-0.23333333333333334,-0.6113403086419753
-0.23333333333333334,-0.6192440740740741
-0.23333333333333334,-0.6271478395061729
-0.23333333333333334,-0.6350516049382716
-0.23333333333333334,-0.6429553703703704
-0.23333333333333334,-0.6508591358024691
-0.23333333333333334,-0.6587629012345679
-0.23333333333333334,-0.6666666666666667
-0.22666666666666668,0.10812772977777779
-0.22666666666666668,0.10030152375308643
-0.22666666666666668,0.09247531772839508
-0.22666666666666668,0.08464911170370372
-0.22666666666666668,0.07682290567901237
-0.22666666666666668,0.06899669965432101
-0.22666666666666668,0.06117049362962964
-0.22666666666666668,0.053344287604938284
-0.22666666666666668,0.04551808158024692
-0.22666666666666668,0.03769187555555557
-0.22666666666666668,0.02986566953086421
-0.22666666666666668,0.02203946350617285
-0.22666666666666668,0.014213257481481487
-0.22666666666666668,0.006387051456790124
-0.22666666666666668,-0.001439154567901224
-0.22666666666666668,-0.009265360592592586
-0.22666666666666668,-0.01709156661728395
-0.22666666666666668,-0.02491777264197531
-0.22666666666666668,-0.03274397866666667
-0.22666666666666668,-0.04057018469135801
-0.22666666666666668,-0.0483963907160494
-0.22666666666666668,-0.05622259674074073
-0.22666666666666668,-0.06404880276543212
-0.22666666666666668,-0.07187500879012346
-0.22666666666666668,-0.07970121481481482
-0.22666666666666668,-0.08752742083950618
-0.22666666666666668,-0.09535362686419754
-0.22666666666666668,-0.1031798328888889
-0.22666666666666668,-0.11100603891358027
-0.22666666666666668,-0.1188322449382716
-0.22666666666666668,-0.126658450962963
-0.22666666666666668,-0.13448465698765433
-0.22666666666666668,-0.1423108630123457
-0.22666666666666668,-0.15013706903703705
-0.22666666666666668,-0.15796327506172841
-0.22666666666666668,-0.16578948108641978
-0.22666666666666668,-0.17361568711111114
-0.22666666666666668,-0.1814418931358025
-0.22666666666666668,-0.18926809916049386
-0.22666666666666668,-0.19709430518518517
-0.22666666666666668,-0.2049205112098766
-0.22666666666666668,-0.21274671723456795
-0.22666666666666668,-0.22057292325925926
-0.22666666666666668,-0.22839912928395062
-0.22666666666666668,-0.23622533530864204
-0.22666666666666668,-0.2440515413333334
-0.22666666666666668,-0.2518777473580247
-0.22666666666666668,-0.25970395338271607
-0.22666666666666668,-0.26753015940740743
-0.22666666666666668,-0.2753563654320988
-0.22666666666666668,-0.28318257145679016
-0.22666666666666668,-0.2910087774814815
-0.22666666666666668,-0.2988349835061728
-0.22666666666666668,-0.30666118953086424
-0.22666666666666668,-0.3144873955555556
-0.22666666666666668,-0.32231360158024697
-0.22666666666666668,-0.3301398076049383
-0.22666666666666668,-0.3379660136296297
-0.22666666666666668,-0.34579221965432105
-0.22666666666666668,-0.35361842567901236
-0.22666666666666668,-0.3614446317037037
-0.22666666666666668,-0.36927083772839514
-0.22666666666666668,-0.3770970437530865
-0.22666666666666668,-0.3849232497777778
-0.22666666666666668,-0.3927494558024691
-0.22666666666666668,-0.40057566182716053
-0.22666666666666668,-0.40840186785185195
-0.22666666666666668,-0.41622807387654326
-0.22666666666666668,-0.42405427990123457
-0.22666666666666668,-0.431880485925926
-0.22666666666666668,-0.4397066919506174
-0.22666666666666668,-0.4475328979753087
-0.22666666666666668,-0.455359104
-0.22666666666666668,-0.46318531002469143
-0.22666666666666668,-0.47101151604938274
-0.22666666666666668,-0.47883772207407416
-0.22666666666666668,-0.4866639280987656
-0.22666666666666668,-0.4944901341234569
-0.22666666666666668,-0.5023163401481483
-0.22666666666666668,-0.5101425461728395
-0.22666666666666668,-0.5179687521975309
-0.22666666666666668,-0.5257949582222223
-0.22666666666666668,-0.5336211642469136
-0.22666666666666668,-0.541447370271605
-0.22666666666666668,-0.5492735762962964
-0.22666666666666668,-0.5570997823209877
-0.22666666666666668,-0.5649259883456791
-0.22666666666666668,-0.5727521943703704
-0.22666666666666668,-0.5805784003950618
-0.22666666666666668,-0.5884046064197532
-0.22666666666666668,-0.5962308124444445
-0.22666666666666668,-0.604057018469136
-0.22666666666666668,-0.6118832244938271
-0.22666666666666668,-0.6197094305185186
-0.22666666666666668,-0.62753563654321
-0.22666666666666668,-0.6353618425679013
-0.22666666666666668,-0.6431880485925927
-0.22666666666666668,-0.651014254617284
-0.22666666666666668,-0.6588404606419754
-0.22666666666666668,-0.6666666666666667
-0.22,0.10076100533333332
-0.22,0.09300921066666666
-0.22,0.08525741599999999
-0.22,0.07750562133333333
-0.22,0.06975382666666666
-0.22,0.06200203199999999
-0.22,0.05425023733333332
-0.22,0.04649844266666665
-0.22,0.03874664799999998
-0.22,0.030994853333333322
-0.22,0.02324305866666665
-0.22,0.01549126399999999
-0.22,0.007739469333333318
-0.22,-0.000012325333333354505
-0.22,-0.007764120000000013
-0.22,-0.015515914666666686
-0.22,-0.02326770933333336
-0.22,-0.03101950400000003
-0.22,-0.038771298666666704
-0.22,-0.04652309333333335
-0.22,-0.05427488800000002
-0.22,-0.062026682666666694
-0.22,-0.06977847733333337
-0.22,-0.07753027200000001
-0.22,-0.08528206666666671
-0.22,-0.09303386133333336
-0.22,-0.10078565600000003
-0.22,-0.1085374506666667
-0.22,-0.11628924533333337
-0.22,-0.12404104000000002
-0.22,-0.13179283466666672
-0.22,-0.13954462933333336
-0.22,-0.147296424
-0.22,-0.1550482186666667
-0.22,-0.16280001333333335
-0.22,-0.17055180800000005
-0.22,-0.1783036026666667
-0.22,-0.1860553973333334
-0.22,-0.19380719200000004
-0.22,-0.2015589866666667
-0.22,-0.2093107813333334
-0.22,-0.21706257600000003
-0.22,-0.22481437066666668
-0.22,-0.23256616533333338
-0.22,-0.24031796000000008
-0.22,-0.24806975466666673
-0.22,-0.25582154933333334
-0.22,-0.263573344
-0.22,-0.27132513866666663
-0.22,-0.2790769333333334
-0.22,-0.28682872800000003
-0.22,-0.2945805226666667
-0.22,-0.3023323173333333
-0.22,-0.3100841120000001
-0.22,-0.3178359066666667
-0.22,-0.32558770133333337
-0.22,-0.333339496
-0.22,-0.34109129066666677
-0.22,-0.3488430853333334
-0.22,-0.35659488000000006
-0.22,-0.3643466746666667
-0.22,-0.37209846933333346
-0.22,-0.3798502640000001
-0.22,-0.38760205866666675
-0.22,-0.3953538533333334
-0.22,-0.40310564800000004
-0.22,-0.4108574426666668
-0.22,-0.41860923733333344
-0.22,-0.4263610320000001
-0.22,-0.43411282666666673
-0.22,-0.4418646213333335
-0.22,-0.44961641600000013
-0.22,-0.4573682106666668
-0.22,-0.4651200053333334
-0.22,-0.47287180000000006
-0.22,-0.4806235946666668
-0.22,-0.48837538933333347
-0.22,-0.4961271840000001
-0.22,-0.5038789786666668
-0.22,-0.5116307733333334
-0.22,-0.5193825680000002
-0.22,-0.5271343626666668
-0.22,-0.5348861573333334
-0.22,-0.5426379520000001
-0.22,-0.5503897466666667
-0.22,-0.5581415413333334
-0.22,-0.5658933360000001
-0.22,-0.5736451306666668
-0.22,-0.5813969253333334
-0.22,-0.5891487200000002
-0.22,-0.5969005146666667
-0.22,-0.6046523093333335
-0.22,-0.6124041040000001
-0.22,-0.6201558986666668
-0.22,-0.6279076933333335
-0.22,-0.635659488
-0.22,-0.6434112826666668
-0.22,-0.6511630773333333
-0.22,-0.6589148720000001
-0.22,-0.6666666666666669
-0.21333333333333335,0.09369807644444447
-0.21333333333333335,0.08601762449382719
-0.21333333333333335,0.0783371725432099
-0.21333333333333335,0.07065672059259262
-0.21333333333333335,0.06297626864197534
-0.21333333333333335,0.05529581669135805
-0.21333333333333335,0.04761536474074077
-0.21333333333333335,0.03993491279012348
-0.21333333333333335,0.0322544608395062
-0.21333333333333335,0.024574008888888915
-0.21333333333333335,0.01689355693827163
-0.21333333333333335,0.009213104987654347
-0.21333333333333335,0.0015326530370370628
-0.21333333333333335,-0.006147798913580221
-0.21333333333333335,-0.013828250864197505
-0.21333333333333335,-0.021508702814814804
-0.21333333333333335,-0.029189154765432074
-0.21333333333333335,-0.03686960671604936
-0.21333333333333335,-0.04455005866666664
-0.21333333333333335,-0.052230510617283926
-0.21333333333333335,-0.05991096256790124
-0.21333333333333335,-0.0675914145185185
-0.21333333333333335,-0.0752718664691358
-0.21333333333333335,-0.08295231841975306
-0.21333333333333335,-0.09063277037037037
-0.21333333333333335,-0.09831322232098763
-0.21333333333333335,-0.10599367427160494
-0.21333333333333335,-0.1136741262222222
-0.21333333333333335,-0.12135457817283951
-0.21333333333333335,-0.12903503012345677
-0.21333333333333335,-0.13671548207407408
-0.21333333333333335,-0.14439593402469136
-0.21333333333333335,-0.15207638597530862
-0.21333333333333335,-0.1597568379259259
-0.21333333333333335,-0.1674372898765432
-0.21333333333333335,-0.17511774182716047
-0.21333333333333335,-0.18279819377777776
-0.21333333333333335,-0.19047864572839504
-0.21333333333333335,-0.19815909767901232
-0.21333333333333335,-0.2058395496296296
-0.21333333333333335,-0.21352000158024695
-0.21333333333333335,-0.22120045353086423
-0.21333333333333335,-0.22888090548148146
-0.21333333333333335,-0.23656135743209875
-0.21333333333333335,-0.24424180938271609
-0.21333333333333335,-0.2519222613333334
-0.21333333333333335,-0.25960271328395057
-0.21333333333333335,-0.26728316523456785
-0.21333333333333335,-0.27496361718518514
-0.21333333333333335,-0.28264406913580253
-0.21333333333333335,-0.2903245210864198
-0.21333333333333335,-0.298004973037037
-0.21333333333333335,-0.3056854249876543
-0.21333333333333335,-0.31336587693827167
-0.21333333333333335,-0.32104632888888895
-0.21333333333333335,-0.3287267808395061
-0.21333333333333335,-0.3364072327901234
-0.21333333333333335,-0.3440876847407408
-0.21333333333333335,-0.3517681366913581
-0.21333333333333335,-0.35944858864197526
-0.21333333333333335,-0.36712904059259255
-0.21333333333333335,-0.37480949254320994
-0.21333333333333335,-0.3824899444938272
-0.21333333333333335,-0.3901703964444445
-0.21333333333333335,-0.3978508483950617
-0.21333333333333335,-0.40553130034567897
-0.21333333333333335,-0.41321175229629625
-0.21333333333333335,-0.42089220424691354
-0.21333333333333335,-0.4285726561975308
-0.21333333333333335,-0.4362531081481481
-0.21333333333333335,-0.4439335600987655
-0.21333333333333335,-0.4516140120493827
-0.21333333333333335,-0.45929446399999996
-0.21333333333333335,-0.46697491595061724
-0.21333333333333335,-0.4746553679012345
-0.21333333333333335,-0.4823358198518518
-0.21333333333333335,-0.4900162718024692
-0.21333333333333335,-0.4976967237530864
-0.21333333333333335,-0.5053771757037038
-0.21333333333333335,-0.513057627654321
-0.21333333333333335,-0.5207380796049382
-0.21333333333333335,-0.5284185315555556
-0.21333333333333335,-0.5360989835061728
-0.21333333333333335,-0.5437794354567902
-0.21333333333333335,-0.5514598874074074
-0.21333333333333335,-0.5591403393580247
-0.21333333333333335,-0.566820791308642
-0.21333333333333335,-0.5745012432592592
-0.21333333333333335,-0.5821816952098765
-0.21333333333333335,-0.5898621471604939
-0.21333333333333335,-0.5975425991111111
-0.21333333333333335,-0.6052230510617285
-0.21333333333333335,-0.6129035030123456
-0.21333333333333335,-0.6205839549629629
-0.21333333333333335,-0.6282644069135803
-0.21333333333333335,-0.6359448588641975
-0.21333333333333335,-0.6436253108148149
-0.21333333333333335,-0.6513057627654321
-0.21333333333333335,-0.6589862147160493
-0.21333333333333335,-0.6666666666666667
-0.2066666666666667,0.08693131644444448
-0.2066666666666667,0.07931921560493829
-0.2066666666666667,0.07170711476543212
-0.2066666666666667,0.06409501392592595
-0.2066666666666667,0.056482913086419784
-0.2066666666666667,0.04887081224691361
-0.2066666666666667,0.04125871140740743
-0.2066666666666667,0.03364661056790126
-0.2066666666666667,0.026034509728395078
-0.2066666666666667,0.018422408888888922
-0.2066666666666667,0.010810308049382739
-0.2066666666666667,0.003198207209876569
-0.2066666666666667,-0.0044138936296296005
-0.2066666666666667,-0.012025994469135784
-0.2066666666666667,-0.019638095308641954
-0.2066666666666667,-0.027250196148148123
-0.2066666666666667,-0.03486229698765429
-0.2066666666666667,-0.04247439782716049
-0.2066666666666667,-0.05008649866666666
-0.2066666666666667,-0.0576985995061728
-0.2066666666666667,-0.065310700345679
-0.2066666666666667,-0.07292280118518517
-0.2066666666666667,-0.08053490202469134
-0.2066666666666667,-0.08814700286419751
-0.2066666666666667,-0.0957591037037037
-0.2066666666666667,-0.10337120454320985
-0.2066666666666667,-0.11098330538271604
-0.2066666666666667,-0.11859540622222221
-0.2066666666666667,-0.1262075070617284
-0.2066666666666667,-0.13381960790123454
-0.2066666666666667,-0.14143170874074074
-0.2066666666666667,-0.14904380958024688
-0.2066666666666667,-0.15665591041975307
-0.2066666666666667,-0.16426801125925922
-0.2066666666666667,-0.17188011209876541
-0.2066666666666667,-0.1794922129382716
-0.2066666666666667,-0.18710431377777775
-0.2066666666666667,-0.19471641461728395
-0.2066666666666667,-0.2023285154567901
-0.2066666666666667,-0.20994061629629623
-0.2066666666666667,-0.2175527171358025
-0.2066666666666667,-0.22516481797530863
-0.2066666666666667,-0.23277691881481477
-0.2066666666666667,-0.24038901965432097
-0.2066666666666667,-0.24800112049382717
-0.2066666666666667,-0.2556132213333333
-0.2066666666666667,-0.2632253221728395
-0.2066666666666667,-0.27083742301234565
-0.2066666666666667,-0.2784495238518518
-0.2066666666666667,-0.28606162469135804
-0.2066666666666667,-0.2936737255308642
-0.2066666666666667,-0.3012858263703703
-0.2066666666666667,-0.3088979272098765
-0.2066666666666667,-0.3165100280493827
-0.2066666666666667,-0.32412212888888886
-0.2066666666666667,-0.33173422972839506
-0.2066666666666667,-0.3393463305679012
-0.2066666666666667,-0.3469584314074074
-0.2066666666666667,-0.3545705322469136
-0.2066666666666667,-0.36218263308641974
-0.2066666666666667,-0.3697947339259259
-0.2066666666666667,-0.37740683476543213
-0.2066666666666667,-0.3850189356049383
-0.2066666666666667,-0.3926310364444444
-0.2066666666666667,-0.4002431372839506
-0.2066666666666667,-0.4078552381234568
-0.2066666666666667,-0.41546733896296295
-0.2066666666666667,-0.4230794398024691
-0.2066666666666667,-0.43069154064197535
-0.2066666666666667,-0.4383036414814815
-0.2066666666666667,-0.44591574232098763
-0.2066666666666667,-0.4535278431604939
-0.2066666666666667,-0.461139944
-0.2066666666666667,-0.46875204483950617
-0.2066666666666667,-0.4763641456790123
-0.2066666666666667,-0.48397624651851856
-0.2066666666666667,-0.4915883473580247
-0.2066666666666667,-0.49920044819753084
-0.2066666666666667,-0.5068125490370371
-0.2066666666666667,-0.5144246498765431
-0.2066666666666667,-0.5220367507160494
-0.2066666666666667,-0.5296488515555556
-0.2066666666666667,-0.5372609523950617
-0.2066666666666667,-0.5448730532345679
-0.2066666666666667,-0.5524851540740741
-0.2066666666666667,-0.5600972549135802
-0.2066666666666667,-0.5677093557530865
-0.2066666666666667,-0.5753214565925926
-0.2066666666666667,-0.5829335574320987
-0.2066666666666667,-0.590545658271605
-0.2066666666666667,-0.5981577591111111
-0.2066666666666667,-0.6057698599506173
-0.2066666666666667,-0.6133819607901234
-0.2066666666666667,-0.6209940616296297
-0.2066666666666667,-0.6286061624691358
-0.2066666666666667,-0.636218263308642
-0.2066666666666667,-0.6438303641481482
-0.2066666666666667,-0.6514424649876542
-0.2066666666666667,-0.6590545658271605
-0.2066666666666667,-0.6666666666666667
-0.2,0.08045333333333335
-0.2,0.07290666666666669
-0.2,0.06536000000000002
-0.2,0.057813333333333355
-0.2,0.05026666666666669
-0.2,0.042720000000000015
-0.2,0.03517333333333335
-0.2,0.02762666666666668
-0.2,0.020080000000000015
-0.2,0.012533333333333355
-0.2,0.004986666666666681
-0.2,-0.002559999999999993
-0.2,-0.010106666666666653
-0.2,-0.017653333333333326
-0.2,-0.0252
-0.2,-0.03274666666666666
-0.2,-0.04029333333333332
-0.2,-0.047839999999999994
-0.2,-0.05538666666666667
-0.2,-0.06293333333333331
-0.2,-0.07048000000000001
-0.2,-0.07802666666666666
-0.2,-0.08557333333333333
-0.2,-0.09312000000000001
-0.2,-0.10066666666666668
-0.2,-0.10821333333333333
-0.2,-0.11576000000000003
-0.2,-0.12330666666666668
-0.2,-0.13085333333333335
-0.2,-0.13840000000000002
-0.2,-0.1459466666666667
-0.2,-0.15349333333333334
-0.2,-0.16104000000000002
-0.2,-0.16858666666666666
-0.2,-0.17613333333333336
-0.2,-0.18368
-0.2,-0.19122666666666666
-0.2,-0.19877333333333336
-0.2,-0.20632
-0.2,-0.21386666666666665
-0.2,-0.2214133333333334
-0.2,-0.22896000000000005
-0.2,-0.2365066666666667
-0.2,-0.24405333333333334
-0.2,-0.25160000000000005
-0.2,-0.2591466666666667
-0.2,-0.2666933333333334
-0.2,-0.27424000000000004
-0.2,-0.2817866666666667
-0.2,-0.2893333333333334
-0.2,-0.29688000000000003
-0.2,-0.3044266666666667
-0.2,-0.3119733333333333
-0.2,-0.3195200000000001
-0.2,-0.3270666666666667
-0.2,-0.3346133333333334
-0.2,-0.34216
-0.2,-0.3497066666666667
-0.2,-0.3572533333333334
-0.2,-0.36480000000000007
-0.2,-0.3723466666666667
-0.2,-0.3798933333333334
-0.2,-0.38744000000000006
-0.2,-0.3949866666666667
-0.2,-0.40253333333333335
-0.2,-0.41008000000000006
-0.2,-0.41762666666666676
-0.2,-0.42517333333333335
-0.2,-0.43272000000000005
-0.2,-0.44026666666666675
-0.2,-0.44781333333333345
-0.2,-0.45536000000000004
-0.2,-0.46290666666666674
-0.2,-0.47045333333333333
-0.2,-0.47800000000000004
-0.2,-0.48554666666666674
-0.2,-0.49309333333333344
-0.2,-0.50064
-0.2,-0.5081866666666668
-0.2,-0.5157333333333334
-0.2,-0.5232800000000002
-0.2,-0.5308266666666668
-0.2,-0.5383733333333334
-0.2,-0.5459200000000002
-0.2,-0.5534666666666668
-0.2,-0.5610133333333334
-0.2,-0.5685600000000002
-0.2,-0.5761066666666668
-0.2,-0.5836533333333334
-0.2,-0.5912000000000002
-0.2,-0.5987466666666668
-0.2,-0.6062933333333334
-0.2,-0.6138399999999999
-0.2,-0.6213866666666668
-0.2,-0.6289333333333336
-0.2,-0.6364800000000002
-0.2,-0.6440266666666667
-0.2,-0.6515733333333333
-0.2,-0.6591200000000002
-0.2,-0.6666666666666667
-0.19333333333333336,0.07425696977777779
-0.19333333333333336,0.06677289264197532
-0.19333333333333336,0.059288815506172855
-0.19333333333333336,0.05180473837037038
-0.19333333333333336,0.04432066123456792
-0.19333333333333336,0.036836584098765446
-0.19333333333333336,0.029352506962962974
-0.19333333333333336,0.0218684298271605
-0.19333333333333336,0.01438435269135803
-0.19333333333333336,0.006900275555555571
-0.19333333333333336,-0.000583801580246901
-0.19333333333333336,-0.008067878716049373
-0.19333333333333336,-0.015551955851851845
-0.19333333333333336,-0.023036032987654317
-0.19333333333333336,-0.03052011012345679
-0.19333333333333336,-0.03800418725925926
-0.19333333333333336,-0.04548826439506175
-0.19333333333333336,-0.052972341530864206
-0.19333333333333336,-0.06045641866666669
-0.19333333333333336,-0.06794049580246912
-0.19333333333333336,-0.07542457293827161
-0.19333333333333336,-0.08290865007407407
-0.19333333333333336,-0.09039272720987655
-0.19333333333333336,-0.09787680434567901
-0.19333333333333336,-0.1053608814814815
-0.19333333333333336,-0.11284495861728396
-0.19333333333333336,-0.12032903575308644
-0.19333333333333336,-0.1278131128888889
-0.19333333333333336,-0.13529719002469137
-0.19333333333333336,-0.14278126716049383
-0.19333333333333336,-0.15026534429629634
-0.19333333333333336,-0.1577494214320988
-0.19333333333333336,-0.16523349856790126
-0.19333333333333336,-0.17271757570370377
-0.19333333333333336,-0.18020165283950623
-0.19333333333333336,-0.1876857299753087
-0.19333333333333336,-0.19516980711111115
-0.19333333333333336,-0.20265388424691366
-0.19333333333333336,-0.21013796138271607
-0.19333333333333336,-0.21762203851851852
-0.19333333333333336,-0.2251061156543211
-0.19333333333333336,-0.2325901927901235
-0.19333333333333336,-0.24007426992592595
-0.19333333333333336,-0.2475583470617284
-0.19333333333333336,-0.2550424241975309
-0.19333333333333336,-0.2625265013333334
-0.19333333333333336,-0.27001057846913584
-0.19333333333333336,-0.2774946556049383
-0.19333333333333336,-0.28497873274074076
-0.19333333333333336,-0.2924628098765433
-0.19333333333333336,-0.29994688701234573
-0.19333333333333336,-0.3074309641481482
-0.19333333333333336,-0.31491504128395065
-0.19333333333333336,-0.32239911841975316
-0.19333333333333336,-0.3298831955555556
-0.19333333333333336,-0.3373672726913581
-0.19333333333333336,-0.34485134982716054
-0.19333333333333336,-0.35233542696296305
-0.19333333333333336,-0.3598195040987655
-0.19333333333333336,-0.36730358123456797
-0.19333333333333336,-0.3747876583703704
-0.19333333333333336,-0.38227173550617294
-0.19333333333333336,-0.3897558126419754
-0.19333333333333336,-0.39723988977777785
-0.19333333333333336,-0.4047239669135803
-0.19333333333333336,-0.41220804404938277
-0.19333333333333336,-0.41969212118518534
-0.19333333333333336,-0.4271761983209878
-0.19333333333333336,-0.43466027545679026
-0.19333333333333336,-0.4421443525925927
-0.19333333333333336,-0.4496284297283952
-0.19333333333333336,-0.45711250686419763
-0.19333333333333336,-0.4645965840000001
-0.19333333333333336,-0.47208066113580255
-0.19333333333333336,-0.479564738271605
-0.19333333333333336,-0.4870488154074076
-0.19333333333333336,-0.49453289254321003
-0.19333333333333336,-0.5020169696790123
-0.19333333333333336,-0.5095010468148149
-0.19333333333333336,-0.5169851239506172
-0.19333333333333336,-0.5244692010864198
-0.19333333333333336,-0.5319532782222224
-0.19333333333333336,-0.5394373553580247
-0.19333333333333336,-0.5469214324938272
-0.19333333333333336,-0.5544055096296296
-0.19333333333333336,-0.5618895867654321
-0.19333333333333336,-0.5693736639012347
-0.19333333333333336,-0.576857741037037
-0.19333333333333336,-0.5843418181728396
-0.19333333333333336,-0.591825895308642
-0.19333333333333336,-0.5993099724444445
-0.19333333333333336,-0.606794049580247
-0.19333333333333336,-0.6142781267160494
-0.19333333333333336,-0.6217622038518519
-0.19333333333333336,-0.6292462809876544
-0.19333333333333336,-0.6367303581234568
-0.19333333333333336,-0.6442144352592594
-0.19333333333333336,-0.6516985123950617
-0.19333333333333336,-0.6591825895308643
-0.19333333333333336,-0.6666666666666667
-0.18666666666666668,0.06833530311111112
-0.18666666666666668,0.060911040790123466
-0.18666666666666668,0.05348677846913581
-0.18666666666666668,0.04606251614814816
-0.18666666666666668,0.038638253827160504
-0.18666666666666668,0.03121399150617285
-0.18666666666666668,0.02378972918518519
-0.18666666666666668,0.016365466864197535
-0.18666666666666668,0.008941204543209888
-0.18666666666666668,0.001516942222222234
-0.18666666666666668,-0.00590732009876542
-0.18666666666666668,-0.013331582419753074
-0.18666666666666668,-0.020755844740740728
-0.18666666666666668,-0.028180107061728396
-0.18666666666666668,-0.03560436938271605
-0.18666666666666668,-0.043028631703703704
-0.18666666666666668,-0.05045289402469136
-0.18666666666666668,-0.057877156345679
-0.18666666666666668,-0.06530141866666667
-0.18666666666666668,-0.0727256809876543
-0.18666666666666668,-0.08014994330864197
-0.18666666666666668,-0.08757420562962961
-0.18666666666666668,-0.09499846795061728
-0.18666666666666668,-0.10242273027160492
-0.18666666666666668,-0.10984699259259259
-0.18666666666666668,-0.11727125491358023
-0.18666666666666668,-0.12469551723456793
-0.18666666666666668,-0.13211977955555557
-0.18666666666666668,-0.13954404187654323
-0.18666666666666668,-0.14696830419753087
-0.18666666666666668,-0.15439256651851854
-0.18666666666666668,-0.16181682883950618
-0.18666666666666668,-0.16924109116049382
-0.18666666666666668,-0.1766653534814815
-0.18666666666666668,-0.18408961580246913
-0.18666666666666668,-0.19151387812345677
-0.18666666666666668,-0.1989381404444444
-0.18666666666666668,-0.2063624027654321
-0.18666666666666668,-0.21378666508641975
-0.18666666666666668,-0.2212109274074074
-0.18666666666666668,-0.22863518972839508
-0.18666666666666668,-0.23605945204938272
-0.18666666666666668,-0.24348371437037036
-0.18666666666666668,-0.250907976691358
-0.18666666666666668,-0.2583322390123457
-0.18666666666666668,-0.26575650133333334
-0.18666666666666668,-0.273180763654321
-0.18666666666666668,-0.2806050259753086
-0.18666666666666668,-0.28802928829629626
-0.18666666666666668,-0.29545355061728396
-0.18666666666666668,-0.3028778129382716
-0.18666666666666668,-0.31030207525925924
-0.18666666666666668,-0.3177263375802469
-0.18666666666666668,-0.3251505999012346
-0.18666666666666668,-0.33257486222222227
-0.18666666666666668,-0.3399991245432099
-0.18666666666666668,-0.34742338686419755
-0.18666666666666668,-0.35484764918518524
-0.18666666666666668,-0.3622719115061729
-0.18666666666666668,-0.3696961738271605
-0.18666666666666668,-0.37712043614814816
-0.18666666666666668,-0.38454469846913586
-0.18666666666666668,-0.3919689607901235
-0.18666666666666668,-0.39939322311111114
-0.18666666666666668,-0.4068174854320988
-0.18666666666666668,-0.4142417477530864
-0.18666666666666668,-0.4216660100740741
-0.18666666666666668,-0.42909027239506176
-0.18666666666666668,-0.43651453471604934
-0.18666666666666668,-0.44393879703703704
-0.18666666666666668,-0.45136305935802473
-0.18666666666666668,-0.4587873216790123
-0.18666666666666668,-0.466211584
-0.18666666666666668,-0.4736358463209876
-0.18666666666666668,-0.4810601086419753
-0.18666666666666668,-0.488484370962963
-0.18666666666666668,-0.4959086332839507
-0.18666666666666668,-0.5033328956049383
-0.18666666666666668,-0.510757157925926
-0.18666666666666668,-0.5181814202469135
-0.18666666666666668,-0.5256056825679012
-0.18666666666666668,-0.5330299448888889
-0.18666666666666668,-0.5404542072098766
-0.18666666666666668,-0.5478784695308643
-0.18666666666666668,-0.5553027318518517
-0.18666666666666668,-0.5627269941728394
-0.18666666666666668,-0.5701512564938271
-0.18666666666666668,-0.5775755188148148
-0.18666666666666668,-0.5849997811358025
-0.18666666666666668,-0.5924240434567902
-0.18666666666666668,-0.5998483057777777
-0.18666666666666668,-0.6072725680987654
-0.18666666666666668,-0.6146968304197531
-0.18666666666666668,-0.6221210927407408
-0.18666666666666668,-0.6295453550617285
-0.18666666666666668,-0.636969617382716
-0.18666666666666668,-0.6443938797037037
-0.18666666666666668,-0.6518181420246913
-0.18666666666666668,-0.659242404345679
-0.18666666666666668,-0.6666666666666667
-0.18000000000000002,0.06268164533333334
-0.18000000000000002,0.055314490666666674
-0.18000000000000002,0.04794733600000001
-0.18000000000000002,0.04058018133333334
-0.18000000000000002,0.03321302666666667
-0.18000000000000002,0.025845872000000006
-0.18000000000000002,0.018478717333333332
-0.18000000000000002,0.011111562666666665
-0.18000000000000002,0.0037444080000000046
-0.18000000000000002,-0.0036227466666666625
-0.18000000000000002,-0.01098990133333333
-0.18000000000000002,-0.018357055999999997
-0.18000000000000002,-0.025724210666666664
-0.18000000000000002,-0.033091365333333345
-0.18000000000000002,-0.04045852000000001
-0.18000000000000002,-0.04782567466666668
-0.18000000000000002,-0.055192829333333346
-0.18000000000000002,-0.062559984
-0.18000000000000002,-0.06992713866666668
-0.18000000000000002,-0.07729429333333333
-0.18000000000000002,-0.08466144800000001
-0.18000000000000002,-0.09202860266666667
-0.18000000000000002,-0.09939575733333335
-0.18000000000000002,-0.106762912
-0.18000000000000002,-0.11413006666666668
-0.18000000000000002,-0.12149722133333334
-0.18000000000000002,-0.12886437600000006
-0.18000000000000002,-0.1362315306666667
-0.18000000000000002,-0.14359868533333336
-0.18000000000000002,-0.15096584000000002
-0.18000000000000002,-0.15833299466666673
-0.18000000000000002,-0.16570014933333338
-0.18000000000000002,-0.17306730400000003
-0.18000000000000002,-0.18043445866666669
-0.18000000000000002,-0.18780161333333334
-0.18000000000000002,-0.195168768
-0.18000000000000002,-0.20253592266666665
-0.18000000000000002,-0.20990307733333335
-0.18000000000000002,-0.217270232
-0.18000000000000002,-0.22463738666666666
-0.18000000000000002,-0.23200454133333337
-0.18000000000000002,-0.23937169600000002
-0.18000000000000002,-0.24673885066666668
-0.18000000000000002,-0.25410600533333333
-0.18000000000000002,-0.26147316000000004
-0.18000000000000002,-0.2688403146666667
-0.18000000000000002,-0.27620746933333334
-0.18000000000000002,-0.283574624
-0.18000000000000002,-0.29094177866666665
-0.18000000000000002,-0.29830893333333336
-0.18000000000000002,-0.305676088
-0.18000000000000002,-0.31304324266666667
-0.18000000000000002,-0.3204103973333333
-0.18000000000000002,-0.3277775520000001
-0.18000000000000002,-0.33514470666666674
-0.18000000000000002,-0.3425118613333334
-0.18000000000000002,-0.34987901600000004
-0.18000000000000002,-0.35724617066666675
-0.18000000000000002,-0.3646133253333334
-0.18000000000000002,-0.37198048000000006
-0.18000000000000002,-0.3793476346666667
-0.18000000000000002,-0.3867147893333334
-0.18000000000000002,-0.3940819440000001
-0.18000000000000002,-0.4014490986666667
-0.18000000000000002,-0.4088162533333334
-0.18000000000000002,-0.41618340800000003
-0.18000000000000002,-0.42355056266666674
-0.18000000000000002,-0.4309177173333334
-0.18000000000000002,-0.438284872
-0.18000000000000002,-0.4456520266666667
-0.18000000000000002,-0.4530191813333334
-0.18000000000000002,-0.460386336
-0.18000000000000002,-0.4677534906666667
-0.18000000000000002,-0.4751206453333333
-0.18000000000000002,-0.4824878
-0.18000000000000002,-0.48985495466666673
-0.18000000000000002,-0.49722210933333344
-0.18000000000000002,-0.504589264
-0.18000000000000002,-0.5119564186666667
-0.18000000000000002,-0.5193235733333333
-0.18000000000000002,-0.526690728
-0.18000000000000002,-0.5340578826666668
-0.18000000000000002,-0.5414250373333334
-0.18000000000000002,-0.5487921920000001
-0.18000000000000002,-0.5561593466666667
-0.18000000000000002,-0.5635265013333334
-0.18000000000000002,-0.5708936560000001
-0.18000000000000002,-0.5782608106666667
-0.18000000000000002,-0.5856279653333334
-0.18000000000000002,-0.5929951200000001
-0.18000000000000002,-0.6003622746666667
-0.18000000000000002,-0.6077294293333334
-0.18000000000000002,-0.615096584
-0.18000000000000002,-0.6224637386666667
-0.18000000000000002,-0.6298308933333334
-0.18000000000000002,-0.637198048
-0.18000000000000002,-0.6445652026666667
-0.18000000000000002,-0.6519323573333333
-0.18000000000000002,-0.659299512
-0.18000000000000002,-0.6666666666666667
-0.17333333333333334,0.05728954311111111
-0.17333333333333334,0.04997685412345679
-0.17333333333333334,0.04266416513580247
-0.17333333333333334,0.035351476148148146
-0.17333333333333334,0.02803878716049383
-0.17333333333333334,0.020726098172839505
-0.17333333333333334,0.01341340918518518
-0.17333333333333334,0.006100720197530857
-0.17333333333333334,-0.0012119687901234605
-0.17333333333333334,-0.008524657777777778
-0.17333333333333334,-0.01583734676543211
-0.17333333333333334,-0.023150035753086426
-0.17333333333333334,-0.030462724740740757
-0.17333333333333334,-0.037775413728395074
-0.17333333333333334,-0.04508810271604939
-0.17333333333333334,-0.05240079170370372
-0.17333333333333334,-0.05971348069135804
-0.17333333333333334,-0.06702616967901236
-0.17333333333333334,-0.07433885866666669
-0.17333333333333334,-0.08165154765432099
-0.17333333333333334,-0.08896423664197535
-0.17333333333333334,-0.09627692562962965
-0.17333333333333334,-0.10358961461728398
-0.17333333333333334,-0.11090230360493829
-0.17333333333333334,-0.11821499259259262
-0.17333333333333334,-0.12552768158024696
-0.17333333333333334,-0.13284037056790127
-0.17333333333333334,-0.14015305955555557
-0.17333333333333334,-0.14746574854320993
-0.17333333333333334,-0.15477843753086423
-0.17333333333333334,-0.1620911265185186
-0.17333333333333334,-0.1694038155061729
-0.17333333333333334,-0.1767165044938272
-0.17333333333333334,-0.1840291934814815
-0.17333333333333334,-0.19134188246913586
-0.17333333333333334,-0.19865457145679016
-0.17333333333333334,-0.20596726044444447
-0.17333333333333334,-0.21327994943209883
-0.17333333333333334,-0.22059263841975313
-0.17333333333333334,-0.22790532740740743
-0.17333333333333334,-0.2352180163950618
-0.17333333333333334,-0.24253070538271615
-0.17333333333333334,-0.24984339437037045
-0.17333333333333334,-0.25715608335802476
-0.17333333333333334,-0.2644687723456791
-0.17333333333333334,-0.2717814613333334
-0.17333333333333334,-0.2790941503209877
-0.17333333333333334,-0.286406839308642
-0.17333333333333334,-0.29371952829629633
-0.17333333333333334,-0.3010322172839507
-0.17333333333333334,-0.308344906271605
-0.17333333333333334,-0.31565759525925935
-0.17333333333333334,-0.32297028424691365
-0.17333333333333334,-0.330282973234568
-0.17333333333333334,-0.3375956622222223
-0.17333333333333334,-0.3449083512098766
-0.17333333333333334,-0.3522210401975309
-0.17333333333333334,-0.3595337291851853
-0.17333333333333334,-0.3668464181728396
-0.17333333333333334,-0.3741591071604939
-0.17333333333333334,-0.38147179614814825
-0.17333333333333334,-0.3887844851358026
-0.17333333333333334,-0.3960971741234569
-0.17333333333333334,-0.4034098631111112
-0.17333333333333334,-0.4107225520987655
-0.17333333333333334,-0.4180352410864198
-0.17333333333333334,-0.4253479300740742
-0.17333333333333334,-0.4326606190617285
-0.17333333333333334,-0.4399733080493828
-0.17333333333333334,-0.44728599703703714
-0.17333333333333334,-0.4545986860246915
-0.17333333333333334,-0.46191137501234575
-0.17333333333333334,-0.4692240640000001
-0.17333333333333334,-0.47653675298765436
-0.17333333333333334,-0.4838494419753087
-0.17333333333333334,-0.4911621309629631
-0.17333333333333334,-0.49847481995061743
-0.17333333333333334,-0.5057875089382716
-0.17333333333333334,-0.513100197925926
-0.17333333333333334,-0.5204128869135802
-0.17333333333333334,-0.5277255759012346
-0.17333333333333334,-0.535038264888889
-0.17333333333333334,-0.5423509538765432
-0.17333333333333334,-0.5496636428641977
-0.17333333333333334,-0.5569763318518519
-0.17333333333333334,-0.5642890208395063
-0.17333333333333334,-0.5716017098271606
-0.17333333333333334,-0.5789143988148149
-0.17333333333333334,-0.5862270878024692
-0.17333333333333334,-0.5935397767901236
-0.17333333333333334,-0.6008524657777778
-0.17333333333333334,-0.6081651547654322
-0.17333333333333334,-0.6154778437530865
-0.17333333333333334,-0.6227905327407408
-0.17333333333333334,-0.6301032217283952
-0.17333333333333334,-0.6374159107160494
-0.17333333333333334,-0.6447285997037038
-0.17333333333333334,-0.652041288691358
-0.17333333333333334,-0.6593539776790124
-0.17333333333333334,-0.6666666666666667
-0.16666666666666669,0.05215277777777779
-0.16666666666666669,0.04489197530864199
-0.16666666666666669,0.037631172839506184
-0.16666666666666669,0.03037037037037038
-0.16666666666666669,0.023109567901234578
-0.16666666666666669,0.015848765432098774
-0.16666666666666669,0.00858796296296297
-0.16666666666666669,0.0013271604938271675
-0.16666666666666669,-0.005933641975308643
-0.16666666666666669,-0.01319444444444444
-0.16666666666666669,-0.020455246913580236
-0.16666666666666669,-0.027716049382716046
-0.16666666666666669,-0.03497685185185184
-0.16666666666666669,-0.04223765432098765
-0.16666666666666669,-0.04949845679012346
-0.16666666666666669,-0.05675925925925926
-0.16666666666666669,-0.06402006172839507
-0.16666666666666669,-0.07128086419753088
-0.16666666666666669,-0.07854166666666668
-0.16666666666666669,-0.08580246913580247
-0.16666666666666669,-0.0930632716049383
-0.16666666666666669,-0.10032407407407407
-0.16666666666666669,-0.10758487654320989
-0.16666666666666669,-0.11484567901234569
-0.16666666666666669,-0.12210648148148151
-0.16666666666666669,-0.12936728395061728
-0.16666666666666669,-0.1366280864197531
-0.16666666666666669,-0.1438888888888889
-0.16666666666666669,-0.15114969135802472
-0.16666666666666669,-0.15841049382716052
-0.16666666666666669,-0.16567129629629632
-0.16666666666666669,-0.1729320987654321
-0.16666666666666669,-0.1801929012345679
-0.16666666666666669,-0.18745370370370373
-0.16666666666666669,-0.1947145061728395
-0.16666666666666669,-0.20197530864197535
-0.16666666666666669,-0.20923611111111115
-0.16666666666666669,-0.21649691358024695
-0.16666666666666669,-0.22375771604938274
-0.16666666666666669,-0.23101851851851854
-0.16666666666666669,-0.2382793209876544
-0.16666666666666669,-0.2455401234567902
-0.16666666666666669,-0.25280092592592596
-0.16666666666666669,-0.2600617283950617
-0.16666666666666669,-0.26732253086419755
-0.16666666666666669,-0.2745833333333334
-0.16666666666666669,-0.28184413580246914
-0.16666666666666669,-0.289104938271605
-0.16666666666666669,-0.29636574074074074
-0.16666666666666669,-0.3036265432098766
-0.16666666666666669,-0.31088734567901244
-0.16666666666666669,-0.3181481481481482
-0.16666666666666669,-0.3254089506172839
-0.16666666666666669,-0.3326697530864198
-0.16666666666666669,-0.3399305555555556
-0.16666666666666669,-0.34719135802469137
-0.16666666666666669,-0.3544521604938272
-0.16666666666666669,-0.36171296296296307
-0.16666666666666669,-0.3689737654320988
-0.16666666666666669,-0.37623456790123466
-0.16666666666666669,-0.3834953703703704
-0.16666666666666669,-0.39075617283950626
-0.16666666666666669,-0.398016975308642
-0.16666666666666669,-0.40527777777777785
-0.16666666666666669,-0.4125385802469136
-0.16666666666666669,-0.41979938271604944
-0.16666666666666669,-0.4270601851851853
-0.16666666666666669,-0.43432098765432103
-0.16666666666666669,-0.4415817901234569
-0.16666666666666669,-0.4488425925925926
-0.16666666666666669,-0.4561033950617285
-0.16666666666666669,-0.46336419753086433
-0.16666666666666669,-0.47062500000000007
-0.16666666666666669,-0.4778858024691359
-0.16666666666666669,-0.48514660493827166
-0.16666666666666669,-0.4924074074074075
-0.16666666666666669,-0.49966820987654337
-0.16666666666666669,-0.5069290123456791
-0.16666666666666669,-0.514189814814815
-0.16666666666666669,-0.5214506172839507
-0.16666666666666669,-0.5287114197530866
-0.16666666666666669,-0.5359722222222224
-0.16666666666666669,-0.5432330246913581
-0.16666666666666669,-0.550493827160494
-0.16666666666666669,-0.5577546296296296
-0.16666666666666669,-0.5650154320987655
-0.16666666666666669,-0.5722762345679013
-0.16666666666666669,-0.5795370370370371
-0.16666666666666669,-0.5867978395061729
-0.16666666666666669,-0.5940586419753088
-0.16666666666666669,-0.6013194444444445
-0.16666666666666669,-0.6085802469135804
-0.16666666666666669,-0.6158410493827161
-0.16666666666666669,-0.623101851851852
-0.16666666666666669,-0.6303626543209878
-0.16666666666666669,-0.6376234567901236
-0.16666666666666669,-0.6448842592592594
-0.16666666666666669,-0.6521450617283951
-0.16666666666666669,-0.659405864197531
-0.16666666666666669,-0.6666666666666669
-0.16,0.04726536533333334
-0.16,0.04005393066666667
-0.16,0.032842496
-0.16,0.025631061333333333
-0.16,0.018419626666666668
-0.16,0.011208191999999999
-0.16,0.00399675733333333
-0.16,-0.003214677333333339
-0.16,-0.010426112000000001
-0.16,-0.01763754666666667
-0.16,-0.02484898133333334
-0.16,-0.03206041600000001
-0.16,-0.03927185066666668
-0.16,-0.046483285333333346
-0.16,-0.053694720000000015
-0.16,-0.060906154666666684
-0.16,-0.06811758933333335
-0.16,-0.07532902400000001
-0.16,-0.08254045866666669
-0.16,-0.08975189333333335
-0.16,-0.09696332800000003
-0.16,-0.10417476266666668
-0.16,-0.11138619733333337
-0.16,-0.11859763200000002
-0.16,-0.1258090666666667
-0.16,-0.13302050133333337
-0.16,-0.14023193600000006
-0.16,-0.14744337066666668
-0.16,-0.15465480533333337
-0.16,-0.16186624000000005
-0.16,-0.16907767466666673
-0.16,-0.17628910933333336
-0.16,-0.18350054400000004
-0.16,-0.19071197866666673
-0.16,-0.19792341333333335
-0.16,-0.20513484800000004
-0.16,-0.21234628266666672
-0.16,-0.2195577173333334
-0.16,-0.22676915200000003
-0.16,-0.2339805866666667
-0.16,-0.2411920213333334
-0.16,-0.24840345600000008
-0.16,-0.2556148906666667
-0.16,-0.2628263253333334
-0.16,-0.27003776000000007
-0.16,-0.27724919466666675
-0.16,-0.2844606293333334
-0.16,-0.29167206400000006
-0.16,-0.2988834986666667
-0.16,-0.30609493333333343
-0.16,-0.31330636800000006
-0.16,-0.32051780266666674
-0.16,-0.32772923733333337
-0.16,-0.3349406720000001
-0.16,-0.34215210666666673
-0.16,-0.3493635413333334
-0.16,-0.35657497600000004
-0.16,-0.3637864106666668
-0.16,-0.3709978453333334
-0.16,-0.3782092800000001
-0.16,-0.3854207146666667
-0.16,-0.39263214933333346
-0.16,-0.3998435840000001
-0.16,-0.40705501866666677
-0.16,-0.4142664533333334
-0.16,-0.4214778880000001
-0.16,-0.42868932266666676
-0.16,-0.43590075733333344
-0.16,-0.44311219200000007
-0.16,-0.4503236266666667
-0.16,-0.45753506133333344
-0.16,-0.46474649600000006
-0.16,-0.4719579306666668
-0.16,-0.47916936533333343
-0.16,-0.48638080000000006
-0.16,-0.4935922346666668
-0.16,-0.5008036693333335
-0.16,-0.508015104
-0.16,-0.5152265386666668
-0.16,-0.5224379733333334
-0.16,-0.5296494080000002
-0.16,-0.5368608426666668
-0.16,-0.5440722773333334
-0.16,-0.5512837120000001
-0.16,-0.5584951466666667
-0.16,-0.5657065813333334
-0.16,-0.5729180160000001
-0.16,-0.5801294506666668
-0.16,-0.5873408853333334
-0.16,-0.5945523200000001
-0.16,-0.6017637546666668
-0.16,-0.6089751893333335
-0.16,-0.616186624
-0.16,-0.6233980586666668
-0.16,-0.6306094933333335
-0.16,-0.6378209280000001
-0.16,-0.6450323626666667
-0.16,-0.6522437973333334
-0.16,-0.6594552320000001
-0.16,-0.6666666666666669
-0.15333333333333335,0.04262155644444445
-0.15333333333333335,0.03545702893827161
-0.15333333333333335,0.02829250143209877
-0.15333333333333335,0.02112797392592593
-0.15333333333333335,0.01396344641975309
-0.15333333333333335,0.006798918913580254
-0.15333333333333335,-0.0003656085925925895
-0.15333333333333335,-0.007530136098765426
-0.15333333333333335,-0.014694663604938263
-0.15333333333333335,-0.021859191111111106
-0.15333333333333335,-0.029023718617283936
-0.15333333333333335,-0.03618824612345678
-0.15333333333333335,-0.04335277362962962
-0.15333333333333335,-0.05051730113580247
-0.15333333333333335,-0.0576818286419753
-0.15333333333333335,-0.06484635614814814
-0.15333333333333335,-0.07201088365432098
-0.15333333333333335,-0.07917541116049381
-0.15333333333333335,-0.08633993866666667
-0.15333333333333335,-0.0935044661728395
-0.15333333333333335,-0.10066899367901236
-0.15333333333333335,-0.10783352118518516
-0.15333333333333335,-0.11499804869135802
-0.15333333333333335,-0.12216257619753085
-0.15333333333333335,-0.1293271037037037
-0.15333333333333335,-0.13649163120987653
-0.15333333333333335,-0.1436561587160494
-0.15333333333333335,-0.15082068622222222
-0.15333333333333335,-0.15798521372839508
-0.15333333333333335,-0.16514974123456788
-0.15333333333333335,-0.17231426874074074
-0.15333333333333335,-0.17947879624691357
-0.15333333333333335,-0.1866433237530864
-0.15333333333333335,-0.19380785125925926
-0.15333333333333335,-0.20097237876543206
-0.15333333333333335,-0.20813690627160492
-0.15333333333333335,-0.21530143377777777
-0.15333333333333335,-0.22246596128395063
-0.15333333333333335,-0.22963048879012343
-0.15333333333333335,-0.2367950162962963
-0.15333333333333335,-0.24395954380246915
-0.15333333333333335,-0.251124071308642
-0.15333333333333335,-0.2582885988148148
-0.15333333333333335,-0.2654531263209876
-0.15333333333333335,-0.2726176538271605
-0.15333333333333335,-0.2797821813333333
-0.15333333333333335,-0.2869467088395062
-0.15333333333333335,-0.294111236345679
-0.15333333333333335,-0.30127576385185184
-0.15333333333333335,-0.3084402913580247
-0.15333333333333335,-0.3156048188641975
-0.15333333333333335,-0.32276934637037036
-0.15333333333333335,-0.32993387387654316
-0.15333333333333335,-0.3370984013827161
-0.15333333333333335,-0.3442629288888889
-0.15333333333333335,-0.35142745639506173
-0.15333333333333335,-0.35859198390123453
-0.15333333333333335,-0.36575651140740745
-0.15333333333333335,-0.37292103891358025
-0.15333333333333335,-0.38008556641975305
-0.15333333333333335,-0.3872500939259259
-0.15333333333333335,-0.39441462143209877
-0.15333333333333335,-0.4015791489382716
-0.15333333333333335,-0.4087436764444444
-0.15333333333333335,-0.4159082039506173
-0.15333333333333335,-0.4230727314567901
-0.15333333333333335,-0.430237258962963
-0.15333333333333335,-0.4374017864691358
-0.15333333333333335,-0.4445663139753086
-0.15333333333333335,-0.4517308414814814
-0.15333333333333335,-0.4588953689876543
-0.15333333333333335,-0.4660598964938271
-0.15333333333333335,-0.47322442400000003
-0.15333333333333335,-0.48038895150617283
-0.15333333333333335,-0.48755347901234564
-0.15333333333333335,-0.49471800651851855
-0.15333333333333335,-0.5018825340246913
-0.15333333333333335,-0.5090470615308642
-0.15333333333333335,-0.5162115890370371
-0.15333333333333335,-0.5233761165432098
-0.15333333333333335,-0.5305406440493827
-0.15333333333333335,-0.5377051715555556
-0.15333333333333335,-0.5448696990617283
-0.15333333333333335,-0.5520342265679012
-0.15333333333333335,-0.5591987540740739
-0.15333333333333335,-0.5663632815802468
-0.15333333333333335,-0.5735278090864198
-0.15333333333333335,-0.5806923365925925
-0.15333333333333335,-0.5878568640987654
-0.15333333333333335,-0.5950213916049383
-0.15333333333333335,-0.6021859191111112
-0.15333333333333335,-0.6093504466172839
-0.15333333333333335,-0.6165149741234568
-0.15333333333333335,-0.6236795016296297
-0.15333333333333335,-0.6308440291358024
-0.15333333333333335,-0.6380085566419753
-0.15333333333333335,-0.6451730841481482
-0.15333333333333335,-0.6523376116543209
-0.15333333333333335,-0.6595021391604938
-0.15333333333333335,-0.6666666666666667
-0.14666666666666667,0.03821583644444445
-0.14666666666666667,0.03109581116049383
-0.14666666666666667,0.023975785876543216
-0.14666666666666667,0.016855760592592597
-0.14666666666666667,0.009735735308641982
-0.14666666666666667,0.0026157100246913673
-0.14666666666666667,-0.004504315259259255
-0.14666666666666667,-0.01162434054320987
-0.14666666666666667,-0.018744365827160485
-0.14666666666666667,-0.0258643911111111
-0.14666666666666667,-0.032984416395061715
-0.14666666666666667,-0.04010444167901233
-0.14666666666666667,-0.04722446696296296
-0.14666666666666667,-0.054344492246913574
-0.14666666666666667,-0.06146451753086419
-0.14666666666666667,-0.0685845428148148
-0.14666666666666667,-0.07570456809876541
-0.14666666666666667,-0.08282459338271603
-0.14666666666666667,-0.08994461866666664
-0.14666666666666667,-0.09706464395061726
-0.14666666666666667,-0.1041846692345679
-0.14666666666666667,-0.11130469451851849
-0.14666666666666667,-0.11842471980246913
-0.14666666666666667,-0.12554474508641972
-0.14666666666666667,-0.13266477037037036
-0.14666666666666667,-0.13978479565432098
-0.14666666666666667,-0.1469048209382716
-0.14666666666666667,-0.1540248462222222
-0.14666666666666667,-0.16114487150617282
-0.14666666666666667,-0.16826489679012344
-0.14666666666666667,-0.17538492207407408
-0.14666666666666667,-0.18250494735802467
-0.14666666666666667,-0.18962497264197528
-0.14666666666666667,-0.1967449979259259
-0.14666666666666667,-0.2038650232098765
-0.14666666666666667,-0.21098504849382713
-0.14666666666666667,-0.21810507377777774
-0.14666666666666667,-0.22522509906172836
-0.14666666666666667,-0.23234512434567897
-0.14666666666666667,-0.2394651496296296
-0.14666666666666667,-0.24658517491358026
-0.14666666666666667,-0.2537052001975309
-0.14666666666666667,-0.26082522548148146
-0.14666666666666667,-0.2679452507654321
-0.14666666666666667,-0.27506527604938275
-0.14666666666666667,-0.28218530133333336
-0.14666666666666667,-0.289305326617284
-0.14666666666666667,-0.29642535190123454
-0.14666666666666667,-0.30354537718518515
-0.14666666666666667,-0.3106654024691358
-0.14666666666666667,-0.31778542775308644
-0.14666666666666667,-0.32490545303703705
-0.14666666666666667,-0.3320254783209876
-0.14666666666666667,-0.3391455036049383
-0.14666666666666667,-0.3462655288888889
-0.14666666666666667,-0.3533855541728395
-0.14666666666666667,-0.3605055794567901
-0.14666666666666667,-0.36762560474074074
-0.14666666666666667,-0.37474563002469136
-0.14666666666666667,-0.38186565530864197
-0.14666666666666667,-0.3889856805925926
-0.14666666666666667,-0.39610570587654326
-0.14666666666666667,-0.4032257311604938
-0.14666666666666667,-0.41034575644444443
-0.14666666666666667,-0.41746578172839505
-0.14666666666666667,-0.42458580701234566
-0.14666666666666667,-0.43170583229629633
-0.14666666666666667,-0.4388258575802469
-0.14666666666666667,-0.4459458828641975
-0.14666666666666667,-0.4530659081481481
-0.14666666666666667,-0.46018593343209874
-0.14666666666666667,-0.46730595871604935
-0.14666666666666667,-0.47442598399999997
-0.14666666666666667,-0.4815460092839506
-0.14666666666666667,-0.4886660345679012
-0.14666666666666667,-0.4957860598518518
-0.14666666666666667,-0.5029060851358025
-0.14666666666666667,-0.510026110419753
-0.14666666666666667,-0.5171461357037037
-0.14666666666666667,-0.5242661609876542
-0.14666666666666667,-0.5313861862716048
-0.14666666666666667,-0.5385062115555556
-0.14666666666666667,-0.5456262368395061
-0.14666666666666667,-0.5527462621234568
-0.14666666666666667,-0.5598662874074073
-0.14666666666666667,-0.5669863126913579
-0.14666666666666667,-0.5741063379753086
-0.14666666666666667,-0.5812263632592591
-0.14666666666666667,-0.5883463885432099
-0.14666666666666667,-0.5954664138271605
-0.14666666666666667,-0.602586439111111
-0.14666666666666667,-0.6097064643950617
-0.14666666666666667,-0.6168264896790122
-0.14666666666666667,-0.6239465149629629
-0.14666666666666667,-0.6310665402469136
-0.14666666666666667,-0.6381865655308641
-0.14666666666666667,-0.6453065908148148
-0.14666666666666667,-0.6524266160987653
-0.14666666666666667,-0.659546641382716
-0.14666666666666667,-0.6666666666666666
-0.14,0.03404292533333334
-0.14,0.02696505066666667
-0.14,0.019887176000000006
-0.14,0.012809301333333339
-0.14,0.005731426666666671
-0.14,-0.0013464479999999932
-0.14,-0.008424322666666664
-0.14,-0.015502197333333328
-0.14,-0.022580072
-0.14,-0.029657946666666664
-0.14,-0.03673582133333333
-0.14,-0.04381369599999999
-0.14,-0.050891570666666656
-0.14,-0.057969445333333335
-0.14,-0.06504731999999999
-0.14,-0.07212519466666667
-0.14,-0.07920306933333335
-0.14,-0.086280944
-0.14,-0.09335881866666668
-0.14,-0.10043669333333333
-0.14,-0.107514568
-0.14,-0.11459244266666666
-0.14,-0.12167031733333333
-0.14,-0.12874819199999998
-0.14,-0.13582606666666666
-0.14,-0.1429039413333333
-0.14,-0.14998181600000002
-0.14,-0.15705969066666667
-0.14,-0.16413756533333335
-0.14,-0.17121544
-0.14,-0.17829331466666667
-0.14,-0.18537118933333332
-0.14,-0.19244906399999998
-0.14,-0.19952693866666668
-0.14,-0.20660481333333333
-0.14,-0.213682688
-0.14,-0.22076056266666666
-0.14,-0.22783843733333337
-0.14,-0.23491631200000002
-0.14,-0.24199418666666667
-0.14,-0.24907206133333337
-0.14,-0.256149936
-0.14,-0.2632278106666667
-0.14,-0.2703056853333333
-0.14,-0.27738356000000003
-0.14,-0.2844614346666667
-0.14,-0.29153930933333333
-0.14,-0.298617184
-0.14,-0.30569505866666663
-0.14,-0.31277293333333334
-0.14,-0.319850808
-0.14,-0.32692868266666664
-0.14,-0.33400655733333334
-0.14,-0.34108443200000005
-0.14,-0.3481623066666667
-0.14,-0.35524018133333335
-0.14,-0.362318056
-0.14,-0.3693959306666667
-0.14,-0.37647380533333336
-0.14,-0.38355168
-0.14,-0.39062955466666666
-0.14,-0.39770742933333336
-0.14,-0.404785304
-0.14,-0.41186317866666666
-0.14,-0.4189410533333333
-0.14,-0.42601892799999996
-0.14,-0.4330968026666667
-0.14,-0.4401746773333334
-0.14,-0.447252552
-0.14,-0.4543304266666667
-0.14,-0.4614083013333334
-0.14,-0.46848617600000003
-0.14,-0.4755640506666667
-0.14,-0.48264192533333333
-0.14,-0.4897198
-0.14,-0.49679767466666674
-0.14,-0.5038755493333335
-0.14,-0.5109534240000001
-0.14,-0.5180312986666668
-0.14,-0.5251091733333334
-0.14,-0.532187048
-0.14,-0.5392649226666668
-0.14,-0.5463427973333334
-0.14,-0.5534206720000001
-0.14,-0.5604985466666667
-0.14,-0.5675764213333334
-0.14,-0.5746542960000001
-0.14,-0.5817321706666667
-0.14,-0.5888100453333334
-0.14,-0.5958879200000001
-0.14,-0.6029657946666668
-0.14,-0.6100436693333334
-0.14,-0.6171215440000001
-0.14,-0.6241994186666667
-0.14,-0.6312772933333335
-0.14,-0.638355168
-0.14,-0.6454330426666668
-0.14,-0.6525109173333333
-0.14,-0.6595887920000001
-0.14,-0.6666666666666667
-0.13333333333333333,0.03009777777777778
-0.13333333333333333,0.023059753086419756
-0.13333333333333333,0.01602172839506173
-0.13333333333333333,0.008983703703703706
-0.13333333333333333,0.0019456790123456857
-0.13333333333333333,-0.0050923456790123445
-0.13333333333333333,-0.012130370370370368
-0.13333333333333333,-0.01916839506172839
-0.13333333333333333,-0.026206419753086414
-0.13333333333333333,-0.03324444444444443
-0.13333333333333333,-0.04028246913580246
-0.13333333333333333,-0.04732049382716049
-0.13333333333333333,-0.05435851851851851
-0.13333333333333333,-0.06139654320987654
-0.13333333333333333,-0.06843456790123456
-0.13333333333333333,-0.07547259259259259
-0.13333333333333333,-0.08251061728395062
-0.13333333333333333,-0.08954864197530862
-0.13333333333333333,-0.09658666666666665
-0.13333333333333333,-0.10362469135802466
-0.13333333333333333,-0.11066271604938271
-0.13333333333333333,-0.11770074074074072
-0.13333333333333333,-0.12473876543209875
-0.13333333333333333,-0.13177679012345678
-0.13333333333333333,-0.1388148148148148
-0.13333333333333333,-0.1458528395061728
-0.13333333333333333,-0.15289086419753087
-0.13333333333333333,-0.15992888888888887
-0.13333333333333333,-0.1669669135802469
-0.13333333333333333,-0.17400493827160493
-0.13333333333333333,-0.18104296296296296
-0.13333333333333333,-0.18808098765432096
-0.13333333333333333,-0.195119012345679
-0.13333333333333333,-0.20215703703703702
-0.13333333333333333,-0.20919506172839503
-0.13333333333333333,-0.21623308641975306
-0.13333333333333333,-0.22327111111111106
-0.13333333333333333,-0.23030913580246912
-0.13333333333333333,-0.23734716049382712
-0.13333333333333333,-0.24438518518518512
-0.13333333333333333,-0.25142320987654326
-0.13333333333333333,-0.25846123456790127
-0.13333333333333333,-0.26549925925925927
-0.13333333333333333,-0.27253728395061727
-0.13333333333333333,-0.27957530864197533
-0.13333333333333333,-0.28661333333333333
-0.13333333333333333,-0.2936513580246914
-0.13333333333333333,-0.3006893827160494
-0.13333333333333333,-0.3077274074074074
-0.13333333333333333,-0.31476543209876545
-0.13333333333333333,-0.32180345679012345
-0.13333333333333333,-0.32884148148148146
-0.13333333333333333,-0.33587950617283946
-0.13333333333333333,-0.3429175308641976
-0.13333333333333333,-0.3499555555555556
-0.13333333333333333,-0.3569935802469136
-0.13333333333333333,-0.3640316049382716
-0.13333333333333333,-0.37106962962962964
-0.13333333333333333,-0.37810765432098764
-0.13333333333333333,-0.3851456790123457
-0.13333333333333333,-0.3921837037037037
-0.13333333333333333,-0.39922172839506176
-0.13333333333333333,-0.40625975308641976
-0.13333333333333333,-0.41329777777777776
-0.13333333333333333,-0.42033580246913577
-0.13333333333333333,-0.4273738271604938
-0.13333333333333333,-0.4344118518518519
-0.13333333333333333,-0.4414498765432099
-0.13333333333333333,-0.4484879012345679
-0.13333333333333333,-0.4555259259259259
-0.13333333333333333,-0.46256395061728395
-0.13333333333333333,-0.46960197530864195
-0.13333333333333333,-0.47664
-0.13333333333333333,-0.48367802469135796
-0.13333333333333333,-0.490716049382716
-0.13333333333333333,-0.49775407407407407
-0.13333333333333333,-0.5047920987654321
-0.13333333333333333,-0.51183012345679
-0.13333333333333333,-0.5188681481481481
-0.13333333333333333,-0.525906172839506
-0.13333333333333333,-0.5329441975308641
-0.13333333333333333,-0.5399822222222223
-0.13333333333333333,-0.5470202469135802
-0.13333333333333333,-0.5540582716049383
-0.13333333333333333,-0.5610962962962962
-0.13333333333333333,-0.5681343209876543
-0.13333333333333333,-0.5751723456790123
-0.13333333333333333,-0.5822103703703703
-0.13333333333333333,-0.5892483950617283
-0.13333333333333333,-0.5962864197530864
-0.13333333333333333,-0.6033244444444443
-0.13333333333333333,-0.6103624691358024
-0.13333333333333333,-0.6174004938271603
-0.13333333333333333,-0.6244385185185185
-0.13333333333333333,-0.6314765432098766
-0.13333333333333333,-0.6385145679012345
-0.13333333333333333,-0.6455525925925926
-0.13333333333333333,-0.6525906172839505
-0.13333333333333333,-0.6596286419753086
-0.13333333333333333,-0.6666666666666666
-0.12666666666666668,0.026375583111111118
-0.12666666666666668,0.019375156345679018
-0.12666666666666668,0.012374729580246921
-0.12666666666666668,0.005374302814814821
-0.12666666666666668,-0.0016261239506172726
-0.12666666666666668,-0.008626550716049376
-0.12666666666666668,-0.015626977481481473
-0.12666666666666668,-0.022627404246913577
-0.12666666666666668,-0.02962783101234568
-0.12666666666666668,-0.03662825777777776
-0.12666666666666668,-0.043628684543209874
-0.12666666666666668,-0.05062911130864197
-0.12666666666666668,-0.05762953807407407
-0.12666666666666668,-0.06462996483950617
-0.12666666666666668,-0.07163039160493828
-0.12666666666666668,-0.07863081837037036
-0.12666666666666668,-0.08563124513580248
-0.12666666666666668,-0.09263167190123459
-0.12666666666666668,-0.09963209866666667
-0.12666666666666668,-0.10663252543209875
-0.12666666666666668,-0.11363295219753089
-0.12666666666666668,-0.12063337896296297
-0.12666666666666668,-0.12763380572839508
-0.12666666666666668,-0.13463423249382717
-0.12666666666666668,-0.14163465925925928
-0.12666666666666668,-0.14863508602469136
-0.12666666666666668,-0.15563551279012347
-0.12666666666666668,-0.16263593955555555
-0.12666666666666668,-0.1696363663209877
-0.12666666666666668,-0.17663679308641977
-0.12666666666666668,-0.18363721985185189
-0.12666666666666668,-0.19063764661728397
-0.12666666666666668,-0.19763807338271605
-0.12666666666666668,-0.20463850014814816
-0.12666666666666668,-0.21163892691358024
-0.12666666666666668,-0.21863935367901238
-0.12666666666666668,-0.22563978044444444
-0.12666666666666668,-0.23264020720987655
-0.12666666666666668,-0.23964063397530866
-0.12666666666666668,-0.24664106074074071
-0.12666666666666668,-0.2536414875061729
-0.12666666666666668,-0.260641914271605
-0.12666666666666668,-0.26764234103703705
-0.12666666666666668,-0.27464276780246916
-0.12666666666666668,-0.28164319456790127
-0.12666666666666668,-0.2886436213333334
-0.12666666666666668,-0.29564404809876543
-0.12666666666666668,-0.30264447486419754
-0.12666666666666668,-0.3096449016296296
-0.12666666666666668,-0.31664532839506176
-0.12666666666666668,-0.3236457551604939
-0.12666666666666668,-0.33064618192592593
-0.12666666666666668,-0.33764660869135804
-0.12666666666666668,-0.34464703545679015
-0.12666666666666668,-0.35164746222222226
-0.12666666666666668,-0.3586478889876543
-0.12666666666666668,-0.36564831575308643
-0.12666666666666668,-0.3726487425185186
-0.12666666666666668,-0.37964916928395065
-0.12666666666666668,-0.38664959604938276
-0.12666666666666668,-0.3936500228148148
-0.12666666666666668,-0.400650449580247
-0.12666666666666668,-0.40765087634567904
-0.12666666666666668,-0.41465130311111115
-0.12666666666666668,-0.4216517298765432
-0.12666666666666668,-0.4286521566419753
-0.12666666666666668,-0.4356525834074075
-0.12666666666666668,-0.44265301017283953
-0.12666666666666668,-0.44965343693827164
-0.12666666666666668,-0.4566538637037037
-0.12666666666666668,-0.46365429046913587
-0.12666666666666668,-0.470654717234568
-0.12666666666666668,-0.477655144
-0.12666666666666668,-0.4846555707654321
-0.12666666666666668,-0.4916559975308642
-0.12666666666666668,-0.4986564242962963
-0.12666666666666668,-0.5056568510617285
-0.12666666666666668,-0.5126572778271605
-0.12666666666666668,-0.5196577045925926
-0.12666666666666668,-0.5266581313580246
-0.12666666666666668,-0.5336585581234569
-0.12666666666666668,-0.540658984888889
-0.12666666666666668,-0.547659411654321
-0.12666666666666668,-0.5546598384197532
-0.12666666666666668,-0.5616602651851852
-0.12666666666666668,-0.5686606919506173
-0.12666666666666668,-0.5756611187160494
-0.12666666666666668,-0.5826615454814815
-0.12666666666666668,-0.5896619722469136
-0.12666666666666668,-0.5966623990123457
-0.12666666666666668,-0.6036628257777777
-0.12666666666666668,-0.61066325254321
-0.12666666666666668,-0.617663679308642
-0.12666666666666668,-0.6246641060740741
-0.12666666666666668,-0.6316645328395063
-0.12666666666666668,-0.6386649596049383
-0.12666666666666668,-0.6456653863703704
-0.12666666666666668,-0.6526658131358024
-0.12666666666666668,-0.6596662399012346
-0.12666666666666668,-0.6666666666666667
-0.12000000000000001,0.02287176533333334
-0.12000000000000001,0.015906730666666674
-0.12000000000000001,0.008941696000000006
-0.12000000000000001,0.0019766613333333377
-0.12000000000000001,-0.004988373333333327
-0.12000000000000001,-0.011953407999999995
-0.12000000000000001,-0.018918442666666663
-0.12000000000000001,-0.02588347733333333
-0.12000000000000001,-0.032848511999999996
-0.12000000000000001,-0.03981354666666666
-0.12000000000000001,-0.04677858133333332
-0.12000000000000001,-0.053743615999999994
-0.12000000000000001,-0.060708650666666655
-0.12000000000000001,-0.06767368533333333
-0.12000000000000001,-0.07463871999999999
-0.12000000000000001,-0.08160375466666667
-0.12000000000000001,-0.08856878933333333
-0.12000000000000001,-0.095533824
-0.12000000000000001,-0.10249885866666668
-0.12000000000000001,-0.10946389333333333
-0.12000000000000001,-0.116428928
-0.12000000000000001,-0.12339396266666665
-0.12000000000000001,-0.13035899733333337
-0.12000000000000001,-0.137324032
-0.12000000000000001,-0.1442890666666667
-0.12000000000000001,-0.15125410133333334
-0.12000000000000001,-0.15821913600000004
-0.12000000000000001,-0.16518417066666669
-0.12000000000000001,-0.17214920533333336
-0.12000000000000001,-0.17911424
-0.12000000000000001,-0.18607927466666668
-0.12000000000000001,-0.19304430933333336
-0.12000000000000001,-0.200009344
-0.12000000000000001,-0.20697437866666668
-0.12000000000000001,-0.21393941333333333
-0.12000000000000001,-0.22090444800000003
-0.12000000000000001,-0.22786948266666668
-0.12000000000000001,-0.23483451733333338
-0.12000000000000001,-0.24179955200000003
-0.12000000000000001,-0.24876458666666668
-0.12000000000000001,-0.2557296213333334
-0.12000000000000001,-0.262694656
-0.12000000000000001,-0.2696596906666667
-0.12000000000000001,-0.2766247253333333
-0.12000000000000001,-0.28358976
-0.12000000000000001,-0.2905547946666667
-0.12000000000000001,-0.2975198293333334
-0.12000000000000001,-0.304484864
-0.12000000000000001,-0.31144989866666667
-0.12000000000000001,-0.31841493333333337
-0.12000000000000001,-0.325379968
-0.12000000000000001,-0.33234500266666667
-0.12000000000000001,-0.3393100373333333
-0.12000000000000001,-0.3462750720000001
-0.12000000000000001,-0.3532401066666667
-0.12000000000000001,-0.36020514133333337
-0.12000000000000001,-0.367170176
-0.12000000000000001,-0.3741352106666667
-0.12000000000000001,-0.38110024533333337
-0.12000000000000001,-0.38806528
-0.12000000000000001,-0.39503031466666666
-0.12000000000000001,-0.40199534933333336
-0.12000000000000001,-0.40896038400000007
-0.12000000000000001,-0.4159254186666667
-0.12000000000000001,-0.42289045333333336
-0.12000000000000001,-0.429855488
-0.12000000000000001,-0.4368205226666667
-0.12000000000000001,-0.44378555733333336
-0.12000000000000001,-0.450750592
-0.12000000000000001,-0.45771562666666665
-0.12000000000000001,-0.4646806613333334
-0.12000000000000001,-0.47164569600000006
-0.12000000000000001,-0.4786107306666667
-0.12000000000000001,-0.48557576533333335
-0.12000000000000001,-0.4925408
-0.12000000000000001,-0.49950583466666676
-0.12000000000000001,-0.5064708693333334
-0.12000000000000001,-0.513435904
-0.12000000000000001,-0.5204009386666667
-0.12000000000000001,-0.5273659733333333
-0.12000000000000001,-0.534331008
-0.12000000000000001,-0.5412960426666668
-0.12000000000000001,-0.5482610773333333
-0.12000000000000001,-0.555226112
-0.12000000000000001,-0.5621911466666667
-0.12000000000000001,-0.5691561813333333
-0.12000000000000001,-0.5761212160000001
-0.12000000000000001,-0.5830862506666666
-0.12000000000000001,-0.5900512853333334
-0.12000000000000001,-0.59701632
-0.12000000000000001,-0.6039813546666667
-0.12000000000000001,-0.6109463893333335
-0.12000000000000001,-0.617911424
-0.12000000000000001,-0.6248764586666667
-0.12000000000000001,-0.6318414933333334
-0.12000000000000001,-0.638806528
-0.12000000000000001,-0.6457715626666667
-0.12000000000000001,-0.6527365973333333
-0.12000000000000001,-0.659701632
-0.12000000000000001,-0.6666666666666667
-0.11333333333333334,0.019581983111111118
-0.11333333333333334,0.012650178567901238
-0.11333333333333334,0.005718374024691362
-0.11333333333333334,-0.0012134305185185178
-0.11333333333333334,-0.00814523506172839
-0.11333333333333334,-0.01507703960493827
-0.11333333333333334,-0.02200884414814815
-0.11333333333333334,-0.02894064869135803
-0.11333333333333334,-0.035872453234567905
-0.11333333333333334,-0.04280425777777777
-0.11333333333333334,-0.04973606232098765
-0.11333333333333334,-0.05666786686419753
-0.11333333333333334,-0.06359967140740741
-0.11333333333333334,-0.07053147595061729
-0.11333333333333334,-0.07746328049382717
-0.11333333333333334,-0.08439508503703705
-0.11333333333333334,-0.09132688958024691
-0.11333333333333334,-0.0982586941234568
-0.11333333333333334,-0.10519049866666669
-0.11333333333333334,-0.11212230320987654
-0.11333333333333334,-0.11905410775308645
-0.11333333333333334,-0.1259859122962963
-0.11333333333333334,-0.13291771683950618
-0.11333333333333334,-0.13984952138271606
-0.11333333333333334,-0.14678132592592594
-0.11333333333333334,-0.15371313046913582
-0.11333333333333334,-0.1606449350123457
-0.11333333333333334,-0.16757673955555558
-0.11333333333333334,-0.17450854409876546
-0.11333333333333334,-0.18144034864197534
-0.11333333333333334,-0.18837215318518521
-0.11333333333333334,-0.1953039577283951
-0.11333333333333334,-0.20223576227160495
-0.11333333333333334,-0.20916756681481483
-0.11333333333333334,-0.2160993713580247
-0.11333333333333334,-0.22303117590123459
-0.11333333333333334,-0.22996298044444446
-0.11333333333333334,-0.23689478498765437
-0.11333333333333334,-0.24382658953086422
-0.11333333333333334,-0.2507583940740741
-0.11333333333333334,-0.257690198617284
-0.11333333333333334,-0.2646220031604939
-0.11333333333333334,-0.27155380770370374
-0.11333333333333334,-0.2784856122469136
-0.11333333333333334,-0.2854174167901235
-0.11333333333333334,-0.29234922133333335
-0.11333333333333334,-0.29928102587654326
-0.11333333333333334,-0.3062128304197531
-0.11333333333333334,-0.31314463496296296
-0.11333333333333334,-0.32007643950617287
-0.11333333333333334,-0.3270082440493828
-0.11333333333333334,-0.33394004859259263
-0.11333333333333334,-0.3408718531358025
-0.11333333333333334,-0.3478036576790124
-0.11333333333333334,-0.35473546222222224
-0.11333333333333334,-0.36166726676543215
-0.11333333333333334,-0.368599071308642
-0.11333333333333334,-0.3755308758518519
-0.11333333333333334,-0.38246268039506176
-0.11333333333333334,-0.38939448493827167
-0.11333333333333334,-0.3963262894814815
-0.11333333333333334,-0.4032580940246914
-0.11333333333333334,-0.4101898985679013
-0.11333333333333334,-0.4171217031111112
-0.11333333333333334,-0.42405350765432104
-0.11333333333333334,-0.4309853121975309
-0.11333333333333334,-0.4379171167407408
-0.11333333333333334,-0.44484892128395065
-0.11333333333333334,-0.45178072582716056
-0.11333333333333334,-0.4587125303703704
-0.11333333333333334,-0.4656443349135803
-0.11333333333333334,-0.47257613945679017
-0.11333333333333334,-0.4795079440000001
-0.11333333333333334,-0.4864397485432099
-0.11333333333333334,-0.4933715530864198
-0.11333333333333334,-0.5003033576296297
-0.11333333333333334,-0.5072351621728396
-0.11333333333333334,-0.5141669667160494
-0.11333333333333334,-0.5210987712592593
-0.11333333333333334,-0.5280305758024691
-0.11333333333333334,-0.5349623803456791
-0.11333333333333334,-0.541894184888889
-0.11333333333333334,-0.5488259894320988
-0.11333333333333334,-0.5557577939753088
-0.11333333333333334,-0.5626895985185185
-0.11333333333333334,-0.5696214030617285
-0.11333333333333334,-0.5765532076049383
-0.11333333333333334,-0.5834850121481482
-0.11333333333333334,-0.5904168166913581
-0.11333333333333334,-0.597348621234568
-0.11333333333333334,-0.6042804257777779
-0.11333333333333334,-0.6112122303209877
-0.11333333333333334,-0.6181440348641976
-0.11333333333333334,-0.6250758394074075
-0.11333333333333334,-0.6320076439506174
-0.11333333333333334,-0.6389394484938272
-0.11333333333333334,-0.6458712530370372
-0.11333333333333334,-0.6528030575802469
-0.11333333333333334,-0.6597348621234569
-0.11333333333333334,-0.6666666666666667
-0.10666666666666667,0.01650212977777778
-0.10666666666666667,0.009601434864197534
-0.10666666666666667,0.002700739950617287
-0.10666666666666667,-0.004199954962962962
-0.10666666666666667,-0.01110064987654321
-0.10666666666666667,-0.018001344790123455
-0.10666666666666667,-0.024902039703703707
-0.10666666666666667,-0.03180273461728395
-0.10666666666666667,-0.038703429530864204
-0.10666666666666667,-0.04560412444444445
-0.10666666666666667,-0.0525048193580247
-0.10666666666666667,-0.05940551427160494
-0.10666666666666667,-0.06630620918518519
-0.10666666666666667,-0.07320690409876544
-0.10666666666666667,-0.0801075990123457
-0.10666666666666667,-0.08700829392592593
-0.10666666666666667,-0.09390898883950619
-0.10666666666666667,-0.10080968375308644
-0.10666666666666667,-0.10771037866666668
-0.10666666666666667,-0.11461107358024693
-0.10666666666666667,-0.12151176849382718
-0.10666666666666667,-0.12841246340740742
-0.10666666666666667,-0.13531315832098767
-0.10666666666666667,-0.14221385323456792
-0.10666666666666667,-0.14911454814814817
-0.10666666666666667,-0.15601524306172843
-0.10666666666666667,-0.16291593797530868
-0.10666666666666667,-0.16981663288888893
-0.10666666666666667,-0.17671732780246918
-0.10666666666666667,-0.18361802271604943
-0.10666666666666667,-0.19051871762962969
-0.10666666666666667,-0.19741941254320988
-0.10666666666666667,-0.20432010745679013
-0.10666666666666667,-0.2112208023703704
-0.10666666666666667,-0.21812149728395064
-0.10666666666666667,-0.2250221921975309
-0.10666666666666667,-0.23192288711111114
-0.10666666666666667,-0.2388235820246914
-0.10666666666666667,-0.24572427693827165
-0.10666666666666667,-0.2526249718518519
-0.10666666666666667,-0.25952566676543215
-0.10666666666666667,-0.2664263616790124
-0.10666666666666667,-0.27332705659259265
-0.10666666666666667,-0.2802277515061729
-0.10666666666666667,-0.28712844641975316
-0.10666666666666667,-0.2940291413333334
-0.10666666666666667,-0.30092983624691366
-0.10666666666666667,-0.30783053116049386
-0.10666666666666667,-0.3147312260740741
-0.10666666666666667,-0.3216319209876544
-0.10666666666666667,-0.3285326159012346
-0.10666666666666667,-0.33543331081481487
-0.10666666666666667,-0.3423340057283951
-0.10666666666666667,-0.34923470064197537
-0.10666666666666667,-0.3561353955555556
-0.10666666666666667,-0.3630360904691359
-0.10666666666666667,-0.3699367853827161
-0.10666666666666667,-0.3768374802962964
-0.10666666666666667,-0.38373817520987663
-0.10666666666666667,-0.3906388701234569
-0.10666666666666667,-0.3975395650370371
-0.10666666666666667,-0.4044402599506174
-0.10666666666666667,-0.41134095486419764
-0.10666666666666667,-0.41824164977777784
-0.10666666666666667,-0.4251423446913581
-0.10666666666666667,-0.43204303960493834
-0.10666666666666667,-0.4389437345185186
-0.10666666666666667,-0.44584442943209884
-0.10666666666666667,-0.4527451243456791
-0.10666666666666667,-0.45964581925925935
-0.10666666666666667,-0.4665465141728396
-0.10666666666666667,-0.47344720908641985
-0.10666666666666667,-0.48034790400000005
-0.10666666666666667,-0.4872485989135803
-0.10666666666666667,-0.49414929382716055
-0.10666666666666667,-0.5010499887407408
-0.10666666666666667,-0.5079506836543212
-0.10666666666666667,-0.5148513785679013
-0.10666666666666667,-0.5217520734814816
-0.10666666666666667,-0.5286527683950618
-0.10666666666666667,-0.5355534633086421
-0.10666666666666667,-0.5424541582222223
-0.10666666666666667,-0.5493548531358026
-0.10666666666666667,-0.5562555480493828
-0.10666666666666667,-0.563156242962963
-0.10666666666666667,-0.5700569378765433
-0.10666666666666667,-0.5769576327901236
-0.10666666666666667,-0.5838583277037038
-0.10666666666666667,-0.5907590226172841
-0.10666666666666667,-0.5976597175308643
-0.10666666666666667,-0.6045604124444446
-0.10666666666666667,-0.6114611073580248
-0.10666666666666667,-0.618361802271605
-0.10666666666666667,-0.6252624971851853
-0.10666666666666667,-0.6321631920987656
-0.10666666666666667,-0.6390638870123457
-0.10666666666666667,-0.6459645819259261
-0.10666666666666667,-0.6528652768395062
-0.10666666666666667,-0.6597659717530865
-0.10666666666666667,-0.6666666666666669
-0.1,0.013628333333333336
-0.1,0.0067566666666666695
-0.1,-0.00011499999999999705
-0.1,-0.006986666666666665
-0.1,-0.013858333333333334
-0.1,-0.02073
-0.1,-0.02760166666666667
-0.1,-0.034473333333333335
-0.1,-0.04134500000000001
-0.1,-0.04821666666666667
-0.1,-0.055088333333333336
-0.1,-0.06196
-0.1,-0.06883166666666667
-0.1,-0.07570333333333334
-0.1,-0.08257500000000001
-0.1,-0.08944666666666667
-0.1,-0.09631833333333334
-0.1,-0.10319000000000002
-0.1,-0.11006166666666668
-0.1,-0.11693333333333335
-0.1,-0.12380500000000001
-0.1,-0.13067666666666666
-0.1,-0.13754833333333333
-0.1,-0.14442
-0.1,-0.1512916666666667
-0.1,-0.15816333333333332
-0.1,-0.16503500000000004
-0.1,-0.1719066666666667
-0.1,-0.17877833333333337
-0.1,-0.18565000000000004
-0.1,-0.1925216666666667
-0.1,-0.19939333333333337
-0.1,-0.20626500000000003
-0.1,-0.2131366666666667
-0.1,-0.22000833333333336
-0.1,-0.22688000000000003
-0.1,-0.2337516666666667
-0.1,-0.24062333333333336
-0.1,-0.24749500000000002
-0.1,-0.2543666666666667
-0.1,-0.26123833333333335
-0.1,-0.26811
-0.1,-0.2749816666666667
-0.1,-0.28185333333333334
-0.1,-0.28872500000000006
-0.1,-0.2955966666666667
-0.1,-0.30246833333333334
-0.1,-0.30934
-0.1,-0.31621166666666667
-0.1,-0.3230833333333334
-0.1,-0.329955
-0.1,-0.33682666666666666
-0.1,-0.34369833333333333
-0.1,-0.35057000000000005
-0.1,-0.3574416666666667
-0.1,-0.3643133333333334
-0.1,-0.371185
-0.1,-0.3780566666666667
-0.1,-0.3849283333333334
-0.1,-0.39180000000000004
-0.1,-0.3986716666666667
-0.1,-0.40554333333333337
-0.1,-0.41241500000000003
-0.1,-0.4192866666666667
-0.1,-0.42615833333333336
-0.1,-0.43303
-0.1,-0.43990166666666675
-0.1,-0.44677333333333336
-0.1,-0.453645
-0.1,-0.4605166666666667
-0.1,-0.4673883333333334
-0.1,-0.47426000000000007
-0.1,-0.4811316666666667
-0.1,-0.4880033333333334
-0.1,-0.494875
-0.1,-0.5017466666666668
-0.1,-0.5086183333333335
-0.1,-0.5154900000000001
-0.1,-0.5223616666666668
-0.1,-0.5292333333333334
-0.1,-0.536105
-0.1,-0.5429766666666668
-0.1,-0.5498483333333334
-0.1,-0.5567200000000001
-0.1,-0.5635916666666667
-0.1,-0.5704633333333334
-0.1,-0.5773350000000002
-0.1,-0.5842066666666668
-0.1,-0.5910783333333335
-0.1,-0.5979500000000002
-0.1,-0.6048216666666668
-0.1,-0.6116933333333334
-0.1,-0.618565
-0.1,-0.6254366666666668
-0.1,-0.6323083333333335
-0.1,-0.6391800000000001
-0.1,-0.6460516666666668
-0.1,-0.6529233333333334
-0.1,-0.6597950000000001
-0.1,-0.6666666666666669
-0.09333333333333334,0.010956956444444445
-0.09333333333333334,0.0041122733827160494
-0.09333333333333334,-0.0027324096790123445
-0.09333333333333334,-0.009577092740740742
-0.09333333333333334,-0.016421775802469132
-0.09333333333333334,-0.02326645886419753
-0.09333333333333334,-0.030111141925925927
-0.09333333333333334,-0.036955824987654325
-0.09333333333333334,-0.04380050804938272
-0.09333333333333334,-0.050645191111111106
-0.09333333333333334,-0.05748987417283951
-0.09333333333333334,-0.06433455723456791
-0.09333333333333334,-0.0711792402962963
-0.09333333333333334,-0.07802392335802469
-0.09333333333333334,-0.0848686064197531
-0.09333333333333334,-0.0917132894814815
-0.09333333333333334,-0.09855797254320989
-0.09333333333333334,-0.10540265560493828
-0.09333333333333334,-0.1122473386666667
-0.09333333333333334,-0.11909202172839506
-0.09333333333333334,-0.12593670479012348
-0.09333333333333334,-0.13278138785185187
-0.09333333333333334,-0.13962607091358029
-0.09333333333333334,-0.14647075397530865
-0.09333333333333334,-0.15331543703703707
-0.09333333333333334,-0.16016012009876546
-0.09333333333333334,-0.16700480316049385
-0.09333333333333334,-0.17384948622222224
-0.09333333333333334,-0.18069416928395066
-0.09333333333333334,-0.18753885234567905
-0.09333333333333334,-0.19438353540740744
-0.09333333333333334,-0.20122821846913583
-0.09333333333333334,-0.20807290153086422
-0.09333333333333334,-0.2149175845925926
-0.09333333333333334,-0.221762267654321
-0.09333333333333334,-0.22860695071604942
-0.09333333333333334,-0.2354516337777778
-0.09333333333333334,-0.24229631683950623
-0.09333333333333334,-0.2491409999012346
-0.09333333333333334,-0.2559856829629629
-0.09333333333333334,-0.2628303660246914
-0.09333333333333334,-0.26967504908641976
-0.09333333333333334,-0.2765197321481481
-0.09333333333333334,-0.28336441520987654
-0.09333333333333334,-0.29020909827160496
-0.09333333333333334,-0.2970537813333334
-0.09333333333333334,-0.30389846439506174
-0.09333333333333334,-0.3107431474567901
-0.09333333333333334,-0.3175878305185185
-0.09333333333333334,-0.32443251358024694
-0.09333333333333334,-0.3312771966419753
-0.09333333333333334,-0.3381218797037037
-0.09333333333333334,-0.3449665627654321
-0.09333333333333334,-0.3518112458271605
-0.09333333333333334,-0.3586559288888889
-0.09333333333333334,-0.3655006119506173
-0.09333333333333334,-0.3723452950123457
-0.09333333333333334,-0.3791899780740741
-0.09333333333333334,-0.3860346611358025
-0.09333333333333334,-0.3928793441975309
-0.09333333333333334,-0.39972402725925926
-0.09333333333333334,-0.4065687103209877
-0.09333333333333334,-0.4134133933827161
-0.09333333333333334,-0.42025807644444446
-0.09333333333333334,-0.4271027595061728
-0.09333333333333334,-0.43394744256790124
-0.09333333333333334,-0.44079212562962966
-0.09333333333333334,-0.447636808691358
-0.09333333333333334,-0.45448149175308644
-0.09333333333333334,-0.4613261748148148
-0.09333333333333334,-0.4681708578765433
-0.09333333333333334,-0.47501554093827164
-0.09333333333333334,-0.481860224
-0.09333333333333334,-0.4887049070617284
-0.09333333333333334,-0.4955495901234568
-0.09333333333333334,-0.5023942731851853
-0.09333333333333334,-0.5092389562469136
-0.09333333333333334,-0.516083639308642
-0.09333333333333334,-0.5229283223703705
-0.09333333333333334,-0.5297730054320987
-0.09333333333333334,-0.5366176884938272
-0.09333333333333334,-0.5434623715555557
-0.09333333333333334,-0.5503070546172839
-0.09333333333333334,-0.5571517376790124
-0.09333333333333334,-0.5639964207407407
-0.09333333333333334,-0.5708411038024691
-0.09333333333333334,-0.5776857868641976
-0.09333333333333334,-0.5845304699259259
-0.09333333333333334,-0.5913751529876544
-0.09333333333333334,-0.5982198360493828
-0.09333333333333334,-0.6050645191111111
-0.09333333333333334,-0.6119092021728396
-0.09333333333333334,-0.6187538852345679
-0.09333333333333334,-0.6255985682962963
-0.09333333333333334,-0.6324432513580248
-0.09333333333333334,-0.6392879344197531
-0.09333333333333334,-0.6461326174814815
-0.09333333333333334,-0.6529773005432099
-0.09333333333333334,-0.6598219836049383
-0.09333333333333334,-0.6666666666666667
-0.08666666666666667,0.008484596444444444
-0.08666666666666667,0.001664886716049382
-0.08666666666666667,-0.005154823012345679
-0.08666666666666667,-0.011974532740740743
-0.08666666666666667,-0.0187942424691358
-0.08666666666666667,-0.025613952197530866
-0.08666666666666667,-0.03243366192592592
-0.08666666666666667,-0.039253371654320995
-0.08666666666666667,-0.046073081382716055
-0.08666666666666667,-0.0528927911111111
-0.08666666666666667,-0.059712500839506175
-0.08666666666666667,-0.06653221056790123
-0.08666666666666667,-0.0733519202962963
-0.08666666666666667,-0.08017163002469135
-0.08666666666666667,-0.08699133975308643
-0.08666666666666667,-0.09381104948148149
-0.08666666666666667,-0.10063075920987655
-0.08666666666666667,-0.1074504689382716
-0.08666666666666667,-0.11427017866666667
-0.08666666666666667,-0.12108988839506171
-0.08666666666666667,-0.1279095981234568
-0.08666666666666667,-0.13472930785185186
-0.08666666666666667,-0.14154901758024693
-0.08666666666666667,-0.14836872730864198
-0.08666666666666667,-0.15518843703703705
-0.08666666666666667,-0.1620081467654321
-0.08666666666666667,-0.16882785649382717
-0.08666666666666667,-0.17564756622222222
-0.08666666666666667,-0.1824672759506173
-0.08666666666666667,-0.18928698567901237
-0.08666666666666667,-0.19610669540740744
-0.08666666666666667,-0.20292640513580248
-0.08666666666666667,-0.20974611486419753
-0.08666666666666667,-0.2165658245925926
-0.08666666666666667,-0.22338553432098765
-0.08666666666666667,-0.23020524404938272
-0.08666666666666667,-0.23702495377777777
-0.08666666666666667,-0.24384466350617284
-0.08666666666666667,-0.2506643732345679
-0.08666666666666667,-0.25748408296296293
-0.08666666666666667,-0.26430379269135806
-0.08666666666666667,-0.27112350241975314
-0.08666666666666667,-0.27794321214814816
-0.08666666666666667,-0.28476292187654323
-0.08666666666666667,-0.2915826316049383
-0.08666666666666667,-0.2984023413333334
-0.08666666666666667,-0.3052220510617284
-0.08666666666666667,-0.31204176079012347
-0.08666666666666667,-0.3188614705185185
-0.08666666666666667,-0.3256811802469136
-0.08666666666666667,-0.3325008899753087
-0.08666666666666667,-0.3393205997037037
-0.08666666666666667,-0.3461403094320988
-0.08666666666666667,-0.35296001916049385
-0.08666666666666667,-0.35977972888888893
-0.08666666666666667,-0.36659943861728395
-0.08666666666666667,-0.373419148345679
-0.08666666666666667,-0.3802388580740741
-0.08666666666666667,-0.38705856780246917
-0.08666666666666667,-0.39387827753086424
-0.08666666666666667,-0.40069798725925926
-0.08666666666666667,-0.4075176969876544
-0.08666666666666667,-0.4143374067160494
-0.08666666666666667,-0.4211571164444445
-0.08666666666666667,-0.4279768261728395
-0.08666666666666667,-0.43479653590123457
-0.08666666666666667,-0.4416162456296297
-0.08666666666666667,-0.4484359553580247
-0.08666666666666667,-0.4552556650864198
-0.08666666666666667,-0.4620753748148148
-0.08666666666666667,-0.46889508454320994
-0.08666666666666667,-0.47571479427160496
-0.08666666666666667,-0.48253450400000003
-0.08666666666666667,-0.48935421372839505
-0.08666666666666667,-0.4961739234567901
-0.08666666666666667,-0.5029936331851852
-0.08666666666666667,-0.5098133429135804
-0.08666666666666667,-0.5166330526419753
-0.08666666666666667,-0.5234527623703704
-0.08666666666666667,-0.5302724720987654
-0.08666666666666667,-0.5370921818271606
-0.08666666666666667,-0.5439118915555556
-0.08666666666666667,-0.5507316012839506
-0.08666666666666667,-0.5575513110123458
-0.08666666666666667,-0.5643710207407407
-0.08666666666666667,-0.5711907304691358
-0.08666666666666667,-0.5780104401975309
-0.08666666666666667,-0.584830149925926
-0.08666666666666667,-0.591649859654321
-0.08666666666666667,-0.5984695693827161
-0.08666666666666667,-0.6052892791111111
-0.08666666666666667,-0.6121089888395063
-0.08666666666666667,-0.6189286985679012
-0.08666666666666667,-0.6257484082962963
-0.08666666666666667,-0.6325681180246915
-0.08666666666666667,-0.6393878277530864
-0.08666666666666667,-0.6462075374814815
-0.08666666666666667,-0.6530272472098765
-0.08666666666666667,-0.6598469569382717
-0.08666666666666667,-0.6666666666666667
-0.08,0.006208085333333333
-0.08,-0.0005886293333333351
-0.08,-0.007385344000000002
-0.08,-0.01418205866666667
-0.08,-0.020978773333333336
-0.08,-0.027775488000000004
-0.08,-0.034572202666666677
-0.08,-0.04136891733333334
-0.08,-0.048165632000000014
-0.08,-0.054962346666666675
-0.08,-0.06175906133333334
-0.08,-0.06855577600000001
-0.08,-0.07535249066666667
-0.08,-0.08214920533333335
-0.08,-0.08894592000000001
-0.08,-0.09574263466666669
-0.08,-0.10253934933333335
-0.08,-0.10933606400000002
-0.08,-0.1161327786666667
-0.08,-0.12292949333333335
-0.08,-0.129726208
-0.08,-0.13652292266666666
-0.08,-0.14331963733333336
-0.08,-0.150116352
-0.08,-0.15691306666666668
-0.08,-0.16370978133333333
-0.08,-0.170506496
-0.08,-0.17730321066666668
-0.08,-0.18409992533333336
-0.08,-0.19089664
-0.08,-0.19769335466666668
-0.08,-0.20449006933333336
-0.08,-0.211286784
-0.08,-0.21808349866666668
-0.08,-0.22488021333333333
-0.08,-0.23167692800000003
-0.08,-0.23847364266666668
-0.08,-0.24527035733333338
-0.08,-0.25206707200000006
-0.08,-0.2588637866666667
-0.08,-0.2656605013333334
-0.08,-0.27245721600000006
-0.08,-0.2792539306666667
-0.08,-0.28605064533333335
-0.08,-0.29284736000000006
-0.08,-0.29964407466666676
-0.08,-0.3064407893333334
-0.08,-0.31323750400000006
-0.08,-0.3200342186666667
-0.08,-0.3268309333333334
-0.08,-0.33362764800000005
-0.08,-0.3404243626666667
-0.08,-0.34722107733333335
-0.08,-0.35401779200000005
-0.08,-0.36081450666666676
-0.08,-0.3676112213333334
-0.08,-0.37440793600000005
-0.08,-0.38120465066666676
-0.08,-0.3880013653333334
-0.08,-0.39479808000000005
-0.08,-0.4015947946666667
-0.08,-0.4083915093333334
-0.08,-0.4151882240000001
-0.08,-0.42198493866666675
-0.08,-0.4287816533333334
-0.08,-0.43557836800000005
-0.08,-0.44237508266666675
-0.08,-0.4491717973333334
-0.08,-0.45596851200000005
-0.08,-0.4627652266666667
-0.08,-0.46956194133333345
-0.08,-0.4763586560000001
-0.08,-0.48315537066666675
-0.08,-0.4899520853333334
-0.08,-0.49674880000000005
-0.08,-0.5035455146666667
-0.08,-0.5103422293333334
-0.08,-0.517138944
-0.08,-0.5239356586666667
-0.08,-0.5307323733333333
-0.08,-0.537529088
-0.08,-0.5443258026666667
-0.08,-0.5511225173333333
-0.08,-0.557919232
-0.08,-0.5647159466666667
-0.08,-0.5715126613333333
-0.08,-0.5783093760000001
-0.08,-0.5851060906666666
-0.08,-0.5919028053333334
-0.08,-0.59869952
-0.08,-0.6054962346666667
-0.08,-0.6122929493333334
-0.08,-0.619089664
-0.08,-0.6258863786666667
-0.08,-0.6326830933333334
-0.08,-0.639479808
-0.08,-0.6462765226666667
-0.08,-0.6530732373333333
-0.08,-0.659869952
-0.08,-0.6666666666666667
-0.07333333333333333,0.004124489777777778
-0.07333333333333333,-0.002651178469135802
-0.07333333333333333,-0.00942684671604938
-0.07333333333333333,-0.01620251496296296
-0.07333333333333333,-0.02297818320987654
-0.07333333333333333,-0.029753851456790117
-0.07333333333333333,-0.0365295197037037
-0.07333333333333333,-0.04330518795061728
-0.07333333333333333,-0.05008085619753086
-0.07333333333333333,-0.05685652444444444
-0.07333333333333333,-0.06363219269135803
-0.07333333333333333,-0.0704078609382716
-0.07333333333333333,-0.07718352918518519
-0.07333333333333333,-0.08395919743209877
-0.07333333333333333,-0.09073486567901234
-0.07333333333333333,-0.09751053392592593
-0.07333333333333333,-0.10428620217283951
-0.07333333333333333,-0.11106187041975309
-0.07333333333333333,-0.11783753866666669
-0.07333333333333333,-0.12461320691358024
-0.07333333333333333,-0.13138887516049383
-0.07333333333333333,-0.13816454340740741
-0.07333333333333333,-0.144940211654321
-0.07333333333333333,-0.15171587990123456
-0.07333333333333333,-0.15849154814814817
-0.07333333333333333,-0.16526721639506173
-0.07333333333333333,-0.1720428846419753
-0.07333333333333333,-0.1788185528888889
-0.07333333333333333,-0.18559422113580248
-0.07333333333333333,-0.19236988938271604
-0.07333333333333333,-0.19914555762962965
-0.07333333333333333,-0.2059212258765432
-0.07333333333333333,-0.21269689412345677
-0.07333333333333333,-0.21947256237037038
-0.07333333333333333,-0.22624823061728394
-0.07333333333333333,-0.23302389886419753
-0.07333333333333333,-0.2397995671111111
-0.07333333333333333,-0.24657523535802472
-0.07333333333333333,-0.2533509036049383
-0.07333333333333333,-0.26012657185185184
-0.07333333333333333,-0.26690224009876545
-0.07333333333333333,-0.273677908345679
-0.07333333333333333,-0.28045357659259257
-0.07333333333333333,-0.2872292448395062
-0.07333333333333333,-0.2940049130864198
-0.07333333333333333,-0.30078058133333335
-0.07333333333333333,-0.3075562495802469
-0.07333333333333333,-0.31433191782716047
-0.07333333333333333,-0.321107586074074
-0.07333333333333333,-0.3278832543209877
-0.07333333333333333,-0.33465892256790125
-0.07333333333333333,-0.3414345908148148
-0.07333333333333333,-0.34821025906172837
-0.07333333333333333,-0.354985927308642
-0.07333333333333333,-0.3617615955555556
-0.07333333333333333,-0.36853726380246915
-0.07333333333333333,-0.3753129320493827
-0.07333333333333333,-0.3820886002962963
-0.07333333333333333,-0.3888642685432099
-0.07333333333333333,-0.39563993679012344
-0.07333333333333333,-0.40241560503703705
-0.07333333333333333,-0.40919127328395066
-0.07333333333333333,-0.4159669415308642
-0.07333333333333333,-0.4227426097777778
-0.07333333333333333,-0.42951827802469134
-0.07333333333333333,-0.4362939462716049
-0.07333333333333333,-0.44306961451851856
-0.07333333333333333,-0.4498452827654321
-0.07333333333333333,-0.4566209510123457
-0.07333333333333333,-0.46339661925925923
-0.07333333333333333,-0.47017228750617285
-0.07333333333333333,-0.4769479557530864
-0.07333333333333333,-0.483723624
-0.07333333333333333,-0.4904992922469136
-0.07333333333333333,-0.49727496049382713
-0.07333333333333333,-0.5040506287407408
-0.07333333333333333,-0.5108262969876544
-0.07333333333333333,-0.5176019652345679
-0.07333333333333333,-0.5243776334814815
-0.07333333333333333,-0.531153301728395
-0.07333333333333333,-0.5379289699753087
-0.07333333333333333,-0.5447046382222223
-0.07333333333333333,-0.5514803064691358
-0.07333333333333333,-0.5582559747160494
-0.07333333333333333,-0.5650316429629629
-0.07333333333333333,-0.5718073112098765
-0.07333333333333333,-0.5785829794567902
-0.07333333333333333,-0.5853586477037037
-0.07333333333333333,-0.5921343159506173
-0.07333333333333333,-0.5989099841975309
-0.07333333333333333,-0.6056856524444444
-0.07333333333333333,-0.6124613206913581
-0.07333333333333333,-0.6192369889382716
-0.07333333333333333,-0.6260126571851852
-0.07333333333333333,-0.6327883254320988
-0.07333333333333333,-0.6395639936790123
-0.07333333333333333,-0.646339661925926
-0.07333333333333333,-0.6531153301728394
-0.07333333333333333,-0.6598909984197531
-0.07333333333333333,-0.6666666666666667
-0.06666666666666667,0.002231111111111111
-0.06666666666666667,-0.004525432098765433
-0.06666666666666667,-0.011281975308641976
-0.06666666666666667,-0.01803851851851852
-0.06666666666666667,-0.024795061728395056
-0.06666666666666667,-0.03155160493827161
-0.06666666666666667,-0.03830814814814815
-0.06666666666666667,-0.0450646913580247
-0.06666666666666667,-0.051821234567901234
-0.06666666666666667,-0.05857777777777777
-0.06666666666666667,-0.06533432098765432
-0.06666666666666667,-0.07209086419753087
-0.06666666666666667,-0.07884740740740741
-0.06666666666666667,-0.08560395061728396
-0.06666666666666667,-0.0923604938271605
-0.06666666666666667,-0.09911703703703705
-0.06666666666666667,-0.10587358024691358
-0.06666666666666667,-0.11263012345679013
-0.06666666666666667,-0.11938666666666668
-0.06666666666666667,-0.12614320987654318
-0.06666666666666667,-0.13289975308641974
-0.06666666666666667,-0.13965629629629628
-0.06666666666666667,-0.14641283950617284
-0.06666666666666667,-0.15316938271604938
-0.06666666666666667,-0.15992592592592592
-0.06666666666666667,-0.16668246913580245
-0.06666666666666667,-0.17343901234567902
-0.06666666666666667,-0.18019555555555555
-0.06666666666666667,-0.1869520987654321
-0.06666666666666667,-0.19370864197530863
-0.06666666666666667,-0.2004651851851852
-0.06666666666666667,-0.20722172839506173
-0.06666666666666667,-0.21397827160493826
-0.06666666666666667,-0.2207348148148148
-0.06666666666666667,-0.22749135802469134
-0.06666666666666667,-0.2342479012345679
-0.06666666666666667,-0.24100444444444444
-0.06666666666666667,-0.247760987654321
-0.06666666666666667,-0.25451753086419754
-0.06666666666666667,-0.26127407407407405
-0.06666666666666667,-0.26803061728395067
-0.06666666666666667,-0.2747871604938272
-0.06666666666666667,-0.28154370370370374
-0.06666666666666667,-0.28830024691358025
-0.06666666666666667,-0.2950567901234568
-0.06666666666666667,-0.3018133333333334
-0.06666666666666667,-0.3085698765432099
-0.06666666666666667,-0.31532641975308645
-0.06666666666666667,-0.32208296296296296
-0.06666666666666667,-0.3288395061728395
-0.06666666666666667,-0.3355960493827161
-0.06666666666666667,-0.3423525925925926
-0.06666666666666667,-0.3491091358024691
-0.06666666666666667,-0.3558656790123457
-0.06666666666666667,-0.36262222222222223
-0.06666666666666667,-0.3693787654320988
-0.06666666666666667,-0.3761353086419753
-0.06666666666666667,-0.38289185185185187
-0.06666666666666667,-0.38964839506172844
-0.06666666666666667,-0.39640493827160495
-0.06666666666666667,-0.4031614814814815
-0.06666666666666667,-0.4099180246913581
-0.06666666666666667,-0.4166745679012346
-0.06666666666666667,-0.42343111111111115
-0.06666666666666667,-0.43018765432098766
-0.06666666666666667,-0.4369441975308642
-0.06666666666666667,-0.4437007407407408
-0.06666666666666667,-0.4504572839506173
-0.06666666666666667,-0.45721382716049386
-0.06666666666666667,-0.46397037037037037
-0.06666666666666667,-0.47072691358024693
-0.06666666666666667,-0.4774834567901235
-0.06666666666666667,-0.48424
-0.06666666666666667,-0.49099654320987657
-0.06666666666666667,-0.4977530864197531
-0.06666666666666667,-0.5045096296296296
-0.06666666666666667,-0.5112661728395062
-0.06666666666666667,-0.5180227160493827
-0.06666666666666667,-0.5247792592592593
-0.06666666666666667,-0.5315358024691357
-0.06666666666666667,-0.5382923456790123
-0.06666666666666667,-0.5450488888888889
-0.06666666666666667,-0.5518054320987654
-0.06666666666666667,-0.5585619753086419
-0.06666666666666667,-0.5653185185185184
-0.06666666666666667,-0.5720750617283951
-0.06666666666666667,-0.5788316049382716
-0.06666666666666667,-0.5855881481481481
-0.06666666666666667,-0.5923446913580247
-0.06666666666666667,-0.5991012345679012
-0.06666666666666667,-0.6058577777777777
-0.06666666666666667,-0.6126143209876543
-0.06666666666666667,-0.6193708641975307
-0.06666666666666667,-0.6261274074074074
-0.06666666666666667,-0.632883950617284
-0.06666666666666667,-0.6396404938271605
-0.06666666666666667,-0.646397037037037
-0.06666666666666667,-0.6531535802469135
-0.06666666666666667,-0.6599101234567901
-0.06666666666666667,-0.6666666666666666
-0.060000000000000005,0.000525485333333334
-0.060000000000000005,-0.006213829333333334
-0.060000000000000005,-0.012953144
-0.060000000000000005,-0.01969245866666667
-0.060000000000000005,-0.026431773333333332
-0.060000000000000005,-0.033171088
-0.060000000000000005,-0.03991040266666667
-0.060000000000000005,-0.04664971733333334
-0.060000000000000005,-0.053389032
-0.060000000000000005,-0.060128346666666665
-0.060000000000000005,-0.06686766133333334
-0.060000000000000005,-0.073606976
-0.060000000000000005,-0.08034629066666667
-0.060000000000000005,-0.08708560533333334
-0.060000000000000005,-0.09382492
-0.060000000000000005,-0.10056423466666668
-0.060000000000000005,-0.10730354933333335
-0.060000000000000005,-0.11404286400000001
-0.060000000000000005,-0.12078217866666667
-0.060000000000000005,-0.12752149333333335
-0.060000000000000005,-0.134260808
-0.060000000000000005,-0.14100012266666667
-0.060000000000000005,-0.14773943733333333
-0.060000000000000005,-0.154478752
-0.060000000000000005,-0.16121806666666672
-0.060000000000000005,-0.16795738133333332
-0.060000000000000005,-0.17469669600000004
-0.060000000000000005,-0.1814360106666667
-0.060000000000000005,-0.18817532533333337
-0.060000000000000005,-0.19491464000000003
-0.060000000000000005,-0.2016539546666667
-0.060000000000000005,-0.20839326933333335
-0.060000000000000005,-0.21513258400000002
-0.060000000000000005,-0.22187189866666668
-0.060000000000000005,-0.22861121333333334
-0.060000000000000005,-0.235350528
-0.060000000000000005,-0.24208984266666667
-0.060000000000000005,-0.24882915733333333
-0.060000000000000005,-0.255568472
-0.060000000000000005,-0.26230778666666665
-0.060000000000000005,-0.26904710133333337
-0.060000000000000005,-0.27578641600000003
-0.060000000000000005,-0.2825257306666667
-0.060000000000000005,-0.28926504533333336
-0.060000000000000005,-0.29600436
-0.060000000000000005,-0.3027436746666667
-0.060000000000000005,-0.30948298933333335
-0.060000000000000005,-0.316222304
-0.060000000000000005,-0.32296161866666667
-0.060000000000000005,-0.3297009333333334
-0.060000000000000005,-0.33644024800000005
-0.060000000000000005,-0.34317956266666666
-0.060000000000000005,-0.3499188773333333
-0.060000000000000005,-0.35665819200000004
-0.060000000000000005,-0.3633975066666667
-0.060000000000000005,-0.37013682133333337
-0.060000000000000005,-0.37687613600000003
-0.060000000000000005,-0.38361545066666675
-0.060000000000000005,-0.39035476533333335
-0.060000000000000005,-0.39709408
-0.060000000000000005,-0.4038333946666667
-0.060000000000000005,-0.4105727093333334
-0.060000000000000005,-0.41731202400000006
-0.060000000000000005,-0.4240513386666667
-0.060000000000000005,-0.43079065333333333
-0.060000000000000005,-0.437529968
-0.060000000000000005,-0.4442692826666667
-0.060000000000000005,-0.45100859733333337
-0.060000000000000005,-0.45774791200000003
-0.060000000000000005,-0.4644872266666667
-0.060000000000000005,-0.4712265413333334
-0.060000000000000005,-0.477965856
-0.060000000000000005,-0.4847051706666667
-0.060000000000000005,-0.49144448533333335
-0.060000000000000005,-0.4981838
-0.060000000000000005,-0.5049231146666667
-0.060000000000000005,-0.5116624293333335
-0.060000000000000005,-0.518401744
-0.060000000000000005,-0.5251410586666668
-0.060000000000000005,-0.5318803733333334
-0.060000000000000005,-0.5386196880000002
-0.060000000000000005,-0.5453590026666668
-0.060000000000000005,-0.5520983173333334
-0.060000000000000005,-0.5588376320000001
-0.060000000000000005,-0.5655769466666667
-0.060000000000000005,-0.5723162613333335
-0.060000000000000005,-0.5790555760000001
-0.060000000000000005,-0.5857948906666668
-0.060000000000000005,-0.5925342053333335
-0.060000000000000005,-0.5992735200000001
-0.060000000000000005,-0.6060128346666668
-0.060000000000000005,-0.6127521493333334
-0.060000000000000005,-0.6194914640000001
-0.060000000000000005,-0.6262307786666668
-0.060000000000000005,-0.6329700933333335
-0.060000000000000005,-0.6397094080000001
-0.060000000000000005,-0.6464487226666668
-0.060000000000000005,-0.6531880373333334
-0.060000000000000005,-0.6599273520000001
-0.060000000000000005,-0.6666666666666669
-0.05333333333333334,-0.000994616888888889
-0.05333333333333334,-0.0077185769876543225
-0.05333333333333334,-0.014442537086419755
-0.05333333333333334,-0.02116649718518519
-0.05333333333333334,-0.02789045728395062
-0.05333333333333334,-0.034614417382716055
-0.05333333333333334,-0.04133837748148149
-0.05333333333333334,-0.048062337580246924
-0.05333333333333334,-0.05478629767901236
-0.05333333333333334,-0.061510257777777785
-0.05333333333333334,-0.06823421787654321
-0.05333333333333334,-0.07495817797530865
-0.05333333333333334,-0.08168213807407408
-0.05333333333333334,-0.08840609817283952
-0.05333333333333334,-0.09513005827160495
-0.05333333333333334,-0.10185401837037039
-0.05333333333333334,-0.10857797846913582
-0.05333333333333334,-0.11530193856790126
-0.05333333333333334,-0.1220258986666667
-0.05333333333333334,-0.1287498587654321
-0.05333333333333334,-0.13547381886419757
-0.05333333333333334,-0.14219777896296298
-0.05333333333333334,-0.14892173906172845
-0.05333333333333334,-0.15564569916049387
-0.05333333333333334,-0.16236965925925928
-0.05333333333333334,-0.1690936193580247
-0.05333333333333334,-0.17581757945679016
-0.05333333333333334,-0.18254153955555558
-0.05333333333333334,-0.18926549965432105
-0.05333333333333334,-0.19598945975308646
-0.05333333333333334,-0.20271341985185187
-0.05333333333333334,-0.20943737995061734
-0.05333333333333334,-0.21616134004938276
-0.05333333333333334,-0.22288530014814817
-0.05333333333333334,-0.22960926024691358
-0.05333333333333334,-0.23633322034567905
-0.05333333333333334,-0.24305718044444447
-0.05333333333333334,-0.24978114054320993
-0.05333333333333334,-0.25650510064197535
-0.05333333333333334,-0.26322906074074076
-0.05333333333333334,-0.26995302083950623
-0.05333333333333334,-0.27667698093827164
-0.05333333333333334,-0.28340094103703706
-0.05333333333333334,-0.29012490113580247
-0.05333333333333334,-0.29684886123456794
-0.05333333333333334,-0.3035728213333334
-0.05333333333333334,-0.3102967814320988
-0.05333333333333334,-0.31702074153086424
-0.05333333333333334,-0.32374470162962965
-0.05333333333333334,-0.3304686617283951
-0.05333333333333334,-0.33719262182716053
-0.05333333333333334,-0.34391658192592595
-0.05333333333333334,-0.35064054202469136
-0.05333333333333334,-0.35736450212345683
-0.05333333333333334,-0.3640884622222223
-0.05333333333333334,-0.3708124223209877
-0.05333333333333334,-0.3775363824197531
-0.05333333333333334,-0.3842603425185186
-0.05333333333333334,-0.390984302617284
-0.05333333333333334,-0.3977082627160494
-0.05333333333333334,-0.40443222281481483
-0.05333333333333334,-0.4111561829135803
-0.05333333333333334,-0.4178801430123458
-0.05333333333333334,-0.4246041031111112
-0.05333333333333334,-0.4313280632098766
-0.05333333333333334,-0.438052023308642
-0.05333333333333334,-0.4447759834074075
-0.05333333333333334,-0.4514999435061729
-0.05333333333333334,-0.4582239036049383
-0.05333333333333334,-0.4649478637037037
-0.05333333333333334,-0.47167182380246925
-0.05333333333333334,-0.47839578390123466
-0.05333333333333334,-0.4851197440000001
-0.05333333333333334,-0.4918437040987655
-0.05333333333333334,-0.4985676641975309
-0.05333333333333334,-0.5052916242962965
-0.05333333333333334,-0.5120155843950619
-0.05333333333333334,-0.5187395444938273
-0.05333333333333334,-0.5254635045925927
-0.05333333333333334,-0.5321874646913581
-0.05333333333333334,-0.5389114247901235
-0.05333333333333334,-0.5456353848888891
-0.05333333333333334,-0.5523593449876544
-0.05333333333333334,-0.5590833050864199
-0.05333333333333334,-0.5658072651851853
-0.05333333333333334,-0.5725312252839507
-0.05333333333333334,-0.5792551853827163
-0.05333333333333334,-0.5859791454814816
-0.05333333333333334,-0.5927031055802471
-0.05333333333333334,-0.5994270656790125
-0.05333333333333334,-0.6061510257777779
-0.05333333333333334,-0.6128749858765434
-0.05333333333333334,-0.6195989459753087
-0.05333333333333334,-0.6263229060740743
-0.05333333333333334,-0.6330468661728397
-0.05333333333333334,-0.6397708262716051
-0.05333333333333334,-0.6464947863703705
-0.05333333333333334,-0.6532187464691359
-0.05333333333333334,-0.6599427065679013
-0.05333333333333334,-0.6666666666666669
-0.04666666666666667,-0.0023311902222222227
-0.04666666666666667,-0.009041649580246915
-0.04666666666666667,-0.015752108938271607
-0.04666666666666667,-0.022462568296296302
-0.04666666666666667,-0.02917302765432099
-0.04666666666666667,-0.03588348701234568
-0.04666666666666667,-0.042593946370370374
-0.04666666666666667,-0.04930440572839507
-0.04666666666666667,-0.05601486508641976
-0.04666666666666667,-0.06272532444444445
-0.04666666666666667,-0.06943578380246913
-0.04666666666666667,-0.07614624316049383
-0.04666666666666667,-0.08285670251851852
-0.04666666666666667,-0.08956716187654322
-0.04666666666666667,-0.09627762123456791
-0.04666666666666667,-0.10298808059259261
-0.04666666666666667,-0.1096985399506173
-0.04666666666666667,-0.11640899930864199
-0.04666666666666667,-0.12311945866666668
-0.04666666666666667,-0.12982991802469138
-0.04666666666666667,-0.13654037738271607
-0.04666666666666667,-0.14325083674074074
-0.04666666666666667,-0.14996129609876546
-0.04666666666666667,-0.15667175545679013
-0.04666666666666667,-0.16338221481481485
-0.04666666666666667,-0.17009267417283952
-0.04666666666666667,-0.17680313353086424
-0.04666666666666667,-0.1835135928888889
-0.04666666666666667,-0.1902240522469136
-0.04666666666666667,-0.1969345116049383
-0.04666666666666667,-0.203644970962963
-0.04666666666666667,-0.2103554303209877
-0.04666666666666667,-0.21706588967901236
-0.04666666666666667,-0.22377634903703708
-0.04666666666666667,-0.23048680839506175
-0.04666666666666667,-0.23719726775308644
-0.04666666666666667,-0.24390772711111114
-0.04666666666666667,-0.25061818646913586
-0.04666666666666667,-0.25732864582716053
-0.04666666666666667,-0.26403910518518525
-0.04666666666666667,-0.27074956454321
-0.04666666666666667,-0.27746002390123464
-0.04666666666666667,-0.2841704832592593
-0.04666666666666667,-0.290880942617284
-0.04666666666666667,-0.29759140197530876
-0.04666666666666667,-0.3043018613333334
-0.04666666666666667,-0.3110123206913581
-0.04666666666666667,-0.31772278004938276
-0.04666666666666667,-0.3244332394074074
-0.04666666666666667,-0.3311436987654322
-0.04666666666666667,-0.33785415812345687
-0.04666666666666667,-0.34456461748148154
-0.04666666666666667,-0.3512750768395062
-0.04666666666666667,-0.357985536197531
-0.04666666666666667,-0.36469599555555565
-0.04666666666666667,-0.3714064549135803
-0.04666666666666667,-0.378116914271605
-0.04666666666666667,-0.3848273736296297
-0.04666666666666667,-0.39153783298765443
-0.04666666666666667,-0.3982482923456791
-0.04666666666666667,-0.40495875170370377
-0.04666666666666667,-0.4116692110617285
-0.04666666666666667,-0.41837967041975316
-0.04666666666666667,-0.4250901297777779
-0.04666666666666667,-0.43180058913580255
-0.04666666666666667,-0.4385110484938272
-0.04666666666666667,-0.44522150785185194
-0.04666666666666667,-0.45193196720987666
-0.04666666666666667,-0.45864242656790133
-0.04666666666666667,-0.465352885925926
-0.04666666666666667,-0.4720633452839507
-0.04666666666666667,-0.4787738046419754
-0.04666666666666667,-0.4854842640000001
-0.04666666666666667,-0.4921947233580248
-0.04666666666666667,-0.49890518271604944
-0.04666666666666667,-0.5056156420740742
-0.04666666666666667,-0.5123261014320989
-0.04666666666666667,-0.5190365607901235
-0.04666666666666667,-0.5257470201481482
-0.04666666666666667,-0.532457479506173
-0.04666666666666667,-0.5391679388641977
-0.04666666666666667,-0.5458783982222224
-0.04666666666666667,-0.552588857580247
-0.04666666666666667,-0.5592993169382717
-0.04666666666666667,-0.5660097762962963
-0.04666666666666667,-0.5727202356543211
-0.04666666666666667,-0.5794306950123458
-0.04666666666666667,-0.5861411543703704
-0.04666666666666667,-0.5928516137283951
-0.04666666666666667,-0.59956207308642
-0.04666666666666667,-0.6062725324444446
-0.04666666666666667,-0.6129829918024693
-0.04666666666666667,-0.6196934511604939
-0.04666666666666667,-0.6264039105185186
-0.04666666666666667,-0.6331143698765433
-0.04666666666666667,-0.639824829234568
-0.04666666666666667,-0.6465352885925927
-0.04666666666666667,-0.6532457479506173
-0.04666666666666667,-0.6599562073086421
-0.04666666666666667,-0.6666666666666669
-0.04,-0.0034859946666666673
-0.04,-0.010184789333333335
-0.04,-0.016883584
-0.04,-0.023582378666666667
-0.04,-0.030281173333333335
-0.04,-0.036979968
-0.04,-0.04367876266666667
-0.04,-0.050377557333333337
-0.04,-0.057076352000000004
-0.04,-0.06377514666666667
-0.04,-0.07047394133333333
-0.04,-0.077172736
-0.04,-0.08387153066666667
-0.04,-0.09057032533333334
-0.04,-0.09726912
-0.04,-0.10396791466666667
-0.04,-0.11066670933333335
-0.04,-0.11736550400000001
-0.04,-0.12406429866666667
-0.04,-0.13076309333333336
-0.04,-0.13746188800000003
-0.04,-0.14416068266666668
-0.04,-0.15085947733333335
-0.04,-0.15755827200000003
-0.04,-0.1642570666666667
-0.04,-0.17095586133333335
-0.04,-0.17765465600000005
-0.04,-0.1843534506666667
-0.04,-0.19105224533333337
-0.04,-0.19775104000000002
-0.04,-0.20444983466666672
-0.04,-0.21114862933333337
-0.04,-0.217847424
-0.04,-0.2245462186666667
-0.04,-0.23124501333333336
-0.04,-0.23794380800000003
-0.04,-0.24464260266666668
-0.04,-0.2513413973333333
-0.04,-0.258040192
-0.04,-0.2647389866666667
-0.04,-0.27143778133333335
-0.04,-0.278136576
-0.04,-0.2848353706666667
-0.04,-0.2915341653333333
-0.04,-0.29823296000000005
-0.04,-0.30493175466666667
-0.04,-0.31163054933333334
-0.04,-0.318329344
-0.04,-0.32502813866666663
-0.04,-0.33172693333333336
-0.04,-0.33842572800000004
-0.04,-0.34512452266666666
-0.04,-0.35182331733333333
-0.04,-0.35852211200000006
-0.04,-0.3652209066666667
-0.04,-0.37191970133333335
-0.04,-0.37861849599999997
-0.04,-0.3853172906666667
-0.04,-0.3920160853333334
-0.04,-0.39871488
-0.04,-0.40541367466666667
-0.04,-0.4121124693333334
-0.04,-0.418811264
-0.04,-0.4255100586666667
-0.04,-0.43220885333333336
-0.04,-0.438907648
-0.04,-0.4456064426666667
-0.04,-0.4523052373333334
-0.04,-0.459004032
-0.04,-0.4657028266666667
-0.04,-0.47240162133333335
-0.04,-0.47910041600000003
-0.04,-0.4857992106666667
-0.04,-0.4924980053333333
-0.04,-0.4991968
-0.04,-0.5058955946666667
-0.04,-0.5125943893333335
-0.04,-0.519293184
-0.04,-0.5259919786666667
-0.04,-0.5326907733333334
-0.04,-0.539389568
-0.04,-0.5460883626666667
-0.04,-0.5527871573333334
-0.04,-0.5594859520000001
-0.04,-0.5661847466666666
-0.04,-0.5728835413333334
-0.04,-0.5795823360000001
-0.04,-0.5862811306666666
-0.04,-0.5929799253333333
-0.04,-0.5996787200000001
-0.04,-0.6063775146666667
-0.04,-0.6130763093333333
-0.04,-0.619775104
-0.04,-0.6264738986666667
-0.04,-0.6331726933333334
-0.04,-0.639871488
-0.04,-0.6465702826666667
-0.04,-0.6532690773333333
-0.04,-0.6599678720000001
-0.04,-0.6666666666666667
-0.03333333333333333,-0.004460555555555555
-0.03333333333333333,-0.011149506172839507
-0.03333333333333333,-0.017838456790123455
-0.03333333333333333,-0.024527407407407407
-0.03333333333333333,-0.031216358024691353
-0.03333333333333333,-0.037905308641975305
-0.03333333333333333,-0.04459425925925926
-0.03333333333333333,-0.05128320987654321
-0.03333333333333333,-0.05797216049382716
-0.03333333333333333,-0.0646611111111111
-0.03333333333333333,-0.07135006172839506
-0.03333333333333333,-0.078039012345679
-0.03333333333333333,-0.08472796296296296
-0.03333333333333333,-0.09141691358024691
-0.03333333333333333,-0.09810586419753087
-0.03333333333333333,-0.10479481481481481
-0.03333333333333333,-0.11148376543209876
-0.03333333333333333,-0.11817271604938272
-0.03333333333333333,-0.12486166666666668
-0.03333333333333333,-0.1315506172839506
-0.03333333333333333,-0.13823956790123457
-0.03333333333333333,-0.1449285185185185
-0.03333333333333333,-0.15161746913580249
-0.03333333333333333,-0.1583064197530864
-0.03333333333333333,-0.16499537037037038
-0.03333333333333333,-0.17168432098765432
-0.03333333333333333,-0.17837327160493827
-0.03333333333333333,-0.1850622222222222
-0.03333333333333333,-0.19175117283950618
-0.03333333333333333,-0.19844012345679013
-0.03333333333333333,-0.20512907407407407
-0.03333333333333333,-0.21181802469135802
-0.03333333333333333,-0.21850697530864197
-0.03333333333333333,-0.2251959259259259
-0.03333333333333333,-0.23188487654320986
-0.03333333333333333,-0.23857382716049383
-0.03333333333333333,-0.24526277777777777
-0.03333333333333333,-0.25195172839506175
-0.03333333333333333,-0.25864067901234566
-0.03333333333333333,-0.2653296296296296
-0.03333333333333333,-0.2720185802469136
-0.03333333333333333,-0.27870753086419753
-0.03333333333333333,-0.28539648148148145
-0.03333333333333333,-0.2920854320987654
-0.03333333333333333,-0.2987743827160494
-0.03333333333333333,-0.30546333333333336
-0.03333333333333333,-0.3121522839506173
-0.03333333333333333,-0.3188412345679012
-0.03333333333333333,-0.3255301851851852
-0.03333333333333333,-0.33221913580246915
-0.03333333333333333,-0.33890808641975306
-0.03333333333333333,-0.34559703703703704
-0.03333333333333333,-0.35228598765432095
-0.03333333333333333,-0.3589749382716049
-0.03333333333333333,-0.3656638888888889
-0.03333333333333333,-0.3723528395061728
-0.03333333333333333,-0.3790417901234568
-0.03333333333333333,-0.38573074074074076
-0.03333333333333333,-0.3924196913580247
-0.03333333333333333,-0.39910864197530865
-0.03333333333333333,-0.40579759259259257
-0.03333333333333333,-0.41248654320987654
-0.03333333333333333,-0.4191754938271605
-0.03333333333333333,-0.42586444444444443
-0.03333333333333333,-0.43255339506172835
-0.03333333333333333,-0.4392423456790123
-0.03333333333333333,-0.4459312962962963
-0.03333333333333333,-0.4526202469135802
-0.03333333333333333,-0.4593091975308642
-0.03333333333333333,-0.4659981481481481
-0.03333333333333333,-0.47268709876543213
-0.03333333333333333,-0.47937604938271605
-0.03333333333333333,-0.48606499999999997
-0.03333333333333333,-0.49275395061728394
-0.03333333333333333,-0.49944290123456786
-0.03333333333333333,-0.5061318518518518
-0.03333333333333333,-0.5128208024691358
-0.03333333333333333,-0.5195097530864197
-0.03333333333333333,-0.5261987037037037
-0.03333333333333333,-0.5328876543209875
-0.03333333333333333,-0.5395766049382715
-0.03333333333333333,-0.5462655555555556
-0.03333333333333333,-0.5529545061728394
-0.03333333333333333,-0.5596434567901234
-0.03333333333333333,-0.5663324074074073
-0.03333333333333333,-0.5730213580246912
-0.03333333333333333,-0.5797103086419753
-0.03333333333333333,-0.5863992592592592
-0.03333333333333333,-0.5930882098765432
-0.03333333333333333,-0.5997771604938271
-0.03333333333333333,-0.606466111111111
-0.03333333333333333,-0.6131550617283951
-0.03333333333333333,-0.6198440123456789
-0.03333333333333333,-0.6265329629629629
-0.03333333333333333,-0.6332219135802469
-0.03333333333333333,-0.6399108641975307
-0.03333333333333333,-0.6465998148148148
-0.03333333333333333,-0.6532887654320987
-0.03333333333333333,-0.6599777160493826
-0.03333333333333333,-0.6666666666666666
-0.02666666666666667,-0.005256163555555556
-0.02666666666666667,-0.011937077728395064
-0.02666666666666667,-0.018617991901234567
-0.02666666666666667,-0.025298906074074076
-0.02666666666666667,-0.031979820246913586
-0.02666666666666667,-0.03866073441975309
-0.02666666666666667,-0.0453416485925926
-0.02666666666666667,-0.05202256276543211
-0.02666666666666667,-0.05870347693827161
-0.02666666666666667,-0.06538439111111112
-0.02666666666666667,-0.07206530528395062
-0.02666666666666667,-0.07874621945679013
-0.02666666666666667,-0.08542713362962964
-0.02666666666666667,-0.09210804780246915
-0.02666666666666667,-0.09878896197530865
-0.02666666666666667,-0.10546987614814816
-0.02666666666666667,-0.11215079032098767
-0.02666666666666667,-0.11883170449382717
-0.02666666666666667,-0.1255126186666667
-0.02666666666666667,-0.1321935328395062
-0.02666666666666667,-0.1388744470123457
-0.02666666666666667,-0.1455553611851852
-0.02666666666666667,-0.15223627535802473
-0.02666666666666667,-0.1589171895308642
-0.02666666666666667,-0.16559810370370373
-0.02666666666666667,-0.17227901787654323
-0.02666666666666667,-0.17895993204938274
-0.02666666666666667,-0.18564084622222224
-0.02666666666666667,-0.19232176039506177
-0.02666666666666667,-0.19900267456790124
-0.02666666666666667,-0.20568358874074077
-0.02666666666666667,-0.21236450291358028
-0.02666666666666667,-0.21904541708641975
-0.02666666666666667,-0.22572633125925928
-0.02666666666666667,-0.23240724543209879
-0.02666666666666667,-0.2390881596049383
-0.02666666666666667,-0.2457690737777778
-0.02666666666666667,-0.2524499879506173
-0.02666666666666667,-0.2591309021234568
-0.02666666666666667,-0.2658118162962963
-0.02666666666666667,-0.2724927304691358
-0.02666666666666667,-0.2791736446419753
-0.02666666666666667,-0.2858545588148148
-0.02666666666666667,-0.2925354729876543
-0.02666666666666667,-0.29921638716049387
-0.02666666666666667,-0.30589730133333337
-0.02666666666666667,-0.3125782155061728
-0.02666666666666667,-0.3192591296790123
-0.02666666666666667,-0.3259400438518518
-0.02666666666666667,-0.3326209580246914
-0.02666666666666667,-0.3393018721975309
-0.02666666666666667,-0.3459827863703704
-0.02666666666666667,-0.3526637005432099
-0.02666666666666667,-0.3593446147160494
-0.02666666666666667,-0.3660255288888889
-0.02666666666666667,-0.3727064430617284
-0.02666666666666667,-0.3793873572345679
-0.02666666666666667,-0.38606827140740746
-0.02666666666666667,-0.39274918558024696
-0.02666666666666667,-0.3994300997530864
-0.02666666666666667,-0.4061110139259259
-0.02666666666666667,-0.41279192809876547
-0.02666666666666667,-0.419472842271605
-0.02666666666666667,-0.4261537564444445
-0.02666666666666667,-0.432834670617284
-0.02666666666666667,-0.4395155847901234
-0.02666666666666667,-0.446196498962963
-0.02666666666666667,-0.4528774131358025
-0.02666666666666667,-0.459558327308642
-0.02666666666666667,-0.4662392414814815
-0.02666666666666667,-0.47292015565432105
-0.02666666666666667,-0.4796010698271605
-0.02666666666666667,-0.486281984
-0.02666666666666667,-0.4929628981728395
-0.02666666666666667,-0.499643812345679
-0.02666666666666667,-0.5063247265185186
-0.02666666666666667,-0.5130056406913581
-0.02666666666666667,-0.5196865548641976
-0.02666666666666667,-0.5263674690370371
-0.02666666666666667,-0.5330483832098766
-0.02666666666666667,-0.5397292973827161
-0.02666666666666667,-0.5464102115555556
-0.02666666666666667,-0.553091125728395
-0.02666666666666667,-0.5597720399012346
-0.02666666666666667,-0.566452954074074
-0.02666666666666667,-0.5731338682469136
-0.02666666666666667,-0.5798147824197531
-0.02666666666666667,-0.5864956965925926
-0.02666666666666667,-0.5931766107654322
-0.02666666666666667,-0.5998575249382717
-0.02666666666666667,-0.6065384391111112
-0.02666666666666667,-0.6132193532839507
-0.02666666666666667,-0.6199002674567902
-0.02666666666666667,-0.6265811816296296
-0.02666666666666667,-0.6332620958024692
-0.02666666666666667,-0.6399430099753086
-0.02666666666666667,-0.6466239241481482
-0.02666666666666667,-0.6533048383209876
-0.02666666666666667,-0.6599857524938272
-0.02666666666666667,-0.6666666666666667
-0.02,-0.005873874666666667
-0.02,-0.012548549333333332
-0.02,-0.019223223999999997
-0.02,-0.025897898666666665
-0.02,-0.032572573333333334
-0.02,-0.039247248
-0.02,-0.04592192266666667
-0.02,-0.052596597333333335
-0.02,-0.059271272
-0.02,-0.06594594666666666
-0.02,-0.07262062133333332
-0.02,-0.07929529599999999
-0.02,-0.08596997066666666
-0.02,-0.09264464533333333
-0.02,-0.09931931999999999
-0.02,-0.10599399466666666
-0.02,-0.11266866933333333
-0.02,-0.11934334399999999
-0.02,-0.12601801866666668
-0.02,-0.13269269333333333
-0.02,-0.13936736800000002
-0.02,-0.14604204266666665
-0.02,-0.15271671733333333
-0.02,-0.159391392
-0.02,-0.16606606666666668
-0.02,-0.17274074133333334
-0.02,-0.17941541600000002
-0.02,-0.18609009066666668
-0.02,-0.19276476533333334
-0.02,-0.19943944
-0.02,-0.20611411466666668
-0.02,-0.21278878933333334
-0.02,-0.219463464
-0.02,-0.22613813866666668
-0.02,-0.2328128133333333
-0.02,-0.239487488
-0.02,-0.24616216266666666
-0.02,-0.25283683733333334
-0.02,-0.259511512
-0.02,-0.26618618666666666
-0.02,-0.27286086133333337
-0.02,-0.27953553600000003
-0.02,-0.2862102106666667
-0.02,-0.2928848853333333
-0.02,-0.29955956
-0.02,-0.30623423466666666
-0.02,-0.3129089093333333
-0.02,-0.319583584
-0.02,-0.32625825866666663
-0.02,-0.33293293333333335
-0.02,-0.339607608
-0.02,-0.34628228266666666
-0.02,-0.3529569573333333
-0.02,-0.35963163200000003
-0.02,-0.3663063066666667
-0.02,-0.37298098133333335
-0.02,-0.37965565599999995
-0.02,-0.38633033066666667
-0.02,-0.3930050053333333
-0.02,-0.39967968
-0.02,-0.40635435466666664
-0.02,-0.41302902933333335
-0.02,-0.419703704
-0.02,-0.42637837866666667
-0.02,-0.4330530533333333
-0.02,-0.439727728
-0.02,-0.4464024026666667
-0.02,-0.45307707733333336
-0.02,-0.45975175199999996
-0.02,-0.4664264266666666
-0.02,-0.47310110133333333
-0.02,-0.479775776
-0.02,-0.48645045066666665
-0.02,-0.4931251253333333
-0.02,-0.49979979999999996
-0.02,-0.5064744746666666
-0.02,-0.5131491493333333
-0.02,-0.5198238239999999
-0.02,-0.5264984986666666
-0.02,-0.5331731733333333
-0.02,-0.539847848
-0.02,-0.5465225226666667
-0.02,-0.5531971973333333
-0.02,-0.559871872
-0.02,-0.5665465466666666
-0.02,-0.5732212213333333
-0.02,-0.579895896
-0.02,-0.5865705706666665
-0.02,-0.5932452453333332
-0.02,-0.5999199199999999
-0.02,-0.6065945946666665
-0.02,-0.6132692693333333
-0.02,-0.6199439439999999
-0.02,-0.6266186186666666
-0.02,-0.6332932933333333
-0.02,-0.6399679679999999
-0.02,-0.6466426426666666
-0.02,-0.6533173173333332
-0.02,-0.6599919919999999
-0.02,-0.6666666666666666
-0.013333333333333334,-0.006314510222222223
-0.013333333333333334,-0.01298473402469136
-0.013333333333333334,-0.019654957827160494
-0.013333333333333334,-0.026325181629629633
-0.013333333333333334,-0.032995405432098765
-0.013333333333333334,-0.0396656292345679
-0.013333333333333334,-0.046335853037037036
-0.013333333333333334,-0.05300607683950618
-0.013333333333333334,-0.059676300641975315
-0.013333333333333334,-0.06634652444444444
-0.013333333333333334,-0.07301674824691358
-0.013333333333333334,-0.07968697204938271
-0.013333333333333334,-0.08635719585185185
-0.013333333333333334,-0.09302741965432099
-0.013333333333333334,-0.09969764345679014
-0.013333333333333334,-0.10636786725925927
-0.013333333333333334,-0.11303809106172841
-0.013333333333333334,-0.11970831486419754
-0.013333333333333334,-0.12637853866666668
-0.013333333333333334,-0.1330487624691358
-0.013333333333333334,-0.13971898627160495
-0.013333333333333334,-0.14638921007407407
-0.013333333333333334,-0.15305943387654322
-0.013333333333333334,-0.15972965767901234
-0.013333333333333334,-0.1663998814814815
-0.013333333333333334,-0.17307010528395061
-0.013333333333333334,-0.17974032908641976
-0.013333333333333334,-0.1864105528888889
-0.013333333333333334,-0.19308077669135806
-0.013333333333333334,-0.19975100049382719
-0.013333333333333334,-0.20642122429629634
-0.013333333333333334,-0.21309144809876546
-0.013333333333333334,-0.21976167190123458
-0.013333333333333334,-0.22643189570370373
-0.013333333333333334,-0.23310211950617285
-0.013333333333333334,-0.239772343308642
-0.013333333333333334,-0.24644256711111112
-0.013333333333333334,-0.25311279091358024
-0.013333333333333334,-0.25978301471604937
-0.013333333333333334,-0.2664532385185185
-0.013333333333333334,-0.27312346232098766
-0.013333333333333334,-0.2797936861234568
-0.013333333333333334,-0.2864639099259259
-0.013333333333333334,-0.29313413372839503
-0.013333333333333334,-0.2998043575308642
-0.013333333333333334,-0.30647458133333333
-0.013333333333333334,-0.31314480513580245
-0.013333333333333334,-0.3198150289382716
-0.013333333333333334,-0.3264852527407407
-0.013333333333333334,-0.33315547654320987
-0.013333333333333334,-0.339825700345679
-0.013333333333333334,-0.3464959241481481
-0.013333333333333334,-0.35316614795061724
-0.013333333333333334,-0.3598363717530864
-0.013333333333333334,-0.36650659555555554
-0.013333333333333334,-0.37317681935802466
-0.013333333333333334,-0.37984704316049384
-0.013333333333333334,-0.386517266962963
-0.013333333333333334,-0.39318749076543213
-0.013333333333333334,-0.39985771456790126
-0.013333333333333334,-0.4065279383703704
-0.013333333333333334,-0.41319816217283956
-0.013333333333333334,-0.4198683859753087
-0.013333333333333334,-0.4265386097777778
-0.013333333333333334,-0.4332088335802469
-0.013333333333333334,-0.43987905738271604
-0.013333333333333334,-0.4465492811851852
-0.013333333333333334,-0.45321950498765434
-0.013333333333333334,-0.45988972879012346
-0.013333333333333334,-0.4665599525925926
-0.013333333333333334,-0.47323017639506176
-0.013333333333333334,-0.4799004001975309
-0.013333333333333334,-0.486570624
-0.013333333333333334,-0.49324084780246913
-0.013333333333333334,-0.49991107160493825
-0.013333333333333334,-0.5065812954074075
-0.013333333333333334,-0.5132515192098767
-0.013333333333333334,-0.5199217430123457
-0.013333333333333334,-0.5265919668148149
-0.013333333333333334,-0.533262190617284
-0.013333333333333334,-0.5399324144197531
-0.013333333333333334,-0.5466026382222223
-0.013333333333333334,-0.5532728620246914
-0.013333333333333334,-0.5599430858271606
-0.013333333333333334,-0.5666133096296296
-0.013333333333333334,-0.5732835334320988
-0.013333333333333334,-0.579953757234568
-0.013333333333333334,-0.5866239810370371
-0.013333333333333334,-0.5932942048395062
-0.013333333333333334,-0.5999644286419754
-0.013333333333333334,-0.6066346524444445
-0.013333333333333334,-0.6133048762469137
-0.013333333333333334,-0.6199751000493827
-0.013333333333333334,-0.6266453238518519
-0.013333333333333334,-0.6333155476543211
-0.013333333333333334,-0.6399857714567901
-0.013333333333333334,-0.6466559952592593
-0.013333333333333334,-0.6533262190617284
-0.013333333333333334,-0.6599964428641976
-0.013333333333333334,-0.6666666666666667
-0.006666666666666667,-0.00657865688888889
-0.006666666666666667,-0.013246212543209878
-0.006666666666666667,-0.019913768197530865
-0.006666666666666667,-0.026581323851851853
-0.006666666666666667,-0.03324887950617284
-0.006666666666666667,-0.039916435160493834
-0.006666666666666667,-0.046583990814814825
-0.006666666666666667,-0.05325154646913581
-0.006666666666666667,-0.0599191021234568
-0.006666666666666667,-0.06658665777777778
-0.006666666666666667,-0.07325421343209877
-0.006666666666666667,-0.07992176908641976
-0.006666666666666667,-0.08658932474074076
-0.006666666666666667,-0.09325688039506175
-0.006666666666666667,-0.09992443604938274
-0.006666666666666667,-0.10659199170370372
-0.006666666666666667,-0.11325954735802471
-0.006666666666666667,-0.1199271030123457
-0.006666666666666667,-0.12659465866666667
-0.006666666666666667,-0.13326221432098764
-0.006666666666666667,-0.13992976997530865
-0.006666666666666667,-0.14659732562962963
-0.006666666666666667,-0.15326488128395063
-0.006666666666666667,-0.1599324369382716
-0.006666666666666667,-0.16659999259259262
-0.006666666666666667,-0.1732675482469136
-0.006666666666666667,-0.1799351039012346
-0.006666666666666667,-0.18660265955555558
-0.006666666666666667,-0.19327021520987658
-0.006666666666666667,-0.19993777086419756
-0.006666666666666667,-0.20660532651851857
-0.006666666666666667,-0.21327288217283952
-0.006666666666666667,-0.2199404378271605
-0.006666666666666667,-0.2266079934814815
-0.006666666666666667,-0.23327554913580248
-0.006666666666666667,-0.23994310479012348
-0.006666666666666667,-0.24661066044444446
-0.006666666666666667,-0.25327821609876544
-0.006666666666666667,-0.2599457717530864
-0.006666666666666667,-0.2666133274074074
-0.006666666666666667,-0.27328088306172843
-0.006666666666666667,-0.2799484387160494
-0.006666666666666667,-0.2866159943703704
-0.006666666666666667,-0.29328355002469136
-0.006666666666666667,-0.2999511056790124
-0.006666666666666667,-0.3066186613333334
-0.006666666666666667,-0.31328621698765435
-0.006666666666666667,-0.31995377264197533
-0.006666666666666667,-0.3266213282962963
-0.006666666666666667,-0.33328888395061734
-0.006666666666666667,-0.3399564396049383
-0.006666666666666667,-0.3466239952592593
-0.006666666666666667,-0.3532915509135803
-0.006666666666666667,-0.3599591065679013
-0.006666666666666667,-0.3666266622222223
-0.006666666666666667,-0.37329421787654327
-0.006666666666666667,-0.37996177353086424
-0.006666666666666667,-0.3866293291851853
-0.006666666666666667,-0.39329688483950626
-0.006666666666666667,-0.39996444049382723
-0.006666666666666667,-0.4066319961481482
-0.006666666666666667,-0.41329955180246924
-0.006666666666666667,-0.41996710745679017
-0.006666666666666667,-0.42663466311111115
-0.006666666666666667,-0.4333022187654321
-0.006666666666666667,-0.4399697744197531
-0.006666666666666667,-0.44663733007407413
-0.006666666666666667,-0.4533048857283951
-0.006666666666666667,-0.4599724413827161
-0.006666666666666667,-0.46663999703703707
-0.006666666666666667,-0.4733075526913581
-0.006666666666666667,-0.4799751083456791
-0.006666666666666667,-0.48664266400000006
-0.006666666666666667,-0.49331021965432104
-0.006666666666666667,-0.499977775308642
-0.006666666666666667,-0.506645330962963
-0.006666666666666667,-0.5133128866172841
-0.006666666666666667,-0.519980442271605
-0.006666666666666667,-0.5266479979259261
-0.006666666666666667,-0.533315553580247
-0.006666666666666667,-0.539983109234568
-0.006666666666666667,-0.546650664888889
-0.006666666666666667,-0.55331822054321
-0.006666666666666667,-0.559985776197531
-0.006666666666666667,-0.566653331851852
-0.006666666666666667,-0.5733208875061729
-0.006666666666666667,-0.579988443160494
-0.006666666666666667,-0.5866559988148149
-0.006666666666666667,-0.593323554469136
-0.006666666666666667,-0.599991110123457
-0.006666666666666667,-0.6066586657777779
-0.006666666666666667,-0.6133262214320989
-0.006666666666666667,-0.6199937770864199
-0.006666666666666667,-0.6266613327407409
-0.006666666666666667,-0.633328888395062
-0.006666666666666667,-0.6399964440493828
-0.006666666666666667,-0.6466639997037039
-0.006666666666666667,-0.6533315553580248
-0.006666666666666667,-0.6599991110123459
-0.006666666666666667,-0.6666666666666669
0.,-0.006666666666666667
0.,-0.013333333333333334
0.,-0.02
0.,-0.02666666666666667
0.,-0.03333333333333333
0.,-0.04
0.,-0.04666666666666667
0.,-0.05333333333333334
0.,-0.060000000000000005
0.,-0.06666666666666667
0.,-0.07333333333333333
0.,-0.08
0.,-0.08666666666666667
0.,-0.09333333333333334
0.,-0.1
0.,-0.10666666666666667
0.,-0.11333333333333334
0.,-0.12000000000000001
0.,-0.12666666666666668
0.,-0.13333333333333333
0.,-0.14
0.,-0.14666666666666667
0.,-0.15333333333333335
0.,-0.16
0.,-0.16666666666666669
0.,-0.17333333333333334
0.,-0.18000000000000002
0.,-0.18666666666666668
0.,-0.19333333333333336
0.,-0.2
0.,-0.2066666666666667
0.,-0.21333333333333335
0.,-0.22
0.,-0.22666666666666668
0.,-0.23333333333333334
0.,-0.24000000000000002
0.,-0.24666666666666667
0.,-0.25333333333333335
0.,-0.26
0.,-0.26666666666666666
0.,-0.2733333333333334
0.,-0.28
0.,-0.2866666666666667
0.,-0.29333333333333333
0.,-0.30000000000000004
0.,-0.3066666666666667
0.,-0.31333333333333335
0.,-0.32
0.,-0.32666666666666666
0.,-0.33333333333333337
0.,-0.34
0.,-0.3466666666666667
0.,-0.35333333333333333
0.,-0.36000000000000004
0.,-0.3666666666666667
0.,-0.37333333333333335
0.,-0.38
0.,-0.3866666666666667
0.,-0.39333333333333337
0.,-0.4
0.,-0.4066666666666667
0.,-0.4133333333333334
0.,-0.42000000000000004
0.,-0.4266666666666667
0.,-0.43333333333333335
0.,-0.44
0.,-0.4466666666666667
0.,-0.45333333333333337
0.,-0.46
0.,-0.4666666666666667
0.,-0.4733333333333334
0.,-0.48000000000000004
0.,-0.4866666666666667
0.,-0.49333333333333335
0.,-0.5
0.,-0.5066666666666667
0.,-0.5133333333333334
0.,-0.52
0.,-0.5266666666666667
0.,-0.5333333333333333
0.,-0.54
0.,-0.5466666666666667
0.,-0.5533333333333333
0.,-0.56
0.,-0.5666666666666667
0.,-0.5733333333333334
0.,-0.5800000000000001
0.,-0.5866666666666667
0.,-0.5933333333333334
0.,-0.6000000000000001
0.,-0.6066666666666667
0.,-0.6133333333333334
0.,-0.62
0.,-0.6266666666666667
0.,-0.6333333333333334
0.,-0.64
0.,-0.6466666666666667
0.,-0.6533333333333333
0.,-0.66
0.,-0.6666666666666667
0.006666666666666667,-0.00657865688888889
0.006666666666666667,-0.013246212543209878
0.006666666666666667,-0.019913768197530865
0.006666666666666667,-0.026581323851851853
0.006666666666666667,-0.03324887950617284
0.006666666666666667,-0.039916435160493834
0.006666666666666667,-0.046583990814814825
0.006666666666666667,-0.05325154646913581
0.006666666666666667,-0.0599191021234568
0.006666666666666667,-0.06658665777777778
0.006666666666666667,-0.07325421343209877
0.006666666666666667,-0.07992176908641976
0.006666666666666667,-0.08658932474074076
0.006666666666666667,-0.09325688039506175
0.006666666666666667,-0.09992443604938274
0.006666666666666667,-0.10659199170370372
0.006666666666666667,-0.11325954735802471
0.006666666666666667,-0.1199271030123457
0.006666666666666667,-0.12659465866666667
0.006666666666666667,-0.13326221432098764
0.006666666666666667,-0.13992976997530865
0.006666666666666667,-0.14659732562962963
0.006666666666666667,-0.15326488128395063
0.006666666666666667,-0.1599324369382716
0.006666666666666667,-0.16659999259259262
0.006666666666666667,-0.1732675482469136
0.006666666666666667,-0.1799351039012346
0.006666666666666667,-0.18660265955555558
0.006666666666666667,-0.19327021520987658
0.006666666666666667,-0.19993777086419756
0.006666666666666667,-0.20660532651851857
0.006666666666666667,-0.21327288217283952
0.006666666666666667,-0.2199404378271605
0.006666666666666667,-0.2266079934814815
0.006666666666666667,-0.23327554913580248
0.006666666666666667,-0.23994310479012348
0.006666666666666667,-0.24661066044444446
0.006666666666666667,-0.25327821609876544
0.006666666666666667,-0.2599457717530864
0.006666666666666667,-0.2666133274074074
0.006666666666666667,-0.27328088306172843
0.006666666666666667,-0.2799484387160494
0.006666666666666667,-0.2866159943703704
0.006666666666666667,-0.29328355002469136
0.006666666666666667,-0.2999511056790124
0.006666666666666667,-0.3066186613333334
0.006666666666666667,-0.31328621698765435
0.006666666666666667,-0.31995377264197533
0.006666666666666667,-0.3266213282962963
0.006666666666666667,-0.33328888395061734
0.006666666666666667,-0.3399564396049383
0.006666666666666667,-0.3466239952592593
0.006666666666666667,-0.3532915509135803
0.006666666666666667,-0.3599591065679013
0.006666666666666667,-0.3666266622222223
0.006666666666666667,-0.37329421787654327
0.006666666666666667,-0.37996177353086424
0.006666666666666667,-0.3866293291851853
0.006666666666666667,-0.39329688483950626
0.006666666666666667,-0.39996444049382723
0.006666666666666667,-0.4066319961481482
0.006666666666666667,-0.41329955180246924
0.006666666666666667,-0.41996710745679017
0.006666666666666667,-0.42663466311111115
0.006666666666666667,-0.4333022187654321
0.006666666666666667,-0.4399697744197531
0.006666666666666667,-0.44663733007407413
0.006666666666666667,-0.4533048857283951
0.006666666666666667,-0.4599724413827161
0.006666666666666667,-0.46663999703703707
0.006666666666666667,-0.4733075526913581
0.006666666666666667,-0.4799751083456791
0.006666666666666667,-0.48664266400000006
0.006666666666666667,-0.49331021965432104
0.006666666666666667,-0.499977775308642
0.006666666666666667,-0.506645330962963
0.006666666666666667,-0.5133128866172841
0.006666666666666667,-0.519980442271605
0.006666666666666667,-0.5266479979259261
0.006666666666666667,-0.533315553580247
0.006666666666666667,-0.539983109234568
0.006666666666666667,-0.546650664888889
0.006666666666666667,-0.55331822054321
0.006666666666666667,-0.559985776197531
0.006666666666666667,-0.566653331851852
0.006666666666666667,-0.5733208875061729
0.006666666666666667,-0.579988443160494
0.006666666666666667,-0.5866559988148149
0.006666666666666667,-0.593323554469136
0.006666666666666667,-0.599991110123457
0.006666666666666667,-0.6066586657777779
0.006666666666666667,-0.6133262214320989
0.006666666666666667,-0.6199937770864199
0.006666666666666667,-0.6266613327407409
0.006666666666666667,-0.633328888395062
0.006666666666666667,-0.6399964440493828
0.006666666666666667,-0.6466639997037039
0.006666666666666667,-0.6533315553580248
0.006666666666666667,-0.6599991110123459
0.006666666666666667,-0.6666666666666669
0.013333333333333334,-0.006314510222222223
0.013333333333333334,-0.01298473402469136
0.013333333333333334,-0.019654957827160494
0.013333333333333334,-0.026325181629629633
0.013333333333333334,-0.032995405432098765
0.013333333333333334,-0.0396656292345679
0.013333333333333334,-0.046335853037037036
0.013333333333333334,-0.05300607683950618
0.013333333333333334,-0.059676300641975315
0.013333333333333334,-0.06634652444444444
0.013333333333333334,-0.07301674824691358
0.013333333333333334,-0.07968697204938271
0.013333333333333334,-0.08635719585185185
0.013333333333333334,-0.09302741965432099
0.013333333333333334,-0.09969764345679014
0.013333333333333334,-0.10636786725925927
0.013333333333333334,-0.11303809106172841
0.013333333333333334,-0.11970831486419754
0.013333333333333334,-0.12637853866666668
0.013333333333333334,-0.1330487624691358
0.013333333333333334,-0.13971898627160495
0.013333333333333334,-0.14638921007407407
0.013333333333333334,-0.15305943387654322
0.013333333333333334,-0.15972965767901234
0.013333333333333334,-0.1663998814814815
0.013333333333333334,-0.17307010528395061
0.013333333333333334,-0.17974032908641976
0.013333333333333334,-0.1864105528888889
0.013333333333333334,-0.19308077669135806
0.013333333333333334,-0.19975100049382719
0.013333333333333334,-0.20642122429629634
0.013333333333333334,-0.21309144809876546
0.013333333333333334,-0.21976167190123458
0.013333333333333334,-0.22643189570370373
0.013333333333333334,-0.23310211950617285
0.013333333333333334,-0.239772343308642
0.013333333333333334,-0.24644256711111112
0.013333333333333334,-0.25311279091358024
0.013333333333333334,-0.25978301471604937
0.013333333333333334,-0.2664532385185185
0.013333333333333334,-0.27312346232098766
0.013333333333333334,-0.2797936861234568
0.013333333333333334,-0.2864639099259259
0.013333333333333334,-0.29313413372839503
0.013333333333333334,-0.2998043575308642
0.013333333333333334,-0.30647458133333333
0.013333333333333334,-0.31314480513580245
0.013333333333333334,-0.3198150289382716
0.013333333333333334,-0.3264852527407407
0.013333333333333334,-0.33315547654320987
0.013333333333333334,-0.339825700345679
0.013333333333333334,-0.3464959241481481
0.013333333333333334,-0.35316614795061724
0.013333333333333334,-0.3598363717530864
0.013333333333333334,-0.36650659555555554
0.013333333333333334,-0.37317681935802466
0.013333333333333334,-0.37984704316049384
0.013333333333333334,-0.386517266962963
0.013333333333333334,-0.39318749076543213
0.013333333333333334,-0.39985771456790126
0.013333333333333334,-0.4065279383703704
0.013333333333333334,-0.41319816217283956
0.013333333333333334,-0.4198683859753087
0.013333333333333334,-0.4265386097777778
0.013333333333333334,-0.4332088335802469
0.013333333333333334,-0.43987905738271604
0.013333333333333334,-0.4465492811851852
0.013333333333333334,-0.45321950498765434
0.013333333333333334,-0.45988972879012346
0.013333333333333334,-0.4665599525925926
0.013333333333333334,-0.47323017639506176
0.013333333333333334,-0.4799004001975309
0.013333333333333334,-0.486570624
0.013333333333333334,-0.49324084780246913
0.013333333333333334,-0.49991107160493825
0.013333333333333334,-0.5065812954074075
0.013333333333333334,-0.5132515192098767
0.013333333333333334,-0.5199217430123457
0.013333333333333334,-0.5265919668148149
0.013333333333333334,-0.533262190617284
0.013333333333333334,-0.5399324144197531
0.013333333333333334,-0.5466026382222223
0.013333333333333334,-0.5532728620246914
0.013333333333333334,-0.5599430858271606
0.013333333333333334,-0.5666133096296296
0.013333333333333334,-0.5732835334320988
0.013333333333333334,-0.579953757234568
0.013333333333333334,-0.5866239810370371
0.013333333333333334,-0.5932942048395062
0.013333333333333334,-0.5999644286419754
0.013333333333333334,-0.6066346524444445
0.013333333333333334,-0.6133048762469137
0.013333333333333334,-0.6199751000493827
0.013333333333333334,-0.6266453238518519
0.013333333333333334,-0.6333155476543211
0.013333333333333334,-0.6399857714567901
0.013333333333333334,-0.6466559952592593
0.013333333333333334,-0.6533262190617284
0.013333333333333334,-0.6599964428641976
0.013333333333333334,-0.6666666666666667
0.02,-0.005873874666666667
0.02,-0.012548549333333332
0.02,-0.019223223999999997
0.02,-0.025897898666666665
0.02,-0.032572573333333334
0.02,-0.039247248
0.02,-0.04592192266666667
0.02,-0.052596597333333335
0.02,-0.059271272
0.02,-0.06594594666666666
0.02,-0.07262062133333332
0.02,-0.07929529599999999
0.02,-0.08596997066666666
0.02,-0.09264464533333333
0.02,-0.09931931999999999
0.02,-0.10599399466666666
0.02,-0.11266866933333333
0.02,-0.11934334399999999
0.02,-0.12601801866666668
0.02,-0.13269269333333333
0.02,-0.13936736800000002
0.02,-0.14604204266666665
0.02,-0.15271671733333333
0.02,-0.159391392
0.02,-0.16606606666666668
0.02,-0.17274074133333334
0.02,-0.17941541600000002
0.02,-0.18609009066666668
0.02,-0.19276476533333334
0.02,-0.19943944
0.02,-0.20611411466666668
0.02,-0.21278878933333334
0.02,-0.219463464
0.02,-0.22613813866666668
0.02,-0.2328128133333333
0.02,-0.239487488
0.02,-0.24616216266666666
0.02,-0.25283683733333334
0.02,-0.259511512
0.02,-0.26618618666666666
0.02,-0.27286086133333337
0.02,-0.27953553600000003
0.02,-0.2862102106666667
0.02,-0.2928848853333333
0.02,-0.29955956
0.02,-0.30623423466666666
0.02,-0.3129089093333333
0.02,-0.319583584
0.02,-0.32625825866666663
0.02,-0.33293293333333335
0.02,-0.339607608
0.02,-0.34628228266666666
0.02,-0.3529569573333333
0.02,-0.35963163200000003
0.02,-0.3663063066666667
0.02,-0.37298098133333335
0.02,-0.37965565599999995
0.02,-0.38633033066666667
0.02,-0.3930050053333333
0.02,-0.39967968
0.02,-0.40635435466666664
0.02,-0.41302902933333335
0.02,-0.419703704
0.02,-0.42637837866666667
0.02,-0.4330530533333333
0.02,-0.439727728
0.02,-0.4464024026666667
0.02,-0.45307707733333336
0.02,-0.45975175199999996
0.02,-0.4664264266666666
0.02,-0.47310110133333333
0.02,-0.479775776
0.02,-0.48645045066666665
0.02,-0.4931251253333333
0.02,-0.49979979999999996
0.02,-0.5064744746666666
0.02,-0.5131491493333333
0.02,-0.5198238239999999
0.02,-0.5264984986666666
0.02,-0.5331731733333333
0.02,-0.539847848
0.02,-0.5465225226666667
0.02,-0.5531971973333333
0.02,-0.559871872
0.02,-0.5665465466666666
0.02,-0.5732212213333333
0.02,-0.579895896
0.02,-0.5865705706666665
0.02,-0.5932452453333332
0.02,-0.5999199199999999
0.02,-0.6065945946666665
0.02,-0.6132692693333333
0.02,-0.6199439439999999
0.02,-0.6266186186666666
0.02,-0.6332932933333333
0.02,-0.6399679679999999
0.02,-0.6466426426666666
0.02,-0.6533173173333332
0.02,-0.6599919919999999
0.02,-0.6666666666666666
0.02666666666666667,-0.005256163555555556
0.02666666666666667,-0.011937077728395064
0.02666666666666667,-0.018617991901234567
0.02666666666666667,-0.025298906074074076
0.02666666666666667,-0.031979820246913586
0.02666666666666667,-0.03866073441975309
0.02666666666666667,-0.0453416485925926
0.02666666666666667,-0.05202256276543211
0.02666666666666667,-0.05870347693827161
0.02666666666666667,-0.06538439111111112
0.02666666666666667,-0.07206530528395062
0.02666666666666667,-0.07874621945679013
0.02666666666666667,-0.08542713362962964
0.02666666666666667,-0.09210804780246915
0.02666666666666667,-0.09878896197530865
0.02666666666666667,-0.10546987614814816
0.02666666666666667,-0.11215079032098767
0.02666666666666667,-0.11883170449382717
0.02666666666666667,-0.1255126186666667
0.02666666666666667,-0.1321935328395062
0.02666666666666667,-0.1388744470123457
0.02666666666666667,-0.1455553611851852
0.02666666666666667,-0.15223627535802473
0.02666666666666667,-0.1589171895308642
0.02666666666666667,-0.16559810370370373
0.02666666666666667,-0.17227901787654323
0.02666666666666667,-0.17895993204938274
0.02666666666666667,-0.18564084622222224
0.02666666666666667,-0.19232176039506177
0.02666666666666667,-0.19900267456790124
0.02666666666666667,-0.20568358874074077
0.02666666666666667,-0.21236450291358028
0.02666666666666667,-0.21904541708641975
0.02666666666666667,-0.22572633125925928
0.02666666666666667,-0.23240724543209879
0.02666666666666667,-0.2390881596049383
0.02666666666666667,-0.2457690737777778
0.02666666666666667,-0.2524499879506173
0.02666666666666667,-0.2591309021234568
0.02666666666666667,-0.2658118162962963
0.02666666666666667,-0.2724927304691358
0.02666666666666667,-0.2791736446419753
0.02666666666666667,-0.2858545588148148
0.02666666666666667,-0.2925354729876543
0.02666666666666667,-0.29921638716049387
0.02666666666666667,-0.30589730133333337
0.02666666666666667,-0.3125782155061728
0.02666666666666667,-0.3192591296790123
0.02666666666666667,-0.3259400438518518
0.02666666666666667,-0.3326209580246914
0.02666666666666667,-0.3393018721975309
0.02666666666666667,-0.3459827863703704
0.02666666666666667,-0.3526637005432099
0.02666666666666667,-0.3593446147160494
0.02666666666666667,-0.3660255288888889
0.02666666666666667,-0.3727064430617284
0.02666666666666667,-0.3793873572345679
0.02666666666666667,-0.38606827140740746
0.02666666666666667,-0.39274918558024696
0.02666666666666667,-0.3994300997530864
0.02666666666666667,-0.4061110139259259
0.02666666666666667,-0.41279192809876547
0.02666666666666667,-0.419472842271605
0.02666666666666667,-0.4261537564444445
0.02666666666666667,-0.432834670617284
0.02666666666666667,-0.4395155847901234
0.02666666666666667,-0.446196498962963
0.02666666666666667,-0.4528774131358025
0.02666666666666667,-0.459558327308642
0.02666666666666667,-0.4662392414814815
0.02666666666666667,-0.47292015565432105
0.02666666666666667,-0.4796010698271605
0.02666666666666667,-0.486281984
0.02666666666666667,-0.4929628981728395
0.02666666666666667,-0.499643812345679
0.02666666666666667,-0.5063247265185186
0.02666666666666667,-0.5130056406913581
0.02666666666666667,-0.5196865548641976
0.02666666666666667,-0.5263674690370371
0.02666666666666667,-0.5330483832098766
0.02666666666666667,-0.5397292973827161
0.02666666666666667,-0.5464102115555556
0.02666666666666667,-0.553091125728395
0.02666666666666667,-0.5597720399012346
0.02666666666666667,-0.566452954074074
0.02666666666666667,-0.5731338682469136
0.02666666666666667,-0.5798147824197531
0.02666666666666667,-0.5864956965925926
0.02666666666666667,-0.5931766107654322
0.02666666666666667,-0.5998575249382717
0.02666666666666667,-0.6065384391111112
0.02666666666666667,-0.6132193532839507
0.02666666666666667,-0.6199002674567902
0.02666666666666667,-0.6265811816296296
0.02666666666666667,-0.6332620958024692
0.02666666666666667,-0.6399430099753086
0.02666666666666667,-0.6466239241481482
0.02666666666666667,-0.6533048383209876
0.02666666666666667,-0.6599857524938272
0.02666666666666667,-0.6666666666666667
0.03333333333333333,-0.004460555555555555
0.03333333333333333,-0.011149506172839507
0.03333333333333333,-0.017838456790123455
0.03333333333333333,-0.024527407407407407
0.03333333333333333,-0.031216358024691353
0.03333333333333333,-0.037905308641975305
0.03333333333333333,-0.04459425925925926
0.03333333333333333,-0.05128320987654321
0.03333333333333333,-0.05797216049382716
0.03333333333333333,-0.0646611111111111
0.03333333333333333,-0.07135006172839506
0.03333333333333333,-0.078039012345679
0.03333333333333333,-0.08472796296296296
0.03333333333333333,-0.09141691358024691
0.03333333333333333,-0.09810586419753087
0.03333333333333333,-0.10479481481481481
0.03333333333333333,-0.11148376543209876
0.03333333333333333,-0.11817271604938272
0.03333333333333333,-0.12486166666666668
0.03333333333333333,-0.1315506172839506
0.03333333333333333,-0.13823956790123457
0.03333333333333333,-0.1449285185185185
0.03333333333333333,-0.15161746913580249
0.03333333333333333,-0.1583064197530864
0.03333333333333333,-0.16499537037037038
0.03333333333333333,-0.17168432098765432
0.03333333333333333,-0.17837327160493827
0.03333333333333333,-0.1850622222222222
0.03333333333333333,-0.19175117283950618
0.03333333333333333,-0.19844012345679013
0.03333333333333333,-0.20512907407407407
0.03333333333333333,-0.21181802469135802
0.03333333333333333,-0.21850697530864197
0.03333333333333333,-0.2251959259259259
0.03333333333333333,-0.23188487654320986
0.03333333333333333,-0.23857382716049383
0.03333333333333333,-0.24526277777777777
0.03333333333333333,-0.25195172839506175
0.03333333333333333,-0.25864067901234566
0.03333333333333333,-0.2653296296296296
0.03333333333333333,-0.2720185802469136
0.03333333333333333,-0.27870753086419753
0.03333333333333333,-0.28539648148148145
0.03333333333333333,-0.2920854320987654
0.03333333333333333,-0.2987743827160494
0.03333333333333333,-0.30546333333333336
0.03333333333333333,-0.3121522839506173
0.03333333333333333,-0.3188412345679012
0.03333333333333333,-0.3255301851851852
0.03333333333333333,-0.33221913580246915
0.03333333333333333,-0.33890808641975306
0.03333333333333333,-0.34559703703703704
0.03333333333333333,-0.35228598765432095
0.03333333333333333,-0.3589749382716049
0.03333333333333333,-0.3656638888888889
0.03333333333333333,-0.3723528395061728
0.03333333333333333,-0.3790417901234568
0.03333333333333333,-0.38573074074074076
0.03333333333333333,-0.3924196913580247
0.03333333333333333,-0.39910864197530865
0.03333333333333333,-0.40579759259259257
0.03333333333333333,-0.41248654320987654
0.03333333333333333,-0.4191754938271605
0.03333333333333333,-0.42586444444444443
0.03333333333333333,-0.43255339506172835
0.03333333333333333,-0.4392423456790123
0.03333333333333333,-0.4459312962962963
0.03333333333333333,-0.4526202469135802
0.03333333333333333,-0.4593091975308642
0.03333333333333333,-0.4659981481481481
0.03333333333333333,-0.47268709876543213
0.03333333333333333,-0.47937604938271605
0.03333333333333333,-0.48606499999999997
0.03333333333333333,-0.49275395061728394
0.03333333333333333,-0.49944290123456786
0.03333333333333333,-0.5061318518518518
0.03333333333333333,-0.5128208024691358
0.03333333333333333,-0.5195097530864197
0.03333333333333333,-0.5261987037037037
0.03333333333333333,-0.5328876543209875
0.03333333333333333,-0.5395766049382715
0.03333333333333333,-0.5462655555555556
0.03333333333333333,-0.5529545061728394
0.03333333333333333,-0.5596434567901234
0.03333333333333333,-0.5663324074074073
0.03333333333333333,-0.5730213580246912
0.03333333333333333,-0.5797103086419753
0.03333333333333333,-0.5863992592592592
0.03333333333333333,-0.5930882098765432
0.03333333333333333,-0.5997771604938271
0.03333333333333333,-0.606466111111111
0.03333333333333333,-0.6131550617283951
0.03333333333333333,-0.6198440123456789
0.03333333333333333,-0.6265329629629629
0.03333333333333333,-0.6332219135802469
0.03333333333333333,-0.6399108641975307
0.03333333333333333,-0.6465998148148148
0.03333333333333333,-0.6532887654320987
0.03333333333333333,-0.6599777160493826
0.03333333333333333,-0.6666666666666666
0.04,-0.0034859946666666673
0.04,-0.010184789333333335
0.04,-0.016883584
0.04,-0.023582378666666667
0.04,-0.030281173333333335
0.04,-0.036979968
0.04,-0.04367876266666667
0.04,-0.050377557333333337
0.04,-0.057076352000000004
0.04,-0.06377514666666667
0.04,-0.07047394133333333
0.04,-0.077172736
0.04,-0.08387153066666667
0.04,-0.09057032533333334
0.04,-0.09726912
0.04,-0.10396791466666667
0.04,-0.11066670933333335
0.04,-0.11736550400000001
0.04,-0.12406429866666667
0.04,-0.13076309333333336
0.04,-0.13746188800000003
0.04,-0.14416068266666668
0.04,-0.15085947733333335
0.04,-0.15755827200000003
0.04,-0.1642570666666667
0.04,-0.17095586133333335
0.04,-0.17765465600000005
0.04,-0.1843534506666667
0.04,-0.19105224533333337
0.04,-0.19775104000000002
0.04,-0.20444983466666672
0.04,-0.21114862933333337
0.04,-0.217847424
0.04,-0.2245462186666667
0.04,-0.23124501333333336
0.04,-0.23794380800000003
0.04,-0.24464260266666668
0.04,-0.2513413973333333
0.04,-0.258040192
0.04,-0.2647389866666667
0.04,-0.27143778133333335
0.04,-0.278136576
0.04,-0.2848353706666667
0.04,-0.2915341653333333
0.04,-0.29823296000000005
0.04,-0.30493175466666667
0.04,-0.31163054933333334
0.04,-0.318329344
0.04,-0.32502813866666663
0.04,-0.33172693333333336
0.04,-0.33842572800000004
0.04,-0.34512452266666666
0.04,-0.35182331733333333
0.04,-0.35852211200000006
0.04,-0.3652209066666667
0.04,-0.37191970133333335
0.04,-0.37861849599999997
0.04,-0.3853172906666667
0.04,-0.3920160853333334
0.04,-0.39871488
0.04,-0.40541367466666667
0.04,-0.4121124693333334
0.04,-0.418811264
0.04,-0.4255100586666667
0.04,-0.43220885333333336
0.04,-0.438907648
0.04,-0.4456064426666667
0.04,-0.4523052373333334
0.04,-0.459004032
0.04,-0.4657028266666667
0.04,-0.47240162133333335
0.04,-0.47910041600000003
0.04,-0.4857992106666667
0.04,-0.4924980053333333
0.04,-0.4991968
0.04,-0.5058955946666667
0.04,-0.5125943893333335
0.04,-0.519293184
0.04,-0.5259919786666667
0.04,-0.5326907733333334
0.04,-0.539389568
0.04,-0.5460883626666667
0.04,-0.5527871573333334
0.04,-0.5594859520000001
0.04,-0.5661847466666666
0.04,-0.5728835413333334
0.04,-0.5795823360000001
0.04,-0.5862811306666666
0.04,-0.5929799253333333
0.04,-0.5996787200000001
0.04,-0.6063775146666667
0.04,-0.6130763093333333
0.04,-0.619775104
0.04,-0.6264738986666667
0.04,-0.6331726933333334
0.04,-0.639871488
0.04,-0.6465702826666667
0.04,-0.6532690773333333
0.04,-0.6599678720000001
0.04,-0.6666666666666667
0.04666666666666667,-0.0023311902222222227
0.04666666666666667,-0.009041649580246915
0.04666666666666667,-0.015752108938271607
0.04666666666666667,-0.022462568296296302
0.04666666666666667,-0.02917302765432099
0.04666666666666667,-0.03588348701234568
0.04666666666666667,-0.042593946370370374
0.04666666666666667,-0.04930440572839507
0.04666666666666667,-0.05601486508641976
0.04666666666666667,-0.06272532444444445
0.04666666666666667,-0.06943578380246913
0.04666666666666667,-0.07614624316049383
0.04666666666666667,-0.08285670251851852
0.04666666666666667,-0.08956716187654322
0.04666666666666667,-0.09627762123456791
0.04666666666666667,-0.10298808059259261
0.04666666666666667,-0.1096985399506173
0.04666666666666667,-0.11640899930864199
0.04666666666666667,-0.12311945866666668
0.04666666666666667,-0.12982991802469138
0.04666666666666667,-0.13654037738271607
0.04666666666666667,-0.14325083674074074
0.04666666666666667,-0.14996129609876546
0.04666666666666667,-0.15667175545679013
0.04666666666666667,-0.16338221481481485
0.04666666666666667,-0.17009267417283952
0.04666666666666667,-0.17680313353086424
0.04666666666666667,-0.1835135928888889
0.04666666666666667,-0.1902240522469136
0.04666666666666667,-0.1969345116049383
0.04666666666666667,-0.203644970962963
0.04666666666666667,-0.2103554303209877
0.04666666666666667,-0.21706588967901236
0.04666666666666667,-0.22377634903703708
0.04666666666666667,-0.23048680839506175
0.04666666666666667,-0.23719726775308644
0.04666666666666667,-0.24390772711111114
0.04666666666666667,-0.25061818646913586
0.04666666666666667,-0.25732864582716053
0.04666666666666667,-0.26403910518518525
0.04666666666666667,-0.27074956454321
0.04666666666666667,-0.27746002390123464
0.04666666666666667,-0.2841704832592593
0.04666666666666667,-0.290880942617284
0.04666666666666667,-0.29759140197530876
0.04666666666666667,-0.3043018613333334
0.04666666666666667,-0.3110123206913581
0.04666666666666667,-0.31772278004938276
0.04666666666666667,-0.3244332394074074
0.04666666666666667,-0.3311436987654322
0.04666666666666667,-0.33785415812345687
0.04666666666666667,-0.34456461748148154
0.04666666666666667,-0.3512750768395062
0.04666666666666667,-0.357985536197531
0.04666666666666667,-0.36469599555555565
0.04666666666666667,-0.3714064549135803
0.04666666666666667,-0.378116914271605
0.04666666666666667,-0.3848273736296297
0.04666666666666667,-0.39153783298765443
0.04666666666666667,-0.3982482923456791
0.04666666666666667,-0.40495875170370377
0.04666666666666667,-0.4116692110617285
0.04666666666666667,-0.41837967041975316
0.04666666666666667,-0.4250901297777779
0.04666666666666667,-0.43180058913580255
0.04666666666666667,-0.4385110484938272
0.04666666666666667,-0.44522150785185194
0.04666666666666667,-0.45193196720987666
0.04666666666666667,-0.45864242656790133
0.04666666666666667,-0.465352885925926
0.04666666666666667,-0.4720633452839507
0.04666666666666667,-0.4787738046419754
0.04666666666666667,-0.4854842640000001
0.04666666666666667,-0.4921947233580248
0.04666666666666667,-0.49890518271604944
0.04666666666666667,-0.5056156420740742
0.04666666666666667,-0.5123261014320989
0.04666666666666667,-0.5190365607901235
0.04666666666666667,-0.5257470201481482
0.04666666666666667,-0.532457479506173
0.04666666666666667,-0.5391679388641977
0.04666666666666667,-0.5458783982222224
0.04666666666666667,-0.552588857580247
0.04666666666666667,-0.5592993169382717
0.04666666666666667,-0.5660097762962963
0.04666666666666667,-0.5727202356543211
0.04666666666666667,-0.5794306950123458
0.04666666666666667,-0.5861411543703704
0.04666666666666667,-0.5928516137283951
0.04666666666666667,-0.59956207308642
0.04666666666666667,-0.6062725324444446
0.04666666666666667,-0.6129829918024693
0.04666666666666667,-0.6196934511604939
0.04666666666666667,-0.6264039105185186
0.04666666666666667,-0.6331143698765433
0.04666666666666667,-0.639824829234568
0.04666666666666667,-0.6465352885925927
0.04666666666666667,-0.6532457479506173
0.04666666666666667,-0.6599562073086421
0.04666666666666667,-0.6666666666666669
0.05333333333333334,-0.000994616888888889
0.05333333333333334,-0.0077185769876543225
0.05333333333333334,-0.014442537086419755
0.05333333333333334,-0.02116649718518519
0.05333333333333334,-0.02789045728395062
0.05333333333333334,-0.034614417382716055
0.05333333333333334,-0.04133837748148149
0.05333333333333334,-0.048062337580246924
0.05333333333333334,-0.05478629767901236
0.05333333333333334,-0.061510257777777785
0.05333333333333334,-0.06823421787654321
0.05333333333333334,-0.07495817797530865
0.05333333333333334,-0.08168213807407408
0.05333333333333334,-0.08840609817283952
0.05333333333333334,-0.09513005827160495
0.05333333333333334,-0.10185401837037039
0.05333333333333334,-0.10857797846913582
0.05333333333333334,-0.11530193856790126
0.05333333333333334,-0.1220258986666667
0.05333333333333334,-0.1287498587654321
0.05333333333333334,-0.13547381886419757
0.05333333333333334,-0.14219777896296298
0.05333333333333334,-0.14892173906172845
0.05333333333333334,-0.15564569916049387
0.05333333333333334,-0.16236965925925928
0.05333333333333334,-0.1690936193580247
0.05333333333333334,-0.17581757945679016
0.05333333333333334,-0.18254153955555558
0.05333333333333334,-0.18926549965432105
0.05333333333333334,-0.19598945975308646
0.05333333333333334,-0.20271341985185187
0.05333333333333334,-0.20943737995061734
0.05333333333333334,-0.21616134004938276
0.05333333333333334,-0.22288530014814817
0.05333333333333334,-0.22960926024691358
0.05333333333333334,-0.23633322034567905
0.05333333333333334,-0.24305718044444447
0.05333333333333334,-0.24978114054320993
0.05333333333333334,-0.25650510064197535
0.05333333333333334,-0.26322906074074076
0.05333333333333334,-0.26995302083950623
0.05333333333333334,-0.27667698093827164
0.05333333333333334,-0.28340094103703706
0.05333333333333334,-0.29012490113580247
0.05333333333333334,-0.29684886123456794
0.05333333333333334,-0.3035728213333334
0.05333333333333334,-0.3102967814320988
0.05333333333333334,-0.31702074153086424
0.05333333333333334,-0.32374470162962965
0.05333333333333334,-0.3304686617283951
0.05333333333333334,-0.33719262182716053
0.05333333333333334,-0.34391658192592595
0.05333333333333334,-0.35064054202469136
0.05333333333333334,-0.35736450212345683
0.05333333333333334,-0.3640884622222223
0.05333333333333334,-0.3708124223209877
0.05333333333333334,-0.3775363824197531
0.05333333333333334,-0.3842603425185186
0.05333333333333334,-0.390984302617284
0.05333333333333334,-0.3977082627160494
0.05333333333333334,-0.40443222281481483
0.05333333333333334,-0.4111561829135803
0.05333333333333334,-0.4178801430123458
0.05333333333333334,-0.4246041031111112
0.05333333333333334,-0.4313280632098766
0.05333333333333334,-0.438052023308642
0.05333333333333334,-0.4447759834074075
0.05333333333333334,-0.4514999435061729
0.05333333333333334,-0.4582239036049383
0.05333333333333334,-0.4649478637037037
0.05333333333333334,-0.47167182380246925
0.05333333333333334,-0.47839578390123466
0.05333333333333334,-0.4851197440000001
0.05333333333333334,-0.4918437040987655
0.05333333333333334,-0.4985676641975309
0.05333333333333334,-0.5052916242962965
0.05333333333333334,-0.5120155843950619
0.05333333333333334,-0.5187395444938273
0.05333333333333334,-0.5254635045925927
0.05333333333333334,-0.5321874646913581
0.05333333333333334,-0.5389114247901235
0.05333333333333334,-0.5456353848888891
0.05333333333333334,-0.5523593449876544
0.05333333333333334,-0.5590833050864199
0.05333333333333334,-0.5658072651851853
0.05333333333333334,-0.5725312252839507
0.05333333333333334,-0.5792551853827163
0.05333333333333334,-0.5859791454814816
0.05333333333333334,-0.5927031055802471
0.05333333333333334,-0.5994270656790125
0.05333333333333334,-0.6061510257777779
0.05333333333333334,-0.6128749858765434
0.05333333333333334,-0.6195989459753087
0.05333333333333334,-0.6263229060740743
0.05333333333333334,-0.6330468661728397
0.05333333333333334,-0.6397708262716051
0.05333333333333334,-0.6464947863703705
0.05333333333333334,-0.6532187464691359
0.05333333333333334,-0.6599427065679013
0.05333333333333334,-0.6666666666666669
0.060000000000000005,0.000525485333333334
0.060000000000000005,-0.006213829333333334
0.060000000000000005,-0.012953144
0.060000000000000005,-0.01969245866666667
0.060000000000000005,-0.026431773333333332
0.060000000000000005,-0.033171088
0.060000000000000005,-0.03991040266666667
0.060000000000000005,-0.04664971733333334
0.060000000000000005,-0.053389032
0.060000000000000005,-0.060128346666666665
0.060000000000000005,-0.06686766133333334
0.060000000000000005,-0.073606976
0.060000000000000005,-0.08034629066666667
0.060000000000000005,-0.08708560533333334
0.060000000000000005,-0.09382492
0.060000000000000005,-0.10056423466666668
0.060000000000000005,-0.10730354933333335
0.060000000000000005,-0.11404286400000001
0.060000000000000005,-0.12078217866666667
0.060000000000000005,-0.12752149333333335
0.060000000000000005,-0.134260808
0.060000000000000005,-0.14100012266666667
0.060000000000000005,-0.14773943733333333
0.060000000000000005,-0.154478752
0.060000000000000005,-0.16121806666666672
0.060000000000000005,-0.16795738133333332
0.060000000000000005,-0.17469669600000004
0.060000000000000005,-0.1814360106666667
0.060000000000000005,-0.18817532533333337
0.060000000000000005,-0.19491464000000003
0.060000000000000005,-0.2016539546666667
0.060000000000000005,-0.20839326933333335
0.060000000000000005,-0.21513258400000002
0.060000000000000005,-0.22187189866666668
0.060000000000000005,-0.22861121333333334
0.060000000000000005,-0.235350528
0.060000000000000005,-0.24208984266666667
0.060000000000000005,-0.24882915733333333
0.060000000000000005,-0.255568472
0.060000000000000005,-0.26230778666666665
0.060000000000000005,-0.26904710133333337
0.060000000000000005,-0.27578641600000003
0.060000000000000005,-0.2825257306666667
0.060000000000000005,-0.28926504533333336
0.060000000000000005,-0.29600436
0.060000000000000005,-0.3027436746666667
0.060000000000000005,-0.30948298933333335
0.060000000000000005,-0.316222304
0.060000000000000005,-0.32296161866666667
0.060000000000000005,-0.3297009333333334
0.060000000000000005,-0.33644024800000005
0.060000000000000005,-0.34317956266666666
0.060000000000000005,-0.3499188773333333
0.060000000000000005,-0.35665819200000004
0.060000000000000005,-0.3633975066666667
0.060000000000000005,-0.37013682133333337
0.060000000000000005,-0.37687613600000003
0.060000000000000005,-0.38361545066666675
0.060000000000000005,-0.39035476533333335
0.060000000000000005,-0.39709408
0.060000000000000005,-0.4038333946666667
0.060000000000000005,-0.4105727093333334
0.060000000000000005,-0.41731202400000006
0.060000000000000005,-0.4240513386666667
0.060000000000000005,-0.43079065333333333
0.060000000000000005,-0.437529968
0.060000000000000005,-0.4442692826666667
0.060000000000000005,-0.45100859733333337
0.060000000000000005,-0.45774791200000003
0.060000000000000005,-0.4644872266666667
0.060000000000000005,-0.4712265413333334
0.060000000000000005,-0.477965856
0.060000000000000005,-0.4847051706666667
0.060000000000000005,-0.49144448533333335
0.060000000000000005,-0.4981838
0.060000000000000005,-0.5049231146666667
0.060000000000000005,-0.5116624293333335
0.060000000000000005,-0.518401744
0.060000000000000005,-0.5251410586666668
0.060000000000000005,-0.5318803733333334
0.060000000000000005,-0.5386196880000002
0.060000000000000005,-0.5453590026666668
0.060000000000000005,-0.5520983173333334
0.060000000000000005,-0.5588376320000001
0.060000000000000005,-0.5655769466666667
0.060000000000000005,-0.5723162613333335
0.060000000000000005,-0.5790555760000001
0.060000000000000005,-0.5857948906666668
0.060000000000000005,-0.5925342053333335
0.060000000000000005,-0.5992735200000001
0.060000000000000005,-0.6060128346666668
0.060000000000000005,-0.6127521493333334
0.060000000000000005,-0.6194914640000001
0.060000000000000005,-0.6262307786666668
0.060000000000000005,-0.6329700933333335
0.060000000000000005,-0.6397094080000001
0.060000000000000005,-0.6464487226666668
0.060000000000000005,-0.6531880373333334
0.060000000000000005,-0.6599273520000001
0.060000000000000005,-0.6666666666666669
0.06666666666666667,0.002231111111111111
0.06666666666666667,-0.004525432098765433
0.06666666666666667,-0.011281975308641976
0.06666666666666667,-0.01803851851851852
0.06666666666666667,-0.024795061728395056
0.06666666666666667,-0.03155160493827161
0.06666666666666667,-0.03830814814814815
0.06666666666666667,-0.0450646913580247
0.06666666666666667,-0.051821234567901234
0.06666666666666667,-0.05857777777777777
0.06666666666666667,-0.06533432098765432
0.06666666666666667,-0.07209086419753087
0.06666666666666667,-0.07884740740740741
0.06666666666666667,-0.08560395061728396
0.06666666666666667,-0.0923604938271605
0.06666666666666667,-0.09911703703703705
0.06666666666666667,-0.10587358024691358
0.06666666666666667,-0.11263012345679013
0.06666666666666667,-0.11938666666666668
0.06666666666666667,-0.12614320987654318
0.06666666666666667,-0.13289975308641974
0.06666666666666667,-0.13965629629629628
0.06666666666666667,-0.14641283950617284
0.06666666666666667,-0.15316938271604938
0.06666666666666667,-0.15992592592592592
0.06666666666666667,-0.16668246913580245
0.06666666666666667,-0.17343901234567902
0.06666666666666667,-0.18019555555555555
0.06666666666666667,-0.1869520987654321
0.06666666666666667,-0.19370864197530863
0.06666666666666667,-0.2004651851851852
0.06666666666666667,-0.20722172839506173
0.06666666666666667,-0.21397827160493826
0.06666666666666667,-0.2207348148148148
0.06666666666666667,-0.22749135802469134
0.06666666666666667,-0.2342479012345679
0.06666666666666667,-0.24100444444444444
0.06666666666666667,-0.247760987654321
0.06666666666666667,-0.25451753086419754
0.06666666666666667,-0.26127407407407405
0.06666666666666667,-0.26803061728395067
0.06666666666666667,-0.2747871604938272
0.06666666666666667,-0.28154370370370374
0.06666666666666667,-0.28830024691358025
0.06666666666666667,-0.2950567901234568
0.06666666666666667,-0.3018133333333334
0.06666666666666667,-0.3085698765432099
0.06666666666666667,-0.31532641975308645
0.06666666666666667,-0.32208296296296296
0.06666666666666667,-0.3288395061728395
0.06666666666666667,-0.3355960493827161
0.06666666666666667,-0.3423525925925926
0.06666666666666667,-0.3491091358024691
0.06666666666666667,-0.3558656790123457
0.06666666666666667,-0.36262222222222223
0.06666666666666667,-0.3693787654320988
0.06666666666666667,-0.3761353086419753
0.06666666666666667,-0.38289185185185187
0.06666666666666667,-0.38964839506172844
0.06666666666666667,-0.39640493827160495
0.06666666666666667,-0.4031614814814815
0.06666666666666667,-0.4099180246913581
0.06666666666666667,-0.4166745679012346
0.06666666666666667,-0.42343111111111115
0.06666666666666667,-0.43018765432098766
0.06666666666666667,-0.4369441975308642
0.06666666666666667,-0.4437007407407408
0.06666666666666667,-0.4504572839506173
0.06666666666666667,-0.45721382716049386
0.06666666666666667,-0.46397037037037037
0.06666666666666667,-0.47072691358024693
0.06666666666666667,-0.4774834567901235
0.06666666666666667,-0.48424
0.06666666666666667,-0.49099654320987657
0.06666666666666667,-0.4977530864197531
0.06666666666666667,-0.5045096296296296
0.06666666666666667,-0.5112661728395062
0.06666666666666667,-0.5180227160493827
0.06666666666666667,-0.5247792592592593
0.06666666666666667,-0.5315358024691357
0.06666666666666667,-0.5382923456790123
0.06666666666666667,-0.5450488888888889
0.06666666666666667,-0.5518054320987654
0.06666666666666667,-0.5585619753086419
0.06666666666666667,-0.5653185185185184
0.06666666666666667,-0.5720750617283951
0.06666666666666667,-0.5788316049382716
0.06666666666666667,-0.5855881481481481
0.06666666666666667,-0.5923446913580247
0.06666666666666667,-0.5991012345679012
0.06666666666666667,-0.6058577777777777
0.06666666666666667,-0.6126143209876543
0.06666666666666667,-0.6193708641975307
0.06666666666666667,-0.6261274074074074
0.06666666666666667,-0.632883950617284
0.06666666666666667,-0.6396404938271605
0.06666666666666667,-0.646397037037037
0.06666666666666667,-0.6531535802469135
0.06666666666666667,-0.6599101234567901
0.06666666666666667,-0.6666666666666666
0.07333333333333333,0.004124489777777778
0.07333333333333333,-0.002651178469135802
0.07333333333333333,-0.00942684671604938
0.07333333333333333,-0.01620251496296296
0.07333333333333333,-0.02297818320987654
0.07333333333333333,-0.029753851456790117
0.07333333333333333,-0.0365295197037037
0.07333333333333333,-0.04330518795061728
0.07333333333333333,-0.05008085619753086
0.07333333333333333,-0.05685652444444444
0.07333333333333333,-0.06363219269135803
0.07333333333333333,-0.0704078609382716
0.07333333333333333,-0.07718352918518519
0.07333333333333333,-0.08395919743209877
0.07333333333333333,-0.09073486567901234
0.07333333333333333,-0.09751053392592593
0.07333333333333333,-0.10428620217283951
0.07333333333333333,-0.11106187041975309
0.07333333333333333,-0.11783753866666669
0.07333333333333333,-0.12461320691358024
0.07333333333333333,-0.13138887516049383
0.07333333333333333,-0.13816454340740741
0.07333333333333333,-0.144940211654321
0.07333333333333333,-0.15171587990123456
0.07333333333333333,-0.15849154814814817
0.07333333333333333,-0.16526721639506173
0.07333333333333333,-0.1720428846419753
0.07333333333333333,-0.1788185528888889
0.07333333333333333,-0.18559422113580248
0.07333333333333333,-0.19236988938271604
0.07333333333333333,-0.19914555762962965
0.07333333333333333,-0.2059212258765432
0.07333333333333333,-0.21269689412345677
0.07333333333333333,-0.21947256237037038
0.07333333333333333,-0.22624823061728394
0.07333333333333333,-0.23302389886419753
0.07333333333333333,-0.2397995671111111
0.07333333333333333,-0.24657523535802472
0.07333333333333333,-0.2533509036049383
0.07333333333333333,-0.26012657185185184
0.07333333333333333,-0.26690224009876545
0.07333333333333333,-0.273677908345679
0.07333333333333333,-0.28045357659259257
0.07333333333333333,-0.2872292448395062
0.07333333333333333,-0.2940049130864198
0.07333333333333333,-0.30078058133333335
0.07333333333333333,-0.3075562495802469
0.07333333333333333,-0.31433191782716047
0.07333333333333333,-0.321107586074074
0.07333333333333333,-0.3278832543209877
0.07333333333333333,-0.33465892256790125
0.07333333333333333,-0.3414345908148148
0.07333333333333333,-0.34821025906172837
0.07333333333333333,-0.354985927308642
0.07333333333333333,-0.3617615955555556
0.07333333333333333,-0.36853726380246915
0.07333333333333333,-0.3753129320493827
0.07333333333333333,-0.3820886002962963
0.07333333333333333,-0.3888642685432099
0.07333333333333333,-0.39563993679012344
0.07333333333333333,-0.40241560503703705
0.07333333333333333,-0.40919127328395066
0.07333333333333333,-0.4159669415308642
0.07333333333333333,-0.4227426097777778
0.07333333333333333,-0.42951827802469134
0.07333333333333333,-0.4362939462716049
0.07333333333333333,-0.44306961451851856
0.07333333333333333,-0.4498452827654321
0.07333333333333333,-0.4566209510123457
0.07333333333333333,-0.46339661925925923
0.07333333333333333,-0.47017228750617285
0.07333333333333333,-0.4769479557530864
0.07333333333333333,-0.483723624
0.07333333333333333,-0.4904992922469136
0.07333333333333333,-0.49727496049382713
0.07333333333333333,-0.5040506287407408
0.07333333333333333,-0.5108262969876544
0.07333333333333333,-0.5176019652345679
0.07333333333333333,-0.5243776334814815
0.07333333333333333,-0.531153301728395
0.07333333333333333,-0.5379289699753087
0.07333333333333333,-0.5447046382222223
0.07333333333333333,-0.5514803064691358
0.07333333333333333,-0.5582559747160494
0.07333333333333333,-0.5650316429629629
0.07333333333333333,-0.5718073112098765
0.07333333333333333,-0.5785829794567902
0.07333333333333333,-0.5853586477037037
0.07333333333333333,-0.5921343159506173
0.07333333333333333,-0.5989099841975309
0.07333333333333333,-0.6056856524444444
0.07333333333333333,-0.6124613206913581
0.07333333333333333,-0.6192369889382716
0.07333333333333333,-0.6260126571851852
0.07333333333333333,-0.6327883254320988
0.07333333333333333,-0.6395639936790123
0.07333333333333333,-0.646339661925926
0.07333333333333333,-0.6531153301728394
0.07333333333333333,-0.6598909984197531
0.07333333333333333,-0.6666666666666667
0.08,0.006208085333333333
0.08,-0.0005886293333333351
0.08,-0.007385344000000002
0.08,-0.01418205866666667
0.08,-0.020978773333333336
0.08,-0.027775488000000004
0.08,-0.034572202666666677
0.08,-0.04136891733333334
0.08,-0.048165632000000014
0.08,-0.054962346666666675
0.08,-0.06175906133333334
0.08,-0.06855577600000001
0.08,-0.07535249066666667
0.08,-0.08214920533333335
0.08,-0.08894592000000001
0.08,-0.09574263466666669
0.08,-0.10253934933333335
0.08,-0.10933606400000002
0.08,-0.1161327786666667
0.08,-0.12292949333333335
0.08,-0.129726208
0.08,-0.13652292266666666
0.08,-0.14331963733333336
0.08,-0.150116352
0.08,-0.15691306666666668
0.08,-0.16370978133333333
0.08,-0.170506496
0.08,-0.17730321066666668
0.08,-0.18409992533333336
0.08,-0.19089664
0.08,-0.19769335466666668
0.08,-0.20449006933333336
0.08,-0.211286784
0.08,-0.21808349866666668
0.08,-0.22488021333333333
0.08,-0.23167692800000003
0.08,-0.23847364266666668
0.08,-0.24527035733333338
0.08,-0.25206707200000006
0.08,-0.2588637866666667
0.08,-0.2656605013333334
0.08,-0.27245721600000006
0.08,-0.2792539306666667
0.08,-0.28605064533333335
0.08,-0.29284736000000006
0.08,-0.29964407466666676
0.08,-0.3064407893333334
0.08,-0.31323750400000006
0.08,-0.3200342186666667
0.08,-0.3268309333333334
0.08,-0.33362764800000005
0.08,-0.3404243626666667
0.08,-0.34722107733333335
0.08,-0.35401779200000005
0.08,-0.36081450666666676
0.08,-0.3676112213333334
0.08,-0.37440793600000005
0.08,-0.38120465066666676
0.08,-0.3880013653333334
0.08,-0.39479808000000005
0.08,-0.4015947946666667
0.08,-0.4083915093333334
0.08,-0.4151882240000001
0.08,-0.42198493866666675
0.08,-0.4287816533333334
0.08,-0.43557836800000005
0.08,-0.44237508266666675
0.08,-0.4491717973333334
0.08,-0.45596851200000005
0.08,-0.4627652266666667
0.08,-0.46956194133333345
0.08,-0.4763586560000001
0.08,-0.48315537066666675
0.08,-0.4899520853333334
0.08,-0.49674880000000005
0.08,-0.5035455146666667
0.08,-0.5103422293333334
0.08,-0.517138944
0.08,-0.5239356586666667
0.08,-0.5307323733333333
0.08,-0.537529088
0.08,-0.5443258026666667
0.08,-0.5511225173333333
0.08,-0.557919232
0.08,-0.5647159466666667
0.08,-0.5715126613333333
0.08,-0.5783093760000001
0.08,-0.5851060906666666
0.08,-0.5919028053333334
0.08,-0.59869952
0.08,-0.6054962346666667
0.08,-0.6122929493333334
0.08,-0.619089664
0.08,-0.6258863786666667
0.08,-0.6326830933333334
0.08,-0.639479808
0.08,-0.6462765226666667
0.08,-0.6530732373333333
0.08,-0.659869952
0.08,-0.6666666666666667
0.08666666666666667,0.008484596444444444
0.08666666666666667,0.001664886716049382
0.08666666666666667,-0.005154823012345679
0.08666666666666667,-0.011974532740740743
0.08666666666666667,-0.0187942424691358
0.08666666666666667,-0.025613952197530866
0.08666666666666667,-0.03243366192592592
0.08666666666666667,-0.039253371654320995
0.08666666666666667,-0.046073081382716055
0.08666666666666667,-0.0528927911111111
0.08666666666666667,-0.059712500839506175
0.08666666666666667,-0.06653221056790123
0.08666666666666667,-0.0733519202962963
0.08666666666666667,-0.08017163002469135
0.08666666666666667,-0.08699133975308643
0.08666666666666667,-0.09381104948148149
0.08666666666666667,-0.10063075920987655
0.08666666666666667,-0.1074504689382716
0.08666666666666667,-0.11427017866666667
0.08666666666666667,-0.12108988839506171
0.08666666666666667,-0.1279095981234568
0.08666666666666667,-0.13472930785185186
0.08666666666666667,-0.14154901758024693
0.08666666666666667,-0.14836872730864198
0.08666666666666667,-0.15518843703703705
0.08666666666666667,-0.1620081467654321
0.08666666666666667,-0.16882785649382717
0.08666666666666667,-0.17564756622222222
0.08666666666666667,-0.1824672759506173
0.08666666666666667,-0.18928698567901237
0.08666666666666667,-0.19610669540740744
0.08666666666666667,-0.20292640513580248
0.08666666666666667,-0.20974611486419753
0.08666666666666667,-0.2165658245925926
0.08666666666666667,-0.22338553432098765
0.08666666666666667,-0.23020524404938272
0.08666666666666667,-0.23702495377777777
0.08666666666666667,-0.24384466350617284
0.08666666666666667,-0.2506643732345679
0.08666666666666667,-0.25748408296296293
0.08666666666666667,-0.26430379269135806
0.08666666666666667,-0.27112350241975314
0.08666666666666667,-0.27794321214814816
0.08666666666666667,-0.28476292187654323
0.08666666666666667,-0.2915826316049383
0.08666666666666667,-0.2984023413333334
0.08666666666666667,-0.3052220510617284
0.08666666666666667,-0.31204176079012347
0.08666666666666667,-0.3188614705185185
0.08666666666666667,-0.3256811802469136
0.08666666666666667,-0.3325008899753087
0.08666666666666667,-0.3393205997037037
0.08666666666666667,-0.3461403094320988
0.08666666666666667,-0.35296001916049385
0.08666666666666667,-0.35977972888888893
0.08666666666666667,-0.36659943861728395
0.08666666666666667,-0.373419148345679
0.08666666666666667,-0.3802388580740741
0.08666666666666667,-0.38705856780246917
0.08666666666666667,-0.39387827753086424
0.08666666666666667,-0.40069798725925926
0.08666666666666667,-0.4075176969876544
0.08666666666666667,-0.4143374067160494
0.08666666666666667,-0.4211571164444445
0.08666666666666667,-0.4279768261728395
0.08666666666666667,-0.43479653590123457
0.08666666666666667,-0.4416162456296297
0.08666666666666667,-0.4484359553580247
0.08666666666666667,-0.4552556650864198
0.08666666666666667,-0.4620753748148148
0.08666666666666667,-0.46889508454320994
0.08666666666666667,-0.47571479427160496
0.08666666666666667,-0.48253450400000003
0.08666666666666667,-0.48935421372839505
0.08666666666666667,-0.4961739234567901
0.08666666666666667,-0.5029936331851852
0.08666666666666667,-0.5098133429135804
0.08666666666666667,-0.5166330526419753
0.08666666666666667,-0.5234527623703704
0.08666666666666667,-0.5302724720987654
0.08666666666666667,-0.5370921818271606
0.08666666666666667,-0.5439118915555556
0.08666666666666667,-0.5507316012839506
0.08666666666666667,-0.5575513110123458
0.08666666666666667,-0.5643710207407407
0.08666666666666667,-0.5711907304691358
0.08666666666666667,-0.5780104401975309
0.08666666666666667,-0.584830149925926
0.08666666666666667,-0.591649859654321
0.08666666666666667,-0.5984695693827161
0.08666666666666667,-0.6052892791111111
0.08666666666666667,-0.6121089888395063
0.08666666666666667,-0.6189286985679012
0.08666666666666667,-0.6257484082962963
0.08666666666666667,-0.6325681180246915
0.08666666666666667,-0.6393878277530864
0.08666666666666667,-0.6462075374814815
0.08666666666666667,-0.6530272472098765
0.08666666666666667,-0.6598469569382717
0.08666666666666667,-0.6666666666666667
0.09333333333333334,0.010956956444444445
0.09333333333333334,0.0041122733827160494
0.09333333333333334,-0.0027324096790123445
0.09333333333333334,-0.009577092740740742
0.09333333333333334,-0.016421775802469132
0.09333333333333334,-0.02326645886419753
0.09333333333333334,-0.030111141925925927
0.09333333333333334,-0.036955824987654325
0.09333333333333334,-0.04380050804938272
0.09333333333333334,-0.050645191111111106
0.09333333333333334,-0.05748987417283951
0.09333333333333334,-0.06433455723456791
0.09333333333333334,-0.0711792402962963
0.09333333333333334,-0.07802392335802469
0.09333333333333334,-0.0848686064197531
0.09333333333333334,-0.0917132894814815
0.09333333333333334,-0.09855797254320989
0.09333333333333334,-0.10540265560493828
0.09333333333333334,-0.1122473386666667
0.09333333333333334,-0.11909202172839506
0.09333333333333334,-0.12593670479012348
0.09333333333333334,-0.13278138785185187
0.09333333333333334,-0.13962607091358029
0.09333333333333334,-0.14647075397530865
0.09333333333333334,-0.15331543703703707
0.09333333333333334,-0.16016012009876546
0.09333333333333334,-0.16700480316049385
0.09333333333333334,-0.17384948622222224
0.09333333333333334,-0.18069416928395066
0.09333333333333334,-0.18753885234567905
0.09333333333333334,-0.19438353540740744
0.09333333333333334,-0.20122821846913583
0.09333333333333334,-0.20807290153086422
0.09333333333333334,-0.2149175845925926
0.09333333333333334,-0.221762267654321
0.09333333333333334,-0.22860695071604942
0.09333333333333334,-0.2354516337777778
0.09333333333333334,-0.24229631683950623
0.09333333333333334,-0.2491409999012346
0.09333333333333334,-0.2559856829629629
0.09333333333333334,-0.2628303660246914
0.09333333333333334,-0.26967504908641976
0.09333333333333334,-0.2765197321481481
0.09333333333333334,-0.28336441520987654
0.09333333333333334,-0.29020909827160496
0.09333333333333334,-0.2970537813333334
0.09333333333333334,-0.30389846439506174
0.09333333333333334,-0.3107431474567901
0.09333333333333334,-0.3175878305185185
0.09333333333333334,-0.32443251358024694
0.09333333333333334,-0.3312771966419753
0.09333333333333334,-0.3381218797037037
0.09333333333333334,-0.3449665627654321
0.09333333333333334,-0.3518112458271605
0.09333333333333334,-0.3586559288888889
0.09333333333333334,-0.3655006119506173
0.09333333333333334,-0.3723452950123457
0.09333333333333334,-0.3791899780740741
0.09333333333333334,-0.3860346611358025
0.09333333333333334,-0.3928793441975309
0.09333333333333334,-0.39972402725925926
0.09333333333333334,-0.4065687103209877
0.09333333333333334,-0.4134133933827161
0.09333333333333334,-0.42025807644444446
0.09333333333333334,-0.4271027595061728
0.09333333333333334,-0.43394744256790124
0.09333333333333334,-0.44079212562962966
0.09333333333333334,-0.447636808691358
0.09333333333333334,-0.45448149175308644
0.09333333333333334,-0.4613261748148148
0.09333333333333334,-0.4681708578765433
0.09333333333333334,-0.47501554093827164
0.09333333333333334,-0.481860224
0.09333333333333334,-0.4887049070617284
0.09333333333333334,-0.4955495901234568
0.09333333333333334,-0.5023942731851853
0.09333333333333334,-0.5092389562469136
0.09333333333333334,-0.516083639308642
0.09333333333333334,-0.5229283223703705
0.09333333333333334,-0.5297730054320987
0.09333333333333334,-0.5366176884938272
0.09333333333333334,-0.5434623715555557
0.09333333333333334,-0.5503070546172839
0.09333333333333334,-0.5571517376790124
0.09333333333333334,-0.5639964207407407
0.09333333333333334,-0.5708411038024691
0.09333333333333334,-0.5776857868641976
0.09333333333333334,-0.5845304699259259
0.09333333333333334,-0.5913751529876544
0.09333333333333334,-0.5982198360493828
0.09333333333333334,-0.6050645191111111
0.09333333333333334,-0.6119092021728396
0.09333333333333334,-0.6187538852345679
0.09333333333333334,-0.6255985682962963
0.09333333333333334,-0.6324432513580248
0.09333333333333334,-0.6392879344197531
0.09333333333333334,-0.6461326174814815
0.09333333333333334,-0.6529773005432099
0.09333333333333334,-0.6598219836049383
0.09333333333333334,-0.6666666666666667
0.1,0.013628333333333336
0.1,0.0067566666666666695
0.1,-0.00011499999999999705
0.1,-0.006986666666666665
0.1,-0.013858333333333334
0.1,-0.02073
0.1,-0.02760166666666667
0.1,-0.034473333333333335
0.1,-0.04134500000000001
0.1,-0.04821666666666667
0.1,-0.055088333333333336
0.1,-0.06196
0.1,-0.06883166666666667
0.1,-0.07570333333333334
0.1,-0.08257500000000001
0.1,-0.08944666666666667
0.1,-0.09631833333333334
0.1,-0.10319000000000002
0.1,-0.11006166666666668
0.1,-0.11693333333333335
0.1,-0.12380500000000001
0.1,-0.13067666666666666
0.1,-0.13754833333333333
0.1,-0.14442
0.1,-0.1512916666666667
0.1,-0.15816333333333332
0.1,-0.16503500000000004
0.1,-0.1719066666666667
0.1,-0.17877833333333337
0.1,-0.18565000000000004
0.1,-0.1925216666666667
0.1,-0.19939333333333337
0.1,-0.20626500000000003
0.1,-0.2131366666666667
0.1,-0.22000833333333336
0.1,-0.22688000000000003
0.1,-0.2337516666666667
0.1,-0.24062333333333336
0.1,-0.24749500000000002
0.1,-0.2543666666666667
0.1,-0.26123833333333335
0.1,-0.26811
0.1,-0.2749816666666667
0.1,-0.28185333333333334
0.1,-0.28872500000000006
0.1,-0.2955966666666667
0.1,-0.30246833333333334
0.1,-0.30934
0.1,-0.31621166666666667
0.1,-0.3230833333333334
0.1,-0.329955
0.1,-0.33682666666666666
0.1,-0.34369833333333333
0.1,-0.35057000000000005
0.1,-0.3574416666666667
0.1,-0.3643133333333334
0.1,-0.371185
0.1,-0.3780566666666667
0.1,-0.3849283333333334
0.1,-0.39180000000000004
0.1,-0.3986716666666667
0.1,-0.40554333333333337
0.1,-0.41241500000000003
0.1,-0.4192866666666667
0.1,-0.42615833333333336
0.1,-0.43303
0.1,-0.43990166666666675
0.1,-0.44677333333333336
0.1,-0.453645
0.1,-0.4605166666666667
0.1,-0.4673883333333334
0.1,-0.47426000000000007
0.1,-0.4811316666666667
0.1,-0.4880033333333334
0.1,-0.494875
0.1,-0.5017466666666668
0.1,-0.5086183333333335
0.1,-0.5154900000000001
0.1,-0.5223616666666668
0.1,-0.5292333333333334
0.1,-0.536105
0.1,-0.5429766666666668
0.1,-0.5498483333333334
0.1,-0.5567200000000001
0.1,-0.5635916666666667
0.1,-0.5704633333333334
0.1,-0.5773350000000002
0.1,-0.5842066666666668
0.1,-0.5910783333333335
0.1,-0.5979500000000002
0.1,-0.6048216666666668
0.1,-0.6116933333333334
0.1,-0.618565
0.1,-0.6254366666666668
0.1,-0.6323083333333335
0.1,-0.6391800000000001
0.1,-0.6460516666666668
0.1,-0.6529233333333334
0.1,-0.6597950000000001
0.1,-0.6666666666666669
0.10666666666666667,0.01650212977777778
0.10666666666666667,0.009601434864197534
0.10666666666666667,0.002700739950617287
0.10666666666666667,-0.004199954962962962
0.10666666666666667,-0.01110064987654321
0.10666666666666667,-0.018001344790123455
0.10666666666666667,-0.024902039703703707
0.10666666666666667,-0.03180273461728395
0.10666666666666667,-0.038703429530864204
0.10666666666666667,-0.04560412444444445
0.10666666666666667,-0.0525048193580247
0.10666666666666667,-0.05940551427160494
0.10666666666666667,-0.06630620918518519
0.10666666666666667,-0.07320690409876544
0.10666666666666667,-0.0801075990123457
0.10666666666666667,-0.08700829392592593
0.10666666666666667,-0.09390898883950619
0.10666666666666667,-0.10080968375308644
0.10666666666666667,-0.10771037866666668
0.10666666666666667,-0.11461107358024693
0.10666666666666667,-0.12151176849382718
0.10666666666666667,-0.12841246340740742
0.10666666666666667,-0.13531315832098767
0.10666666666666667,-0.14221385323456792
0.10666666666666667,-0.14911454814814817
0.10666666666666667,-0.15601524306172843
0.10666666666666667,-0.16291593797530868
0.10666666666666667,-0.16981663288888893
0.10666666666666667,-0.17671732780246918
0.10666666666666667,-0.18361802271604943
0.10666666666666667,-0.19051871762962969
0.10666666666666667,-0.19741941254320988
0.10666666666666667,-0.20432010745679013
0.10666666666666667,-0.2112208023703704
0.10666666666666667,-0.21812149728395064
0.10666666666666667,-0.2250221921975309
0.10666666666666667,-0.23192288711111114
0.10666666666666667,-0.2388235820246914
0.10666666666666667,-0.24572427693827165
0.10666666666666667,-0.2526249718518519
0.10666666666666667,-0.25952566676543215
0.10666666666666667,-0.2664263616790124
0.10666666666666667,-0.27332705659259265
0.10666666666666667,-0.2802277515061729
0.10666666666666667,-0.28712844641975316
0.10666666666666667,-0.2940291413333334
0.10666666666666667,-0.30092983624691366
0.10666666666666667,-0.30783053116049386
0.10666666666666667,-0.3147312260740741
0.10666666666666667,-0.3216319209876544
0.10666666666666667,-0.3285326159012346
0.10666666666666667,-0.33543331081481487
0.10666666666666667,-0.3423340057283951
0.10666666666666667,-0.34923470064197537
0.10666666666666667,-0.3561353955555556
0.10666666666666667,-0.3630360904691359
0.10666666666666667,-0.3699367853827161
0.10666666666666667,-0.3768374802962964
0.10666666666666667,-0.38373817520987663
0.10666666666666667,-0.3906388701234569
0.10666666666666667,-0.3975395650370371
0.10666666666666667,-0.4044402599506174
0.10666666666666667,-0.41134095486419764
0.10666666666666667,-0.41824164977777784
0.10666666666666667,-0.4251423446913581
0.10666666666666667,-0.43204303960493834
0.10666666666666667,-0.4389437345185186
0.10666666666666667,-0.44584442943209884
0.10666666666666667,-0.4527451243456791
0.10666666666666667,-0.45964581925925935
0.10666666666666667,-0.4665465141728396
0.10666666666666667,-0.47344720908641985
0.10666666666666667,-0.48034790400000005
0.10666666666666667,-0.4872485989135803
0.10666666666666667,-0.49414929382716055
0.10666666666666667,-0.5010499887407408
0.10666666666666667,-0.5079506836543212
0.10666666666666667,-0.5148513785679013
0.10666666666666667,-0.5217520734814816
0.10666666666666667,-0.5286527683950618
0.10666666666666667,-0.5355534633086421
0.10666666666666667,-0.5424541582222223
0.10666666666666667,-0.5493548531358026
0.10666666666666667,-0.5562555480493828
0.10666666666666667,-0.563156242962963
0.10666666666666667,-0.5700569378765433
0.10666666666666667,-0.5769576327901236
0.10666666666666667,-0.5838583277037038
0.10666666666666667,-0.5907590226172841
0.10666666666666667,-0.5976597175308643
0.10666666666666667,-0.6045604124444446
0.10666666666666667,-0.6114611073580248
0.10666666666666667,-0.618361802271605
0.10666666666666667,-0.6252624971851853
0.10666666666666667,-0.6321631920987656
0.10666666666666667,-0.6390638870123457
0.10666666666666667,-0.6459645819259261
0.10666666666666667,-0.6528652768395062
0.10666666666666667,-0.6597659717530865
0.10666666666666667,-0.6666666666666669
0.11333333333333334,0.019581983111111118
0.11333333333333334,0.012650178567901238
0.11333333333333334,0.005718374024691362
0.11333333333333334,-0.0012134305185185178
0.11333333333333334,-0.00814523506172839
0.11333333333333334,-0.01507703960493827
0.11333333333333334,-0.02200884414814815
0.11333333333333334,-0.02894064869135803
0.11333333333333334,-0.035872453234567905
0.11333333333333334,-0.04280425777777777
0.11333333333333334,-0.04973606232098765
0.11333333333333334,-0.05666786686419753
0.11333333333333334,-0.06359967140740741
0.11333333333333334,-0.07053147595061729
0.11333333333333334,-0.07746328049382717
0.11333333333333334,-0.08439508503703705
0.11333333333333334,-0.09132688958024691
0.11333333333333334,-0.0982586941234568
0.11333333333333334,-0.10519049866666669
0.11333333333333334,-0.11212230320987654
0.11333333333333334,-0.11905410775308645
0.11333333333333334,-0.1259859122962963
0.11333333333333334,-0.13291771683950618
0.11333333333333334,-0.13984952138271606
0.11333333333333334,-0.14678132592592594
0.11333333333333334,-0.15371313046913582
0.11333333333333334,-0.1606449350123457
0.11333333333333334,-0.16757673955555558
0.11333333333333334,-0.17450854409876546
0.11333333333333334,-0.18144034864197534
0.11333333333333334,-0.18837215318518521
0.11333333333333334,-0.1953039577283951
0.11333333333333334,-0.20223576227160495
0.11333333333333334,-0.20916756681481483
0.11333333333333334,-0.2160993713580247
0.11333333333333334,-0.22303117590123459
0.11333333333333334,-0.22996298044444446
0.11333333333333334,-0.23689478498765437
0.11333333333333334,-0.24382658953086422
0.11333333333333334,-0.2507583940740741
0.11333333333333334,-0.257690198617284
0.11333333333333334,-0.2646220031604939
0.11333333333333334,-0.27155380770370374
0.11333333333333334,-0.2784856122469136
0.11333333333333334,-0.2854174167901235
0.11333333333333334,-0.29234922133333335
0.11333333333333334,-0.29928102587654326
0.11333333333333334,-0.3062128304197531
0.11333333333333334,-0.31314463496296296
0.11333333333333334,-0.32007643950617287
0.11333333333333334,-0.3270082440493828
0.11333333333333334,-0.33394004859259263
0.11333333333333334,-0.3408718531358025
0.11333333333333334,-0.3478036576790124
0.11333333333333334,-0.35473546222222224
0.11333333333333334,-0.36166726676543215
0.11333333333333334,-0.368599071308642
0.11333333333333334,-0.3755308758518519
0.11333333333333334,-0.38246268039506176
0.11333333333333334,-0.38939448493827167
0.11333333333333334,-0.3963262894814815
0.11333333333333334,-0.4032580940246914
0.11333333333333334,-0.4101898985679013
0.11333333333333334,-0.4171217031111112
0.11333333333333334,-0.42405350765432104
0.11333333333333334,-0.4309853121975309
0.11333333333333334,-0.4379171167407408
0.11333333333333334,-0.44484892128395065
0.11333333333333334,-0.45178072582716056
0.11333333333333334,-0.4587125303703704
0.11333333333333334,-0.4656443349135803
0.11333333333333334,-0.47257613945679017
0.11333333333333334,-0.4795079440000001
0.11333333333333334,-0.4864397485432099
0.11333333333333334,-0.4933715530864198
0.11333333333333334,-0.5003033576296297
0.11333333333333334,-0.5072351621728396
0.11333333333333334,-0.5141669667160494
0.11333333333333334,-0.5210987712592593
0.11333333333333334,-0.5280305758024691
0.11333333333333334,-0.5349623803456791
0.11333333333333334,-0.541894184888889
0.11333333333333334,-0.5488259894320988
0.11333333333333334,-0.5557577939753088
0.11333333333333334,-0.5626895985185185
0.11333333333333334,-0.5696214030617285
0.11333333333333334,-0.5765532076049383
0.11333333333333334,-0.5834850121481482
0.11333333333333334,-0.5904168166913581
0.11333333333333334,-0.597348621234568
0.11333333333333334,-0.6042804257777779
0.11333333333333334,-0.6112122303209877
0.11333333333333334,-0.6181440348641976
0.11333333333333334,-0.6250758394074075
0.11333333333333334,-0.6320076439506174
0.11333333333333334,-0.6389394484938272
0.11333333333333334,-0.6458712530370372
0.11333333333333334,-0.6528030575802469
0.11333333333333334,-0.6597348621234569
0.11333333333333334,-0.6666666666666667
0.12000000000000001,0.02287176533333334
0.12000000000000001,0.015906730666666674
0.12000000000000001,0.008941696000000006
0.12000000000000001,0.0019766613333333377
0.12000000000000001,-0.004988373333333327
0.12000000000000001,-0.011953407999999995
0.12000000000000001,-0.018918442666666663
0.12000000000000001,-0.02588347733333333
0.12000000000000001,-0.032848511999999996
0.12000000000000001,-0.03981354666666666
0.12000000000000001,-0.04677858133333332
0.12000000000000001,-0.053743615999999994
0.12000000000000001,-0.060708650666666655
0.12000000000000001,-0.06767368533333333
0.12000000000000001,-0.07463871999999999
0.12000000000000001,-0.08160375466666667
0.12000000000000001,-0.08856878933333333
0.12000000000000001,-0.095533824
0.12000000000000001,-0.10249885866666668
0.12000000000000001,-0.10946389333333333
0.12000000000000001,-0.116428928
0.12000000000000001,-0.12339396266666665
0.12000000000000001,-0.13035899733333337
0.12000000000000001,-0.137324032
0.12000000000000001,-0.1442890666666667
0.12000000000000001,-0.15125410133333334
0.12000000000000001,-0.15821913600000004
0.12000000000000001,-0.16518417066666669
0.12000000000000001,-0.17214920533333336
0.12000000000000001,-0.17911424
0.12000000000000001,-0.18607927466666668
0.12000000000000001,-0.19304430933333336
0.12000000000000001,-0.200009344
0.12000000000000001,-0.20697437866666668
0.12000000000000001,-0.21393941333333333
0.12000000000000001,-0.22090444800000003
0.12000000000000001,-0.22786948266666668
0.12000000000000001,-0.23483451733333338
0.12000000000000001,-0.24179955200000003
0.12000000000000001,-0.24876458666666668
0.12000000000000001,-0.2557296213333334
0.12000000000000001,-0.262694656
0.12000000000000001,-0.2696596906666667
0.12000000000000001,-0.2766247253333333
0.12000000000000001,-0.28358976
0.12000000000000001,-0.2905547946666667
0.12000000000000001,-0.2975198293333334
0.12000000000000001,-0.304484864
0.12000000000000001,-0.31144989866666667
0.12000000000000001,-0.31841493333333337
0.12000000000000001,-0.325379968
0.12000000000000001,-0.33234500266666667
0.12000000000000001,-0.3393100373333333
0.12000000000000001,-0.3462750720000001
0.12000000000000001,-0.3532401066666667
0.12000000000000001,-0.36020514133333337
0.12000000000000001,-0.367170176
0.12000000000000001,-0.3741352106666667
0.12000000000000001,-0.38110024533333337
0.12000000000000001,-0.38806528
0.12000000000000001,-0.39503031466666666
0.12000000000000001,-0.40199534933333336
0.12000000000000001,-0.40896038400000007
0.12000000000000001,-0.4159254186666667
0.12000000000000001,-0.42289045333333336
0.12000000000000001,-0.429855488
0.12000000000000001,-0.4368205226666667
0.12000000000000001,-0.44378555733333336
0.12000000000000001,-0.450750592
0.12000000000000001,-0.45771562666666665
0.12000000000000001,-0.4646806613333334
0.12000000000000001,-0.47164569600000006
0.12000000000000001,-0.4786107306666667
0.12000000000000001,-0.48557576533333335
0.12000000000000001,-0.4925408
0.12000000000000001,-0.49950583466666676
0.12000000000000001,-0.5064708693333334
0.12000000000000001,-0.513435904
0.12000000000000001,-0.5204009386666667
0.12000000000000001,-0.5273659733333333
0.12000000000000001,-0.534331008
0.12000000000000001,-0.5412960426666668
0.12000000000000001,-0.5482610773333333
0.12000000000000001,-0.555226112
0.12000000000000001,-0.5621911466666667
0.12000000000000001,-0.5691561813333333
0.12000000000000001,-0.5761212160000001
0.12000000000000001,-0.5830862506666666
0.12000000000000001,-0.5900512853333334
0.12000000000000001,-0.59701632
0.12000000000000001,-0.6039813546666667
0.12000000000000001,-0.6109463893333335
0.12000000000000001,-0.617911424
0.12000000000000001,-0.6248764586666667
0.12000000000000001,-0.6318414933333334
0.12000000000000001,-0.638806528
0.12000000000000001,-0.6457715626666667
0.12000000000000001,-0.6527365973333333
0.12000000000000001,-0.659701632
0.12000000000000001,-0.6666666666666667
0.12666666666666668,0.026375583111111118
0.12666666666666668,0.019375156345679018
0.12666666666666668,0.012374729580246921
0.12666666666666668,0.005374302814814821
0.12666666666666668,-0.0016261239506172726
0.12666666666666668,-0.008626550716049376
0.12666666666666668,-0.015626977481481473
0.12666666666666668,-0.022627404246913577
0.12666666666666668,-0.02962783101234568
0.12666666666666668,-0.03662825777777776
0.12666666666666668,-0.043628684543209874
0.12666666666666668,-0.05062911130864197
0.12666666666666668,-0.05762953807407407
0.12666666666666668,-0.06462996483950617
0.12666666666666668,-0.07163039160493828
0.12666666666666668,-0.07863081837037036
0.12666666666666668,-0.08563124513580248
0.12666666666666668,-0.09263167190123459
0.12666666666666668,-0.09963209866666667
0.12666666666666668,-0.10663252543209875
0.12666666666666668,-0.11363295219753089
0.12666666666666668,-0.12063337896296297
0.12666666666666668,-0.12763380572839508
0.12666666666666668,-0.13463423249382717
0.12666666666666668,-0.14163465925925928
0.12666666666666668,-0.14863508602469136
0.12666666666666668,-0.15563551279012347
0.12666666666666668,-0.16263593955555555
0.12666666666666668,-0.1696363663209877
0.12666666666666668,-0.17663679308641977
0.12666666666666668,-0.18363721985185189
0.12666666666666668,-0.19063764661728397
0.12666666666666668,-0.19763807338271605
0.12666666666666668,-0.20463850014814816
0.12666666666666668,-0.21163892691358024
0.12666666666666668,-0.21863935367901238
0.12666666666666668,-0.22563978044444444
0.12666666666666668,-0.23264020720987655
0.12666666666666668,-0.23964063397530866
0.12666666666666668,-0.24664106074074071
0.12666666666666668,-0.2536414875061729
0.12666666666666668,-0.260641914271605
0.12666666666666668,-0.26764234103703705
0.12666666666666668,-0.27464276780246916
0.12666666666666668,-0.28164319456790127
0.12666666666666668,-0.2886436213333334
0.12666666666666668,-0.29564404809876543
0.12666666666666668,-0.30264447486419754
0.12666666666666668,-0.3096449016296296
0.12666666666666668,-0.31664532839506176
0.12666666666666668,-0.3236457551604939
0.12666666666666668,-0.33064618192592593
0.12666666666666668,-0.33764660869135804
0.12666666666666668,-0.34464703545679015
0.12666666666666668,-0.35164746222222226
0.12666666666666668,-0.3586478889876543
0.12666666666666668,-0.36564831575308643
0.12666666666666668,-0.3726487425185186
0.12666666666666668,-0.37964916928395065
0.12666666666666668,-0.38664959604938276
0.12666666666666668,-0.3936500228148148
0.12666666666666668,-0.400650449580247
0.12666666666666668,-0.40765087634567904
0.12666666666666668,-0.41465130311111115
0.12666666666666668,-0.4216517298765432
0.12666666666666668,-0.4286521566419753
0.12666666666666668,-0.4356525834074075
0.12666666666666668,-0.44265301017283953
0.12666666666666668,-0.44965343693827164
0.12666666666666668,-0.4566538637037037
0.12666666666666668,-0.46365429046913587
0.12666666666666668,-0.470654717234568
0.12666666666666668,-0.477655144
0.12666666666666668,-0.4846555707654321
0.12666666666666668,-0.4916559975308642
0.12666666666666668,-0.4986564242962963
0.12666666666666668,-0.5056568510617285
0.12666666666666668,-0.5126572778271605
0.12666666666666668,-0.5196577045925926
0.12666666666666668,-0.5266581313580246
0.12666666666666668,-0.5336585581234569
0.12666666666666668,-0.540658984888889
0.12666666666666668,-0.547659411654321
0.12666666666666668,-0.5546598384197532
0.12666666666666668,-0.5616602651851852
0.12666666666666668,-0.5686606919506173
0.12666666666666668,-0.5756611187160494
0.12666666666666668,-0.5826615454814815
0.12666666666666668,-0.5896619722469136
0.12666666666666668,-0.5966623990123457
0.12666666666666668,-0.6036628257777777
0.12666666666666668,-0.61066325254321
0.12666666666666668,-0.617663679308642
0.12666666666666668,-0.6246641060740741
0.12666666666666668,-0.6316645328395063
0.12666666666666668,-0.6386649596049383
0.12666666666666668,-0.6456653863703704
0.12666666666666668,-0.6526658131358024
0.12666666666666668,-0.6596662399012346
0.12666666666666668,-0.6666666666666667
0.13333333333333333,0.03009777777777778
0.13333333333333333,0.023059753086419756
0.13333333333333333,0.01602172839506173
0.13333333333333333,0.008983703703703706
0.13333333333333333,0.0019456790123456857
0.13333333333333333,-0.0050923456790123445
0.13333333333333333,-0.012130370370370368
0.13333333333333333,-0.01916839506172839
0.13333333333333333,-0.026206419753086414
0.13333333333333333,-0.03324444444444443
0.13333333333333333,-0.04028246913580246
0.13333333333333333,-0.04732049382716049
0.13333333333333333,-0.05435851851851851
0.13333333333333333,-0.06139654320987654
0.13333333333333333,-0.06843456790123456
0.13333333333333333,-0.07547259259259259
0.13333333333333333,-0.08251061728395062
0.13333333333333333,-0.08954864197530862
0.13333333333333333,-0.09658666666666665
0.13333333333333333,-0.10362469135802466
0.13333333333333333,-0.11066271604938271
0.13333333333333333,-0.11770074074074072
0.13333333333333333,-0.12473876543209875
0.13333333333333333,-0.13177679012345678
0.13333333333333333,-0.1388148148148148
0.13333333333333333,-0.1458528395061728
0.13333333333333333,-0.15289086419753087
0.13333333333333333,-0.15992888888888887
0.13333333333333333,-0.1669669135802469
0.13333333333333333,-0.17400493827160493
0.13333333333333333,-0.18104296296296296
0.13333333333333333,-0.18808098765432096
0.13333333333333333,-0.195119012345679
0.13333333333333333,-0.20215703703703702
0.13333333333333333,-0.20919506172839503
0.13333333333333333,-0.21623308641975306
0.13333333333333333,-0.22327111111111106
0.13333333333333333,-0.23030913580246912
0.13333333333333333,-0.23734716049382712
0.13333333333333333,-0.24438518518518512
0.13333333333333333,-0.25142320987654326
0.13333333333333333,-0.25846123456790127
0.13333333333333333,-0.26549925925925927
0.13333333333333333,-0.27253728395061727
0.13333333333333333,-0.27957530864197533
0.13333333333333333,-0.28661333333333333
0.13333333333333333,-0.2936513580246914
0.13333333333333333,-0.3006893827160494
0.13333333333333333,-0.3077274074074074
0.13333333333333333,-0.31476543209876545
0.13333333333333333,-0.32180345679012345
0.13333333333333333,-0.32884148148148146
0.13333333333333333,-0.33587950617283946
0.13333333333333333,-0.3429175308641976
0.13333333333333333,-0.3499555555555556
0.13333333333333333,-0.3569935802469136
0.13333333333333333,-0.3640316049382716
0.13333333333333333,-0.37106962962962964
0.13333333333333333,-0.37810765432098764
0.13333333333333333,-0.3851456790123457
0.13333333333333333,-0.3921837037037037
0.13333333333333333,-0.39922172839506176
0.13333333333333333,-0.40625975308641976
0.13333333333333333,-0.41329777777777776
0.13333333333333333,-0.42033580246913577
0.13333333333333333,-0.4273738271604938
0.13333333333333333,-0.4344118518518519
0.13333333333333333,-0.4414498765432099
0.13333333333333333,-0.4484879012345679
0.13333333333333333,-0.4555259259259259
0.13333333333333333,-0.46256395061728395
0.13333333333333333,-0.46960197530864195
0.13333333333333333,-0.47664
0.13333333333333333,-0.48367802469135796
0.13333333333333333,-0.490716049382716
0.13333333333333333,-0.49775407407407407
0.13333333333333333,-0.5047920987654321
0.13333333333333333,-0.51183012345679
0.13333333333333333,-0.5188681481481481
0.13333333333333333,-0.525906172839506
0.13333333333333333,-0.5329441975308641
0.13333333333333333,-0.5399822222222223
0.13333333333333333,-0.5470202469135802
0.13333333333333333,-0.5540582716049383
0.13333333333333333,-0.5610962962962962
0.13333333333333333,-0.5681343209876543
0.13333333333333333,-0.5751723456790123
0.13333333333333333,-0.5822103703703703
0.13333333333333333,-0.5892483950617283
0.13333333333333333,-0.5962864197530864
0.13333333333333333,-0.6033244444444443
0.13333333333333333,-0.6103624691358024
0.13333333333333333,-0.6174004938271603
0.13333333333333333,-0.6244385185185185
0.13333333333333333,-0.6314765432098766
0.13333333333333333,-0.6385145679012345
0.13333333333333333,-0.6455525925925926
0.13333333333333333,-0.6525906172839505
0.13333333333333333,-0.6596286419753086
0.13333333333333333,-0.6666666666666666
0.14,0.03404292533333334
0.14,0.02696505066666667
0.14,0.019887176000000006
0.14,0.012809301333333339
0.14,0.005731426666666671
0.14,-0.0013464479999999932
0.14,-0.008424322666666664
0.14,-0.015502197333333328
0.14,-0.022580072
0.14,-0.029657946666666664
0.14,-0.03673582133333333
0.14,-0.04381369599999999
0.14,-0.050891570666666656
0.14,-0.057969445333333335
0.14,-0.06504731999999999
0.14,-0.07212519466666667
0.14,-0.07920306933333335
0.14,-0.086280944
0.14,-0.09335881866666668
0.14,-0.10043669333333333
0.14,-0.107514568
0.14,-0.11459244266666666
0.14,-0.12167031733333333
0.14,-0.12874819199999998
0.14,-0.13582606666666666
0.14,-0.1429039413333333
0.14,-0.14998181600000002
0.14,-0.15705969066666667
0.14,-0.16413756533333335
0.14,-0.17121544
0.14,-0.17829331466666667
0.14,-0.18537118933333332
0.14,-0.19244906399999998
0.14,-0.19952693866666668
0.14,-0.20660481333333333
0.14,-0.213682688
0.14,-0.22076056266666666
0.14,-0.22783843733333337
0.14,-0.23491631200000002
0.14,-0.24199418666666667
0.14,-0.24907206133333337
0.14,-0.256149936
0.14,-0.2632278106666667
0.14,-0.2703056853333333
0.14,-0.27738356000000003
0.14,-0.2844614346666667
0.14,-0.29153930933333333
0.14,-0.298617184
0.14,-0.30569505866666663
0.14,-0.31277293333333334
0.14,-0.319850808
0.14,-0.32692868266666664
0.14,-0.33400655733333334
0.14,-0.34108443200000005
0.14,-0.3481623066666667
0.14,-0.35524018133333335
0.14,-0.362318056
0.14,-0.3693959306666667
0.14,-0.37647380533333336
0.14,-0.38355168
0.14,-0.39062955466666666
0.14,-0.39770742933333336
0.14,-0.404785304
0.14,-0.41186317866666666
0.14,-0.4189410533333333
0.14,-0.42601892799999996
0.14,-0.4330968026666667
0.14,-0.4401746773333334
0.14,-0.447252552
0.14,-0.4543304266666667
0.14,-0.4614083013333334
0.14,-0.46848617600000003
0.14,-0.4755640506666667
0.14,-0.48264192533333333
0.14,-0.4897198
0.14,-0.49679767466666674
0.14,-0.5038755493333335
0.14,-0.5109534240000001
0.14,-0.5180312986666668
0.14,-0.5251091733333334
0.14,-0.532187048
0.14,-0.5392649226666668
0.14,-0.5463427973333334
0.14,-0.5534206720000001
0.14,-0.5604985466666667
0.14,-0.5675764213333334
0.14,-0.5746542960000001
0.14,-0.5817321706666667
0.14,-0.5888100453333334
0.14,-0.5958879200000001
0.14,-0.6029657946666668
0.14,-0.6100436693333334
0.14,-0.6171215440000001
0.14,-0.6241994186666667
0.14,-0.6312772933333335
0.14,-0.638355168
0.14,-0.6454330426666668
0.14,-0.6525109173333333
0.14,-0.6595887920000001
0.14,-0.6666666666666667
0.14666666666666667,0.03821583644444445
0.14666666666666667,0.03109581116049383
0.14666666666666667,0.023975785876543216
0.14666666666666667,0.016855760592592597
0.14666666666666667,0.009735735308641982
0.14666666666666667,0.0026157100246913673
0.14666666666666667,-0.004504315259259255
0.14666666666666667,-0.01162434054320987
0.14666666666666667,-0.018744365827160485
0.14666666666666667,-0.0258643911111111
0.14666666666666667,-0.032984416395061715
0.14666666666666667,-0.04010444167901233
0.14666666666666667,-0.04722446696296296
0.14666666666666667,-0.054344492246913574
0.14666666666666667,-0.06146451753086419
0.14666666666666667,-0.0685845428148148
0.14666666666666667,-0.07570456809876541
0.14666666666666667,-0.08282459338271603
0.14666666666666667,-0.08994461866666664
0.14666666666666667,-0.09706464395061726
0.14666666666666667,-0.1041846692345679
0.14666666666666667,-0.11130469451851849
0.14666666666666667,-0.11842471980246913
0.14666666666666667,-0.12554474508641972
0.14666666666666667,-0.13266477037037036
0.14666666666666667,-0.13978479565432098
0.14666666666666667,-0.1469048209382716
0.14666666666666667,-0.1540248462222222
0.14666666666666667,-0.16114487150617282
0.14666666666666667,-0.16826489679012344
0.14666666666666667,-0.17538492207407408
0.14666666666666667,-0.18250494735802467
0.14666666666666667,-0.18962497264197528
0.14666666666666667,-0.1967449979259259
0.14666666666666667,-0.2038650232098765
0.14666666666666667,-0.21098504849382713
0.14666666666666667,-0.21810507377777774
0.14666666666666667,-0.22522509906172836
0.14666666666666667,-0.23234512434567897
0.14666666666666667,-0.2394651496296296
0.14666666666666667,-0.24658517491358026
0.14666666666666667,-0.2537052001975309
0.14666666666666667,-0.26082522548148146
0.14666666666666667,-0.2679452507654321
0.14666666666666667,-0.27506527604938275
0.14666666666666667,-0.28218530133333336
0.14666666666666667,-0.289305326617284
0.14666666666666667,-0.29642535190123454
0.14666666666666667,-0.30354537718518515
0.14666666666666667,-0.3106654024691358
0.14666666666666667,-0.31778542775308644
0.14666666666666667,-0.32490545303703705
0.14666666666666667,-0.3320254783209876
0.14666666666666667,-0.3391455036049383
0.14666666666666667,-0.3462655288888889
0.14666666666666667,-0.3533855541728395
0.14666666666666667,-0.3605055794567901
0.14666666666666667,-0.36762560474074074
0.14666666666666667,-0.37474563002469136
0.14666666666666667,-0.38186565530864197
0.14666666666666667,-0.3889856805925926
0.14666666666666667,-0.39610570587654326
0.14666666666666667,-0.4032257311604938
0.14666666666666667,-0.41034575644444443
0.14666666666666667,-0.41746578172839505
0.14666666666666667,-0.42458580701234566
0.14666666666666667,-0.43170583229629633
0.14666666666666667,-0.4388258575802469
0.14666666666666667,-0.4459458828641975
0.14666666666666667,-0.4530659081481481
0.14666666666666667,-0.46018593343209874
0.14666666666666667,-0.46730595871604935
0.14666666666666667,-0.47442598399999997
0.14666666666666667,-0.4815460092839506
0.14666666666666667,-0.4886660345679012
0.14666666666666667,-0.4957860598518518
0.14666666666666667,-0.5029060851358025
0.14666666666666667,-0.510026110419753
0.14666666666666667,-0.5171461357037037
0.14666666666666667,-0.5242661609876542
0.14666666666666667,-0.5313861862716048
0.14666666666666667,-0.5385062115555556
0.14666666666666667,-0.5456262368395061
0.14666666666666667,-0.5527462621234568
0.14666666666666667,-0.5598662874074073
0.14666666666666667,-0.5669863126913579
0.14666666666666667,-0.5741063379753086
0.14666666666666667,-0.5812263632592591
0.14666666666666667,-0.5883463885432099
0.14666666666666667,-0.5954664138271605
0.14666666666666667,-0.602586439111111
0.14666666666666667,-0.6097064643950617
0.14666666666666667,-0.6168264896790122
0.14666666666666667,-0.6239465149629629
0.14666666666666667,-0.6310665402469136
0.14666666666666667,-0.6381865655308641
0.14666666666666667,-0.6453065908148148
0.14666666666666667,-0.6524266160987653
0.14666666666666667,-0.659546641382716
0.14666666666666667,-0.6666666666666666
0.15333333333333335,0.04262155644444445
0.15333333333333335,0.03545702893827161
0.15333333333333335,0.02829250143209877
0.15333333333333335,0.02112797392592593
0.15333333333333335,0.01396344641975309
0.15333333333333335,0.006798918913580254
0.15333333333333335,-0.0003656085925925895
0.15333333333333335,-0.007530136098765426
0.15333333333333335,-0.014694663604938263
0.15333333333333335,-0.021859191111111106
0.15333333333333335,-0.029023718617283936
0.15333333333333335,-0.03618824612345678
0.15333333333333335,-0.04335277362962962
0.15333333333333335,-0.05051730113580247
0.15333333333333335,-0.0576818286419753
0.15333333333333335,-0.06484635614814814
0.15333333333333335,-0.07201088365432098
0.15333333333333335,-0.07917541116049381
0.15333333333333335,-0.08633993866666667
0.15333333333333335,-0.0935044661728395
0.15333333333333335,-0.10066899367901236
0.15333333333333335,-0.10783352118518516
0.15333333333333335,-0.11499804869135802
0.15333333333333335,-0.12216257619753085
0.15333333333333335,-0.1293271037037037
0.15333333333333335,-0.13649163120987653
0.15333333333333335,-0.1436561587160494
0.15333333333333335,-0.15082068622222222
0.15333333333333335,-0.15798521372839508
0.15333333333333335,-0.16514974123456788
0.15333333333333335,-0.17231426874074074
0.15333333333333335,-0.17947879624691357
0.15333333333333335,-0.1866433237530864
0.15333333333333335,-0.19380785125925926
0.15333333333333335,-0.20097237876543206
0.15333333333333335,-0.20813690627160492
0.15333333333333335,-0.21530143377777777
0.15333333333333335,-0.22246596128395063
0.15333333333333335,-0.22963048879012343
0.15333333333333335,-0.2367950162962963
0.15333333333333335,-0.24395954380246915
0.15333333333333335,-0.251124071308642
0.15333333333333335,-0.2582885988148148
0.15333333333333335,-0.2654531263209876
0.15333333333333335,-0.2726176538271605
0.15333333333333335,-0.2797821813333333
0.15333333333333335,-0.2869467088395062
0.15333333333333335,-0.294111236345679
0.15333333333333335,-0.30127576385185184
0.15333333333333335,-0.3084402913580247
0.15333333333333335,-0.3156048188641975
0.15333333333333335,-0.32276934637037036
0.15333333333333335,-0.32993387387654316
0.15333333333333335,-0.3370984013827161
0.15333333333333335,-0.3442629288888889
0.15333333333333335,-0.35142745639506173
0.15333333333333335,-0.35859198390123453
0.15333333333333335,-0.36575651140740745
0.15333333333333335,-0.37292103891358025
0.15333333333333335,-0.38008556641975305
0.15333333333333335,-0.3872500939259259
0.15333333333333335,-0.39441462143209877
0.15333333333333335,-0.4015791489382716
0.15333333333333335,-0.4087436764444444
0.15333333333333335,-0.4159082039506173
0.15333333333333335,-0.4230727314567901
0.15333333333333335,-0.430237258962963
0.15333333333333335,-0.4374017864691358
0.15333333333333335,-0.4445663139753086
0.15333333333333335,-0.4517308414814814
0.15333333333333335,-0.4588953689876543
0.15333333333333335,-0.4660598964938271
0.15333333333333335,-0.47322442400000003
0.15333333333333335,-0.48038895150617283
0.15333333333333335,-0.48755347901234564
0.15333333333333335,-0.49471800651851855
0.15333333333333335,-0.5018825340246913
0.15333333333333335,-0.5090470615308642
0.15333333333333335,-0.5162115890370371
0.15333333333333335,-0.5233761165432098
0.15333333333333335,-0.5305406440493827
0.15333333333333335,-0.5377051715555556
0.15333333333333335,-0.5448696990617283
0.15333333333333335,-0.5520342265679012
0.15333333333333335,-0.5591987540740739
0.15333333333333335,-0.5663632815802468
0.15333333333333335,-0.5735278090864198
0.15333333333333335,-0.5806923365925925
0.15333333333333335,-0.5878568640987654
0.15333333333333335,-0.5950213916049383
0.15333333333333335,-0.6021859191111112
0.15333333333333335,-0.6093504466172839
0.15333333333333335,-0.6165149741234568
0.15333333333333335,-0.6236795016296297
0.15333333333333335,-0.6308440291358024
0.15333333333333335,-0.6380085566419753
0.15333333333333335,-0.6451730841481482
0.15333333333333335,-0.6523376116543209
0.15333333333333335,-0.6595021391604938
0.15333333333333335,-0.6666666666666667
0.16,0.04726536533333334
0.16,0.04005393066666667
0.16,0.032842496
0.16,0.025631061333333333
0.16,0.018419626666666668
0.16,0.011208191999999999
0.16,0.00399675733333333
0.16,-0.003214677333333339
0.16,-0.010426112000000001
0.16,-0.01763754666666667
0.16,-0.02484898133333334
0.16,-0.03206041600000001
0.16,-0.03927185066666668
0.16,-0.046483285333333346
0.16,-0.053694720000000015
0.16,-0.060906154666666684
0.16,-0.06811758933333335
0.16,-0.07532902400000001
0.16,-0.08254045866666669
0.16,-0.08975189333333335
0.16,-0.09696332800000003
0.16,-0.10417476266666668
0.16,-0.11138619733333337
0.16,-0.11859763200000002
0.16,-0.1258090666666667
0.16,-0.13302050133333337
0.16,-0.14023193600000006
0.16,-0.14744337066666668
0.16,-0.15465480533333337
0.16,-0.16186624000000005
0.16,-0.16907767466666673
0.16,-0.17628910933333336
0.16,-0.18350054400000004
0.16,-0.19071197866666673
0.16,-0.19792341333333335
0.16,-0.20513484800000004
0.16,-0.21234628266666672
0.16,-0.2195577173333334
0.16,-0.22676915200000003
0.16,-0.2339805866666667
0.16,-0.2411920213333334
0.16,-0.24840345600000008
0.16,-0.2556148906666667
0.16,-0.2628263253333334
0.16,-0.27003776000000007
0.16,-0.27724919466666675
0.16,-0.2844606293333334
0.16,-0.29167206400000006
0.16,-0.2988834986666667
0.16,-0.30609493333333343
0.16,-0.31330636800000006
0.16,-0.32051780266666674
0.16,-0.32772923733333337
0.16,-0.3349406720000001
0.16,-0.34215210666666673
0.16,-0.3493635413333334
0.16,-0.35657497600000004
0.16,-0.3637864106666668
0.16,-0.3709978453333334
0.16,-0.3782092800000001
0.16,-0.3854207146666667
0.16,-0.39263214933333346
0.16,-0.3998435840000001
0.16,-0.40705501866666677
0.16,-0.4142664533333334
0.16,-0.4214778880000001
0.16,-0.42868932266666676
0.16,-0.43590075733333344
0.16,-0.44311219200000007
0.16,-0.4503236266666667
0.16,-0.45753506133333344
0.16,-0.46474649600000006
0.16,-0.4719579306666668
0.16,-0.47916936533333343
0.16,-0.48638080000000006
0.16,-0.4935922346666668
0.16,-0.5008036693333335
0.16,-0.508015104
0.16,-0.5152265386666668
0.16,-0.5224379733333334
0.16,-0.5296494080000002
0.16,-0.5368608426666668
0.16,-0.5440722773333334
0.16,-0.5512837120000001
0.16,-0.5584951466666667
0.16,-0.5657065813333334
0.16,-0.5729180160000001
0.16,-0.5801294506666668
0.16,-0.5873408853333334
0.16,-0.5945523200000001
0.16,-0.6017637546666668
0.16,-0.6089751893333335
0.16,-0.616186624
0.16,-0.6233980586666668
0.16,-0.6306094933333335
0.16,-0.6378209280000001
0.16,-0.6450323626666667
0.16,-0.6522437973333334
0.16,-0.6594552320000001
0.16,-0.6666666666666669
0.16666666666666669,0.05215277777777779
0.16666666666666669,0.04489197530864199
0.16666666666666669,0.037631172839506184
0.16666666666666669,0.03037037037037038
0.16666666666666669,0.023109567901234578
0.16666666666666669,0.015848765432098774
0.16666666666666669,0.00858796296296297
0.16666666666666669,0.0013271604938271675
0.16666666666666669,-0.005933641975308643
0.16666666666666669,-0.01319444444444444
0.16666666666666669,-0.020455246913580236
0.16666666666666669,-0.027716049382716046
0.16666666666666669,-0.03497685185185184
0.16666666666666669,-0.04223765432098765
0.16666666666666669,-0.04949845679012346
0.16666666666666669,-0.05675925925925926
0.16666666666666669,-0.06402006172839507
0.16666666666666669,-0.07128086419753088
0.16666666666666669,-0.07854166666666668
0.16666666666666669,-0.08580246913580247
0.16666666666666669,-0.0930632716049383
0.16666666666666669,-0.10032407407407407
0.16666666666666669,-0.10758487654320989
0.16666666666666669,-0.11484567901234569
0.16666666666666669,-0.12210648148148151
0.16666666666666669,-0.12936728395061728
0.16666666666666669,-0.1366280864197531
0.16666666666666669,-0.1438888888888889
0.16666666666666669,-0.15114969135802472
0.16666666666666669,-0.15841049382716052
0.16666666666666669,-0.16567129629629632
0.16666666666666669,-0.1729320987654321
0.16666666666666669,-0.1801929012345679
0.16666666666666669,-0.18745370370370373
0.16666666666666669,-0.1947145061728395
0.16666666666666669,-0.20197530864197535
0.16666666666666669,-0.20923611111111115
0.16666666666666669,-0.21649691358024695
0.16666666666666669,-0.22375771604938274
0.16666666666666669,-0.23101851851851854
0.16666666666666669,-0.2382793209876544
0.16666666666666669,-0.2455401234567902
0.16666666666666669,-0.25280092592592596
0.16666666666666669,-0.2600617283950617
0.16666666666666669,-0.26732253086419755
0.16666666666666669,-0.2745833333333334
0.16666666666666669,-0.28184413580246914
0.16666666666666669,-0.289104938271605
0.16666666666666669,-0.29636574074074074
0.16666666666666669,-0.3036265432098766
0.16666666666666669,-0.31088734567901244
0.16666666666666669,-0.3181481481481482
0.16666666666666669,-0.3254089506172839
0.16666666666666669,-0.3326697530864198
0.16666666666666669,-0.3399305555555556
0.16666666666666669,-0.34719135802469137
0.16666666666666669,-0.3544521604938272
0.16666666666666669,-0.36171296296296307
0.16666666666666669,-0.3689737654320988
0.16666666666666669,-0.37623456790123466
0.16666666666666669,-0.3834953703703704
0.16666666666666669,-0.39075617283950626
0.16666666666666669,-0.398016975308642
0.16666666666666669,-0.40527777777777785
0.16666666666666669,-0.4125385802469136
0.16666666666666669,-0.41979938271604944
0.16666666666666669,-0.4270601851851853
0.16666666666666669,-0.43432098765432103
0.16666666666666669,-0.4415817901234569
0.16666666666666669,-0.4488425925925926
0.16666666666666669,-0.4561033950617285
0.16666666666666669,-0.46336419753086433
0.16666666666666669,-0.47062500000000007
0.16666666666666669,-0.4778858024691359
0.16666666666666669,-0.48514660493827166
0.16666666666666669,-0.4924074074074075
0.16666666666666669,-0.49966820987654337
0.16666666666666669,-0.5069290123456791
0.16666666666666669,-0.514189814814815
0.16666666666666669,-0.5214506172839507
0.16666666666666669,-0.5287114197530866
0.16666666666666669,-0.5359722222222224
0.16666666666666669,-0.5432330246913581
0.16666666666666669,-0.550493827160494
0.16666666666666669,-0.5577546296296296
0.16666666666666669,-0.5650154320987655
0.16666666666666669,-0.5722762345679013
0.16666666666666669,-0.5795370370370371
0.16666666666666669,-0.5867978395061729
0.16666666666666669,-0.5940586419753088
0.16666666666666669,-0.6013194444444445
0.16666666666666669,-0.6085802469135804
0.16666666666666669,-0.6158410493827161
0.16666666666666669,-0.623101851851852
0.16666666666666669,-0.6303626543209878
0.16666666666666669,-0.6376234567901236
0.16666666666666669,-0.6448842592592594
0.16666666666666669,-0.6521450617283951
0.16666666666666669,-0.659405864197531
0.16666666666666669,-0.6666666666666669
0.17333333333333334,0.05728954311111111
0.17333333333333334,0.04997685412345679
0.17333333333333334,0.04266416513580247
0.17333333333333334,0.035351476148148146
0.17333333333333334,0.02803878716049383
0.17333333333333334,0.020726098172839505
0.17333333333333334,0.01341340918518518
0.17333333333333334,0.006100720197530857
0.17333333333333334,-0.0012119687901234605
0.17333333333333334,-0.008524657777777778
0.17333333333333334,-0.01583734676543211
0.17333333333333334,-0.023150035753086426
0.17333333333333334,-0.030462724740740757
0.17333333333333334,-0.037775413728395074
0.17333333333333334,-0.04508810271604939
0.17333333333333334,-0.05240079170370372
0.17333333333333334,-0.05971348069135804
0.17333333333333334,-0.06702616967901236
0.17333333333333334,-0.07433885866666669
0.17333333333333334,-0.08165154765432099
0.17333333333333334,-0.08896423664197535
0.17333333333333334,-0.09627692562962965
0.17333333333333334,-0.10358961461728398
0.17333333333333334,-0.11090230360493829
0.17333333333333334,-0.11821499259259262
0.17333333333333334,-0.12552768158024696
0.17333333333333334,-0.13284037056790127
0.17333333333333334,-0.14015305955555557
0.17333333333333334,-0.14746574854320993
0.17333333333333334,-0.15477843753086423
0.17333333333333334,-0.1620911265185186
0.17333333333333334,-0.1694038155061729
0.17333333333333334,-0.1767165044938272
0.17333333333333334,-0.1840291934814815
0.17333333333333334,-0.19134188246913586
0.17333333333333334,-0.19865457145679016
0.17333333333333334,-0.20596726044444447
0.17333333333333334,-0.21327994943209883
0.17333333333333334,-0.22059263841975313
0.17333333333333334,-0.22790532740740743
0.17333333333333334,-0.2352180163950618
0.17333333333333334,-0.24253070538271615
0.17333333333333334,-0.24984339437037045
0.17333333333333334,-0.25715608335802476
0.17333333333333334,-0.2644687723456791
0.17333333333333334,-0.2717814613333334
0.17333333333333334,-0.2790941503209877
0.17333333333333334,-0.286406839308642
0.17333333333333334,-0.29371952829629633
0.17333333333333334,-0.3010322172839507
0.17333333333333334,-0.308344906271605
0.17333333333333334,-0.31565759525925935
0.17333333333333334,-0.32297028424691365
0.17333333333333334,-0.330282973234568
0.17333333333333334,-0.3375956622222223
0.17333333333333334,-0.3449083512098766
0.17333333333333334,-0.3522210401975309
0.17333333333333334,-0.3595337291851853
0.17333333333333334,-0.3668464181728396
0.17333333333333334,-0.3741591071604939
0.17333333333333334,-0.38147179614814825
0.17333333333333334,-0.3887844851358026
0.17333333333333334,-0.3960971741234569
0.17333333333333334,-0.4034098631111112
0.17333333333333334,-0.4107225520987655
0.17333333333333334,-0.4180352410864198
0.17333333333333334,-0.4253479300740742
0.17333333333333334,-0.4326606190617285
0.17333333333333334,-0.4399733080493828
0.17333333333333334,-0.44728599703703714
0.17333333333333334,-0.4545986860246915
0.17333333333333334,-0.46191137501234575
0.17333333333333334,-0.4692240640000001
0.17333333333333334,-0.47653675298765436
0.17333333333333334,-0.4838494419753087
0.17333333333333334,-0.4911621309629631
0.17333333333333334,-0.49847481995061743
0.17333333333333334,-0.5057875089382716
0.17333333333333334,-0.513100197925926
0.17333333333333334,-0.5204128869135802
0.17333333333333334,-0.5277255759012346
0.17333333333333334,-0.535038264888889
0.17333333333333334,-0.5423509538765432
0.17333333333333334,-0.5496636428641977
0.17333333333333334,-0.5569763318518519
0.17333333333333334,-0.5642890208395063
0.17333333333333334,-0.5716017098271606
0.17333333333333334,-0.5789143988148149
0.17333333333333334,-0.5862270878024692
0.17333333333333334,-0.5935397767901236
0.17333333333333334,-0.6008524657777778
0.17333333333333334,-0.6081651547654322
0.17333333333333334,-0.6154778437530865
0.17333333333333334,-0.6227905327407408
0.17333333333333334,-0.6301032217283952
0.17333333333333334,-0.6374159107160494
0.17333333333333334,-0.6447285997037038
0.17333333333333334,-0.652041288691358
0.17333333333333334,-0.6593539776790124
0.17333333333333334,-0.6666666666666667
0.18000000000000002,0.06268164533333334
0.18000000000000002,0.055314490666666674
0.18000000000000002,0.04794733600000001
0.18000000000000002,0.04058018133333334
0.18000000000000002,0.03321302666666667
0.18000000000000002,0.025845872000000006
0.18000000000000002,0.018478717333333332
0.18000000000000002,0.011111562666666665
0.18000000000000002,0.0037444080000000046
0.18000000000000002,-0.0036227466666666625
0.18000000000000002,-0.01098990133333333
0.18000000000000002,-0.018357055999999997
0.18000000000000002,-0.025724210666666664
0.18000000000000002,-0.033091365333333345
0.18000000000000002,-0.04045852000000001
0.18000000000000002,-0.04782567466666668
0.18000000000000002,-0.055192829333333346
0.18000000000000002,-0.062559984
0.18000000000000002,-0.06992713866666668
0.18000000000000002,-0.07729429333333333
0.18000000000000002,-0.08466144800000001
0.18000000000000002,-0.09202860266666667
0.18000000000000002,-0.09939575733333335
0.18000000000000002,-0.106762912
0.18000000000000002,-0.11413006666666668
0.18000000000000002,-0.12149722133333334
0.18000000000000002,-0.12886437600000006
0.18000000000000002,-0.1362315306666667
0.18000000000000002,-0.14359868533333336
0.18000000000000002,-0.15096584000000002
0.18000000000000002,-0.15833299466666673
0.18000000000000002,-0.16570014933333338
0.18000000000000002,-0.17306730400000003
0.18000000000000002,-0.18043445866666669
0.18000000000000002,-0.18780161333333334
0.18000000000000002,-0.195168768
0.18000000000000002,-0.20253592266666665
0.18000000000000002,-0.20990307733333335
0.18000000000000002,-0.217270232
0.18000000000000002,-0.22463738666666666
0.18000000000000002,-0.23200454133333337
0.18000000000000002,-0.23937169600000002
0.18000000000000002,-0.24673885066666668
0.18000000000000002,-0.25410600533333333
0.18000000000000002,-0.26147316000000004
0.18000000000000002,-0.2688403146666667
0.18000000000000002,-0.27620746933333334
0.18000000000000002,-0.283574624
0.18000000000000002,-0.29094177866666665
0.18000000000000002,-0.29830893333333336
0.18000000000000002,-0.305676088
0.18000000000000002,-0.31304324266666667
0.18000000000000002,-0.3204103973333333
0.18000000000000002,-0.3277775520000001
0.18000000000000002,-0.33514470666666674
0.18000000000000002,-0.3425118613333334
0.18000000000000002,-0.34987901600000004
0.18000000000000002,-0.35724617066666675
0.18000000000000002,-0.3646133253333334
0.18000000000000002,-0.37198048000000006
0.18000000000000002,-0.3793476346666667
0.18000000000000002,-0.3867147893333334
0.18000000000000002,-0.3940819440000001
0.18000000000000002,-0.4014490986666667
0.18000000000000002,-0.4088162533333334
0.18000000000000002,-0.41618340800000003
0.18000000000000002,-0.42355056266666674
0.18000000000000002,-0.4309177173333334
0.18000000000000002,-0.438284872
0.18000000000000002,-0.4456520266666667
0.18000000000000002,-0.4530191813333334
0.18000000000000002,-0.460386336
0.18000000000000002,-0.4677534906666667
0.18000000000000002,-0.4751206453333333
0.18000000000000002,-0.4824878
0.18000000000000002,-0.48985495466666673
0.18000000000000002,-0.49722210933333344
0.18000000000000002,-0.504589264
0.18000000000000002,-0.5119564186666667
0.18000000000000002,-0.5193235733333333
0.18000000000000002,-0.526690728
0.18000000000000002,-0.5340578826666668
0.18000000000000002,-0.5414250373333334
0.18000000000000002,-0.5487921920000001
0.18000000000000002,-0.5561593466666667
0.18000000000000002,-0.5635265013333334
0.18000000000000002,-0.5708936560000001
0.18000000000000002,-0.5782608106666667
0.18000000000000002,-0.5856279653333334
0.18000000000000002,-0.5929951200000001
0.18000000000000002,-0.6003622746666667
0.18000000000000002,-0.6077294293333334
0.18000000000000002,-0.615096584
0.18000000000000002,-0.6224637386666667
0.18000000000000002,-0.6298308933333334
0.18000000000000002,-0.637198048
0.18000000000000002,-0.6445652026666667
0.18000000000000002,-0.6519323573333333
0.18000000000000002,-0.659299512
0.18000000000000002,-0.6666666666666667
0.18666666666666668,0.06833530311111112
0.18666666666666668,0.060911040790123466
0.18666666666666668,0.05348677846913581
0.18666666666666668,0.04606251614814816
0.18666666666666668,0.038638253827160504
0.18666666666666668,0.03121399150617285
0.18666666666666668,0.02378972918518519
0.18666666666666668,0.016365466864197535
0.18666666666666668,0.008941204543209888
0.18666666666666668,0.001516942222222234
0.18666666666666668,-0.00590732009876542
0.18666666666666668,-0.013331582419753074
0.18666666666666668,-0.020755844740740728
0.18666666666666668,-0.028180107061728396
0.18666666666666668,-0.03560436938271605
0.18666666666666668,-0.043028631703703704
0.18666666666666668,-0.05045289402469136
0.18666666666666668,-0.057877156345679
0.18666666666666668,-0.06530141866666667
0.18666666666666668,-0.0727256809876543
0.18666666666666668,-0.08014994330864197
0.18666666666666668,-0.08757420562962961
0.18666666666666668,-0.09499846795061728
0.18666666666666668,-0.10242273027160492
0.18666666666666668,-0.10984699259259259
0.18666666666666668,-0.11727125491358023
0.18666666666666668,-0.12469551723456793
0.18666666666666668,-0.13211977955555557
0.18666666666666668,-0.13954404187654323
0.18666666666666668,-0.14696830419753087
0.18666666666666668,-0.15439256651851854
0.18666666666666668,-0.16181682883950618
0.18666666666666668,-0.16924109116049382
0.18666666666666668,-0.1766653534814815
0.18666666666666668,-0.18408961580246913
0.18666666666666668,-0.19151387812345677
0.18666666666666668,-0.1989381404444444
0.18666666666666668,-0.2063624027654321
0.18666666666666668,-0.21378666508641975
0.18666666666666668,-0.2212109274074074
0.18666666666666668,-0.22863518972839508
0.18666666666666668,-0.23605945204938272
0.18666666666666668,-0.24348371437037036
0.18666666666666668,-0.250907976691358
0.18666666666666668,-0.2583322390123457
0.18666666666666668,-0.26575650133333334
0.18666666666666668,-0.273180763654321
0.18666666666666668,-0.2806050259753086
0.18666666666666668,-0.28802928829629626
0.18666666666666668,-0.29545355061728396
0.18666666666666668,-0.3028778129382716
0.18666666666666668,-0.31030207525925924
0.18666666666666668,-0.3177263375802469
0.18666666666666668,-0.3251505999012346
0.18666666666666668,-0.33257486222222227
0.18666666666666668,-0.3399991245432099
0.18666666666666668,-0.34742338686419755
0.18666666666666668,-0.35484764918518524
0.18666666666666668,-0.3622719115061729
0.18666666666666668,-0.3696961738271605
0.18666666666666668,-0.37712043614814816
0.18666666666666668,-0.38454469846913586
0.18666666666666668,-0.3919689607901235
0.18666666666666668,-0.39939322311111114
0.18666666666666668,-0.4068174854320988
0.18666666666666668,-0.4142417477530864
0.18666666666666668,-0.4216660100740741
0.18666666666666668,-0.42909027239506176
0.18666666666666668,-0.43651453471604934
0.18666666666666668,-0.44393879703703704
0.18666666666666668,-0.45136305935802473
0.18666666666666668,-0.4587873216790123
0.18666666666666668,-0.466211584
0.18666666666666668,-0.4736358463209876
0.18666666666666668,-0.4810601086419753
0.18666666666666668,-0.488484370962963
0.18666666666666668,-0.4959086332839507
0.18666666666666668,-0.5033328956049383
0.18666666666666668,-0.510757157925926
0.18666666666666668,-0.5181814202469135
0.18666666666666668,-0.5256056825679012
0.18666666666666668,-0.5330299448888889
0.18666666666666668,-0.5404542072098766
0.18666666666666668,-0.5478784695308643
0.18666666666666668,-0.5553027318518517
0.18666666666666668,-0.5627269941728394
0.18666666666666668,-0.5701512564938271
0.18666666666666668,-0.5775755188148148
0.18666666666666668,-0.5849997811358025
0.18666666666666668,-0.5924240434567902
0.18666666666666668,-0.5998483057777777
0.18666666666666668,-0.6072725680987654
0.18666666666666668,-0.6146968304197531
0.18666666666666668,-0.6221210927407408
0.18666666666666668,-0.6295453550617285
0.18666666666666668,-0.636969617382716
0.18666666666666668,-0.6443938797037037
0.18666666666666668,-0.6518181420246913
0.18666666666666668,-0.659242404345679
0.18666666666666668,-0.6666666666666667
0.19333333333333336,0.07425696977777779
0.19333333333333336,0.06677289264197532
0.19333333333333336,0.059288815506172855
0.19333333333333336,0.05180473837037038
0.19333333333333336,0.04432066123456792
0.19333333333333336,0.036836584098765446
0.19333333333333336,0.029352506962962974
0.19333333333333336,0.0218684298271605
0.19333333333333336,0.01438435269135803
0.19333333333333336,0.006900275555555571
0.19333333333333336,-0.000583801580246901
0.19333333333333336,-0.008067878716049373
0.19333333333333336,-0.015551955851851845
0.19333333333333336,-0.023036032987654317
0.19333333333333336,-0.03052011012345679
0.19333333333333336,-0.03800418725925926
0.19333333333333336,-0.04548826439506175
0.19333333333333336,-0.052972341530864206
0.19333333333333336,-0.06045641866666669
0.19333333333333336,-0.06794049580246912
0.19333333333333336,-0.07542457293827161
0.19333333333333336,-0.08290865007407407
0.19333333333333336,-0.09039272720987655
0.19333333333333336,-0.09787680434567901
0.19333333333333336,-0.1053608814814815
0.19333333333333336,-0.11284495861728396
0.19333333333333336,-0.12032903575308644
0.19333333333333336,-0.1278131128888889
0.19333333333333336,-0.13529719002469137
0.19333333333333336,-0.14278126716049383
0.19333333333333336,-0.15026534429629634
0.19333333333333336,-0.1577494214320988
0.19333333333333336,-0.16523349856790126
0.19333333333333336,-0.17271757570370377
0.19333333333333336,-0.18020165283950623
0.19333333333333336,-0.1876857299753087
0.19333333333333336,-0.19516980711111115
0.19333333333333336,-0.20265388424691366
0.19333333333333336,-0.21013796138271607
0.19333333333333336,-0.21762203851851852
0.19333333333333336,-0.2251061156543211
0.19333333333333336,-0.2325901927901235
0.19333333333333336,-0.24007426992592595
0.19333333333333336,-0.2475583470617284
0.19333333333333336,-0.2550424241975309
0.19333333333333336,-0.2625265013333334
0.19333333333333336,-0.27001057846913584
0.19333333333333336,-0.2774946556049383
0.19333333333333336,-0.28497873274074076
0.19333333333333336,-0.2924628098765433
0.19333333333333336,-0.29994688701234573
0.19333333333333336,-0.3074309641481482
0.19333333333333336,-0.31491504128395065
0.19333333333333336,-0.32239911841975316
0.19333333333333336,-0.3298831955555556
0.19333333333333336,-0.3373672726913581
0.19333333333333336,-0.34485134982716054
0.19333333333333336,-0.35233542696296305
0.19333333333333336,-0.3598195040987655
0.19333333333333336,-0.36730358123456797
0.19333333333333336,-0.3747876583703704
0.19333333333333336,-0.38227173550617294
0.19333333333333336,-0.3897558126419754
0.19333333333333336,-0.39723988977777785
0.19333333333333336,-0.4047239669135803
0.19333333333333336,-0.41220804404938277
0.19333333333333336,-0.41969212118518534
0.19333333333333336,-0.4271761983209878
0.19333333333333336,-0.43466027545679026
0.19333333333333336,-0.4421443525925927
0.19333333333333336,-0.4496284297283952
0.19333333333333336,-0.45711250686419763
0.19333333333333336,-0.4645965840000001
0.19333333333333336,-0.47208066113580255
0.19333333333333336,-0.479564738271605
0.19333333333333336,-0.4870488154074076
0.19333333333333336,-0.49453289254321003
0.19333333333333336,-0.5020169696790123
0.19333333333333336,-0.5095010468148149
0.19333333333333336,-0.5169851239506172
0.19333333333333336,-0.5244692010864198
0.19333333333333336,-0.5319532782222224
0.19333333333333336,-0.5394373553580247
0.19333333333333336,-0.5469214324938272
0.19333333333333336,-0.5544055096296296
0.19333333333333336,-0.5618895867654321
0.19333333333333336,-0.5693736639012347
0.19333333333333336,-0.576857741037037
0.19333333333333336,-0.5843418181728396
0.19333333333333336,-0.591825895308642
0.19333333333333336,-0.5993099724444445
0.19333333333333336,-0.606794049580247
0.19333333333333336,-0.6142781267160494
0.19333333333333336,-0.6217622038518519
0.19333333333333336,-0.6292462809876544
0.19333333333333336,-0.6367303581234568
0.19333333333333336,-0.6442144352592594
0.19333333333333336,-0.6516985123950617
0.19333333333333336,-0.6591825895308643
0.19333333333333336,-0.6666666666666667
0.2,0.08045333333333335
0.2,0.07290666666666669
0.2,0.06536000000000002
0.2,0.057813333333333355
0.2,0.05026666666666669
0.2,0.042720000000000015
0.2,0.03517333333333335
0.2,0.02762666666666668
0.2,0.020080000000000015
0.2,0.012533333333333355
0.2,0.004986666666666681
0.2,-0.002559999999999993
0.2,-0.010106666666666653
0.2,-0.017653333333333326
0.2,-0.0252
0.2,-0.03274666666666666
0.2,-0.04029333333333332
0.2,-0.047839999999999994
0.2,-0.05538666666666667
0.2,-0.06293333333333331
0.2,-0.07048000000000001
0.2,-0.07802666666666666
0.2,-0.08557333333333333
0.2,-0.09312000000000001
0.2,-0.10066666666666668
0.2,-0.10821333333333333
0.2,-0.11576000000000003
0.2,-0.12330666666666668
0.2,-0.13085333333333335
0.2,-0.13840000000000002
0.2,-0.1459466666666667
0.2,-0.15349333333333334
0.2,-0.16104000000000002
0.2,-0.16858666666666666
0.2,-0.17613333333333336
0.2,-0.18368
0.2,-0.19122666666666666
0.2,-0.19877333333333336
0.2,-0.20632
0.2,-0.21386666666666665
0.2,-0.2214133333333334
0.2,-0.22896000000000005
0.2,-0.2365066666666667
0.2,-0.24405333333333334
0.2,-0.25160000000000005
0.2,-0.2591466666666667
0.2,-0.2666933333333334
0.2,-0.27424000000000004
0.2,-0.2817866666666667
0.2,-0.2893333333333334
0.2,-0.29688000000000003
0.2,-0.3044266666666667
0.2,-0.3119733333333333
0.2,-0.3195200000000001
0.2,-0.3270666666666667
0.2,-0.3346133333333334
0.2,-0.34216
0.2,-0.3497066666666667
0.2,-0.3572533333333334
0.2,-0.36480000000000007
0.2,-0.3723466666666667
0.2,-0.3798933333333334
0.2,-0.38744000000000006
0.2,-0.3949866666666667
0.2,-0.40253333333333335
0.2,-0.41008000000000006
0.2,-0.41762666666666676
0.2,-0.42517333333333335
0.2,-0.43272000000000005
0.2,-0.44026666666666675
0.2,-0.44781333333333345
0.2,-0.45536000000000004
0.2,-0.46290666666666674
0.2,-0.47045333333333333
0.2,-0.47800000000000004
0.2,-0.48554666666666674
0.2,-0.49309333333333344
0.2,-0.50064
0.2,-0.5081866666666668
0.2,-0.5157333333333334
0.2,-0.5232800000000002
0.2,-0.5308266666666668
0.2,-0.5383733333333334
0.2,-0.5459200000000002
0.2,-0.5534666666666668
0.2,-0.5610133333333334
0.2,-0.5685600000000002
0.2,-0.5761066666666668
0.2,-0.5836533333333334
0.2,-0.5912000000000002
0.2,-0.5987466666666668
0.2,-0.6062933333333334
0.2,-0.6138399999999999
0.2,-0.6213866666666668
0.2,-0.6289333333333336
0.2,-0.6364800000000002
0.2,-0.6440266666666667
0.2,-0.6515733333333333
0.2,-0.6591200000000002
0.2,-0.6666666666666667
0.2066666666666667,0.08693131644444448
0.2066666666666667,0.07931921560493829
0.2066666666666667,0.07170711476543212
0.2066666666666667,0.06409501392592595
0.2066666666666667,0.056482913086419784
0.2066666666666667,0.04887081224691361
0.2066666666666667,0.04125871140740743
0.2066666666666667,0.03364661056790126
0.2066666666666667,0.026034509728395078
0.2066666666666667,0.018422408888888922
0.2066666666666667,0.010810308049382739
0.2066666666666667,0.003198207209876569
0.2066666666666667,-0.0044138936296296005
0.2066666666666667,-0.012025994469135784
0.2066666666666667,-0.019638095308641954
0.2066666666666667,-0.027250196148148123
0.2066666666666667,-0.03486229698765429
0.2066666666666667,-0.04247439782716049
0.2066666666666667,-0.05008649866666666
0.2066666666666667,-0.0576985995061728
0.2066666666666667,-0.065310700345679
0.2066666666666667,-0.07292280118518517
0.2066666666666667,-0.08053490202469134
0.2066666666666667,-0.08814700286419751
0.2066666666666667,-0.0957591037037037
0.2066666666666667,-0.10337120454320985
0.2066666666666667,-0.11098330538271604
0.2066666666666667,-0.11859540622222221
0.2066666666666667,-0.1262075070617284
0.2066666666666667,-0.13381960790123454
0.2066666666666667,-0.14143170874074074
0.2066666666666667,-0.14904380958024688
0.2066666666666667,-0.15665591041975307
0.2066666666666667,-0.16426801125925922
0.2066666666666667,-0.17188011209876541
0.2066666666666667,-0.1794922129382716
0.2066666666666667,-0.18710431377777775
0.2066666666666667,-0.19471641461728395
0.2066666666666667,-0.2023285154567901
0.2066666666666667,-0.20994061629629623
0.2066666666666667,-0.2175527171358025
0.2066666666666667,-0.22516481797530863
0.2066666666666667,-0.23277691881481477
0.2066666666666667,-0.24038901965432097
0.2066666666666667,-0.24800112049382717
0.2066666666666667,-0.2556132213333333
0.2066666666666667,-0.2632253221728395
0.2066666666666667,-0.27083742301234565
0.2066666666666667,-0.2784495238518518
0.2066666666666667,-0.28606162469135804
0.2066666666666667,-0.2936737255308642
0.2066666666666667,-0.3012858263703703
0.2066666666666667,-0.3088979272098765
0.2066666666666667,-0.3165100280493827
0.2066666666666667,-0.32412212888888886
0.2066666666666667,-0.33173422972839506
0.2066666666666667,-0.3393463305679012
0.2066666666666667,-0.3469584314074074
0.2066666666666667,-0.3545705322469136
0.2066666666666667,-0.36218263308641974
0.2066666666666667,-0.3697947339259259
0.2066666666666667,-0.37740683476543213
0.2066666666666667,-0.3850189356049383
0.2066666666666667,-0.3926310364444444
0.2066666666666667,-0.4002431372839506
0.2066666666666667,-0.4078552381234568
0.2066666666666667,-0.41546733896296295
0.2066666666666667,-0.4230794398024691
0.2066666666666667,-0.43069154064197535
0.2066666666666667,-0.4383036414814815
0.2066666666666667,-0.44591574232098763
0.2066666666666667,-0.4535278431604939
0.2066666666666667,-0.461139944
0.2066666666666667,-0.46875204483950617
0.2066666666666667,-0.4763641456790123
0.2066666666666667,-0.48397624651851856
0.2066666666666667,-0.4915883473580247
0.2066666666666667,-0.49920044819753084
0.2066666666666667,-0.5068125490370371
0.2066666666666667,-0.5144246498765431
0.2066666666666667,-0.5220367507160494
0.2066666666666667,-0.5296488515555556
0.2066666666666667,-0.5372609523950617
0.2066666666666667,-0.5448730532345679
0.2066666666666667,-0.5524851540740741
0.2066666666666667,-0.5600972549135802
0.2066666666666667,-0.5677093557530865
0.2066666666666667,-0.5753214565925926
0.2066666666666667,-0.5829335574320987
0.2066666666666667,-0.590545658271605
0.2066666666666667,-0.5981577591111111
0.2066666666666667,-0.6057698599506173
0.2066666666666667,-0.6133819607901234
0.2066666666666667,-0.6209940616296297
0.2066666666666667,-0.6286061624691358
0.2066666666666667,-0.636218263308642
0.2066666666666667,-0.6438303641481482
0.2066666666666667,-0.6514424649876542
0.2066666666666667,-0.6590545658271605
0.2066666666666667,-0.6666666666666667
0.21333333333333335,0.09369807644444447
0.21333333333333335,0.08601762449382719
0.21333333333333335,0.0783371725432099
0.21333333333333335,0.07065672059259262
0.21333333333333335,0.06297626864197534
0.21333333333333335,0.05529581669135805
0.21333333333333335,0.04761536474074077
0.21333333333333335,0.03993491279012348
0.21333333333333335,0.0322544608395062
0.21333333333333335,0.024574008888888915
0.21333333333333335,0.01689355693827163
0.21333333333333335,0.009213104987654347
0.21333333333333335,0.0015326530370370628
0.21333333333333335,-0.006147798913580221
0.21333333333333335,-0.013828250864197505
0.21333333333333335,-0.021508702814814804
0.21333333333333335,-0.029189154765432074
0.21333333333333335,-0.03686960671604936
0.21333333333333335,-0.04455005866666664
0.21333333333333335,-0.052230510617283926
0.21333333333333335,-0.05991096256790124
0.21333333333333335,-0.0675914145185185
0.21333333333333335,-0.0752718664691358
0.21333333333333335,-0.08295231841975306
0.21333333333333335,-0.09063277037037037
0.21333333333333335,-0.09831322232098763
0.21333333333333335,-0.10599367427160494
0.21333333333333335,-0.1136741262222222
0.21333333333333335,-0.12135457817283951
0.21333333333333335,-0.12903503012345677
0.21333333333333335,-0.13671548207407408
0.21333333333333335,-0.14439593402469136
0.21333333333333335,-0.15207638597530862
0.21333333333333335,-0.1597568379259259
0.21333333333333335,-0.1674372898765432
0.21333333333333335,-0.17511774182716047
0.21333333333333335,-0.18279819377777776
0.21333333333333335,-0.19047864572839504
0.21333333333333335,-0.19815909767901232
0.21333333333333335,-0.2058395496296296
0.21333333333333335,-0.21352000158024695
0.21333333333333335,-0.22120045353086423
0.21333333333333335,-0.22888090548148146
0.21333333333333335,-0.23656135743209875
0.21333333333333335,-0.24424180938271609
0.21333333333333335,-0.2519222613333334
0.21333333333333335,-0.25960271328395057
0.21333333333333335,-0.26728316523456785
0.21333333333333335,-0.27496361718518514
0.21333333333333335,-0.28264406913580253
0.21333333333333335,-0.2903245210864198
0.21333333333333335,-0.298004973037037
0.21333333333333335,-0.3056854249876543
0.21333333333333335,-0.31336587693827167
0.21333333333333335,-0.32104632888888895
0.21333333333333335,-0.3287267808395061
0.21333333333333335,-0.3364072327901234
0.21333333333333335,-0.3440876847407408
0.21333333333333335,-0.3517681366913581
0.21333333333333335,-0.35944858864197526
0.21333333333333335,-0.36712904059259255
0.21333333333333335,-0.37480949254320994
0.21333333333333335,-0.3824899444938272
0.21333333333333335,-0.3901703964444445
0.21333333333333335,-0.3978508483950617
0.21333333333333335,-0.40553130034567897
0.21333333333333335,-0.41321175229629625
0.21333333333333335,-0.42089220424691354
0.21333333333333335,-0.4285726561975308
0.21333333333333335,-0.4362531081481481
0.21333333333333335,-0.4439335600987655
0.21333333333333335,-0.4516140120493827
0.21333333333333335,-0.45929446399999996
0.21333333333333335,-0.46697491595061724
0.21333333333333335,-0.4746553679012345
0.21333333333333335,-0.4823358198518518
0.21333333333333335,-0.4900162718024692
0.21333333333333335,-0.4976967237530864
0.21333333333333335,-0.5053771757037038
0.21333333333333335,-0.513057627654321
0.21333333333333335,-0.5207380796049382
0.21333333333333335,-0.5284185315555556
0.21333333333333335,-0.5360989835061728
0.21333333333333335,-0.5437794354567902
0.21333333333333335,-0.5514598874074074
0.21333333333333335,-0.5591403393580247
0.21333333333333335,-0.566820791308642
0.21333333333333335,-0.5745012432592592
0.21333333333333335,-0.5821816952098765
0.21333333333333335,-0.5898621471604939
0.21333333333333335,-0.5975425991111111
0.21333333333333335,-0.6052230510617285
0.21333333333333335,-0.6129035030123456
0.21333333333333335,-0.6205839549629629
0.21333333333333335,-0.6282644069135803
0.21333333333333335,-0.6359448588641975
0.21333333333333335,-0.6436253108148149
0.21333333333333335,-0.6513057627654321
0.21333333333333335,-0.6589862147160493
0.21333333333333335,-0.6666666666666667
0.22,0.10076100533333332
0.22,0.09300921066666666
0.22,0.08525741599999999
0.22,0.07750562133333333
0.22,0.06975382666666666
0.22,0.06200203199999999
0.22,0.05425023733333332
0.22,0.04649844266666665
0.22,0.03874664799999998
0.22,0.030994853333333322
0.22,0.02324305866666665
0.22,0.01549126399999999
0.22,0.007739469333333318
0.22,-0.000012325333333354505
0.22,-0.007764120000000013
0.22,-0.015515914666666686
0.22,-0.02326770933333336
0.22,-0.03101950400000003
0.22,-0.038771298666666704
0.22,-0.04652309333333335
0.22,-0.05427488800000002
0.22,-0.062026682666666694
0.22,-0.06977847733333337
0.22,-0.07753027200000001
0.22,-0.08528206666666671
0.22,-0.09303386133333336
0.22,-0.10078565600000003
0.22,-0.1085374506666667
0.22,-0.11628924533333337
0.22,-0.12404104000000002
0.22,-0.13179283466666672
0.22,-0.13954462933333336
0.22,-0.147296424
0.22,-0.1550482186666667
0.22,-0.16280001333333335
0.22,-0.17055180800000005
0.22,-0.1783036026666667
0.22,-0.1860553973333334
0.22,-0.19380719200000004
0.22,-0.2015589866666667
0.22,-0.2093107813333334
0.22,-0.21706257600000003
0.22,-0.22481437066666668
0.22,-0.23256616533333338
0.22,-0.24031796000000008
0.22,-0.24806975466666673
0.22,-0.25582154933333334
0.22,-0.263573344
0.22,-0.27132513866666663
0.22,-0.2790769333333334
0.22,-0.28682872800000003
0.22,-0.2945805226666667
0.22,-0.3023323173333333
0.22,-0.3100841120000001
0.22,-0.3178359066666667
0.22,-0.32558770133333337
0.22,-0.333339496
0.22,-0.34109129066666677
0.22,-0.3488430853333334
0.22,-0.35659488000000006
0.22,-0.3643466746666667
0.22,-0.37209846933333346
0.22,-0.3798502640000001
0.22,-0.38760205866666675
0.22,-0.3953538533333334
0.22,-0.40310564800000004
0.22,-0.4108574426666668
0.22,-0.41860923733333344
0.22,-0.4263610320000001
0.22,-0.43411282666666673
0.22,-0.4418646213333335
0.22,-0.44961641600000013
0.22,-0.4573682106666668
0.22,-0.4651200053333334
0.22,-0.47287180000000006
0.22,-0.4806235946666668
0.22,-0.48837538933333347
0.22,-0.4961271840000001
0.22,-0.5038789786666668
0.22,-0.5116307733333334
0.22,-0.5193825680000002
0.22,-0.5271343626666668
0.22,-0.5348861573333334
0.22,-0.5426379520000001
0.22,-0.5503897466666667
0.22,-0.5581415413333334
0.22,-0.5658933360000001
0.22,-0.5736451306666668
0.22,-0.5813969253333334
0.22,-0.5891487200000002
0.22,-0.5969005146666667
0.22,-0.6046523093333335
0.22,-0.6124041040000001
0.22,-0.6201558986666668
0.22,-0.6279076933333335
0.22,-0.635659488
0.22,-0.6434112826666668
0.22,-0.6511630773333333
0.22,-0.6589148720000001
0.22,-0.6666666666666669
0.22666666666666668,0.10812772977777779
0.22666666666666668,0.10030152375308643
0.22666666666666668,0.09247531772839508
0.22666666666666668,0.08464911170370372
0.22666666666666668,0.07682290567901237
0.22666666666666668,0.06899669965432101
0.22666666666666668,0.06117049362962964
0.22666666666666668,0.053344287604938284
0.22666666666666668,0.04551808158024692
0.22666666666666668,0.03769187555555557
0.22666666666666668,0.02986566953086421
0.22666666666666668,0.02203946350617285
0.22666666666666668,0.014213257481481487
0.22666666666666668,0.006387051456790124
0.22666666666666668,-0.001439154567901224
0.22666666666666668,-0.009265360592592586
0.22666666666666668,-0.01709156661728395
0.22666666666666668,-0.02491777264197531
0.22666666666666668,-0.03274397866666667
0.22666666666666668,-0.04057018469135801
0.22666666666666668,-0.0483963907160494
0.22666666666666668,-0.05622259674074073
0.22666666666666668,-0.06404880276543212
0.22666666666666668,-0.07187500879012346
0.22666666666666668,-0.07970121481481482
0.22666666666666668,-0.08752742083950618
0.22666666666666668,-0.09535362686419754
0.22666666666666668,-0.1031798328888889
0.22666666666666668,-0.11100603891358027
0.22666666666666668,-0.1188322449382716
0.22666666666666668,-0.126658450962963
0.22666666666666668,-0.13448465698765433
0.22666666666666668,-0.1423108630123457
0.22666666666666668,-0.15013706903703705
0.22666666666666668,-0.15796327506172841
0.22666666666666668,-0.16578948108641978
0.22666666666666668,-0.17361568711111114
0.22666666666666668,-0.1814418931358025
0.22666666666666668,-0.18926809916049386
0.22666666666666668,-0.19709430518518517
0.22666666666666668,-0.2049205112098766
0.22666666666666668,-0.21274671723456795
0.22666666666666668,-0.22057292325925926
0.22666666666666668,-0.22839912928395062
0.22666666666666668,-0.23622533530864204
0.22666666666666668,-0.2440515413333334
0.22666666666666668,-0.2518777473580247
0.22666666666666668,-0.25970395338271607
0.22666666666666668,-0.26753015940740743
0.22666666666666668,-0.2753563654320988
0.22666666666666668,-0.28318257145679016
0.22666666666666668,-0.2910087774814815
0.22666666666666668,-0.2988349835061728
0.22666666666666668,-0.30666118953086424
0.22666666666666668,-0.3144873955555556
0.22666666666666668,-0.32231360158024697
0.22666666666666668,-0.3301398076049383
0.22666666666666668,-0.3379660136296297
0.22666666666666668,-0.34579221965432105
0.22666666666666668,-0.35361842567901236
0.22666666666666668,-0.3614446317037037
0.22666666666666668,-0.36927083772839514
0.22666666666666668,-0.3770970437530865
0.22666666666666668,-0.3849232497777778
0.22666666666666668,-0.3927494558024691
0.22666666666666668,-0.40057566182716053
0.22666666666666668,-0.40840186785185195
0.22666666666666668,-0.41622807387654326
0.22666666666666668,-0.42405427990123457
0.22666666666666668,-0.431880485925926
0.22666666666666668,-0.4397066919506174
0.22666666666666668,-0.4475328979753087
0.22666666666666668,-0.455359104
0.22666666666666668,-0.46318531002469143
0.22666666666666668,-0.47101151604938274
0.22666666666666668,-0.47883772207407416
0.22666666666666668,-0.4866639280987656
0.22666666666666668,-0.4944901341234569
0.22666666666666668,-0.5023163401481483
0.22666666666666668,-0.5101425461728395
0.22666666666666668,-0.5179687521975309
0.22666666666666668,-0.5257949582222223
0.22666666666666668,-0.5336211642469136
0.22666666666666668,-0.541447370271605
0.22666666666666668,-0.5492735762962964
0.22666666666666668,-0.5570997823209877
0.22666666666666668,-0.5649259883456791
0.22666666666666668,-0.5727521943703704
0.22666666666666668,-0.5805784003950618
0.22666666666666668,-0.5884046064197532
0.22666666666666668,-0.5962308124444445
0.22666666666666668,-0.604057018469136
0.22666666666666668,-0.6118832244938271
0.22666666666666668,-0.6197094305185186
0.22666666666666668,-0.62753563654321
0.22666666666666668,-0.6353618425679013
0.22666666666666668,-0.6431880485925927
0.22666666666666668,-0.651014254617284
0.22666666666666668,-0.6588404606419754
0.22666666666666668,-0.6666666666666667
0.23333333333333334,0.11580611111111112
0.23333333333333334,0.10790234567901236
0.23333333333333334,0.09999858024691359
0.23333333333333334,0.09209481481481482
0.23333333333333334,0.08419104938271607
0.23333333333333334,0.07628728395061729
0.23333333333333334,0.06838351851851854
0.23333333333333334,0.06047975308641976
0.23333333333333334,0.05257598765432099
0.23333333333333334,0.04467222222222224
0.23333333333333334,0.03676845679012347
0.23333333333333334,0.028864691358024705
0.23333333333333334,0.02096092592592594
0.23333333333333334,0.013057160493827172
0.23333333333333334,0.005153395061728405
0.23333333333333334,-0.0027503703703703752
0.23333333333333334,-0.010654135802469128
0.23333333333333334,-0.01855790123456791
0.23333333333333334,-0.02646166666666666
0.23333333333333334,-0.034365432098765414
0.23333333333333334,-0.042269197530864194
0.23333333333333334,-0.05017296296296295
0.23333333333333334,-0.05807672839506173
0.23333333333333334,-0.06598049382716048
0.23333333333333334,-0.07388425925925926
0.23333333333333334,-0.08178802469135801
0.23333333333333334,-0.0896917901234568
0.23333333333333334,-0.09759555555555555
0.23333333333333334,-0.10549932098765433
0.23333333333333334,-0.11340308641975308
0.23333333333333334,-0.12130685185185186
0.23333333333333334,-0.12921061728395064
0.23333333333333334,-0.1371143827160494
0.23333333333333334,-0.14501814814814815
0.23333333333333334,-0.1529219135802469
0.23333333333333334,-0.1608256790123457
0.23333333333333334,-0.16872944444444446
0.23333333333333334,-0.1766332098765432
0.23333333333333334,-0.18453697530864197
0.23333333333333334,-0.19244074074074072
0.23333333333333334,-0.20034450617283953
0.23333333333333334,-0.20824827160493828
0.23333333333333334,-0.21615203703703703
0.23333333333333334,-0.22405580246913578
0.23333333333333334,-0.2319595679012346
0.23333333333333334,-0.23986333333333335
0.23333333333333334,-0.2477670987654321
0.23333333333333334,-0.2556708641975308
0.23333333333333334,-0.26357462962962963
0.23333333333333334,-0.27147839506172844
0.23333333333333334,-0.27938216049382714
0.23333333333333334,-0.28728592592592594
0.23333333333333334,-0.29518969135802464
0.23333333333333334,-0.30309345679012345
0.23333333333333334,-0.31099722222222226
0.23333333333333334,-0.31890098765432096
0.23333333333333334,-0.32680475308641976
0.23333333333333334,-0.33470851851851857
0.23333333333333334,-0.34261228395061727
0.23333333333333334,-0.3505160493827161
0.23333333333333334,-0.3584198148148148
0.23333333333333334,-0.3663235802469136
0.23333333333333334,-0.3742273456790124
0.23333333333333334,-0.3821311111111112
0.23333333333333334,-0.3900348765432099
0.23333333333333334,-0.3979386419753087
0.23333333333333334,-0.4058424074074075
0.23333333333333334,-0.4137461728395062
0.23333333333333334,-0.421649938271605
0.23333333333333334,-0.4295537037037037
0.23333333333333334,-0.4374574691358025
0.23333333333333334,-0.44536123456790133
0.23333333333333334,-0.45326500000000003
0.23333333333333334,-0.46116876543209884
0.23333333333333334,-0.46907253086419753
0.23333333333333334,-0.47697629629629634
0.23333333333333334,-0.48488006172839515
0.23333333333333334,-0.49278382716049385
0.23333333333333334,-0.5006875925925927
0.23333333333333334,-0.5085913580246914
0.23333333333333334,-0.5164951234567902
0.23333333333333334,-0.524398888888889
0.23333333333333334,-0.5323026543209877
0.23333333333333334,-0.5402064197530865
0.23333333333333334,-0.5481101851851852
0.23333333333333334,-0.556013950617284
0.23333333333333334,-0.5639177160493828
0.23333333333333334,-0.5718214814814815
0.23333333333333334,-0.5797252469135803
0.23333333333333334,-0.5876290123456791
0.23333333333333334,-0.5955327777777778
0.23333333333333334,-0.6034365432098766
0.23333333333333334,-0.6113403086419753
0.23333333333333334,-0.6192440740740741
0.23333333333333334,-0.6271478395061729
0.23333333333333334,-0.6350516049382716
0.23333333333333334,-0.6429553703703704
0.23333333333333334,-0.6508591358024691
0.23333333333333334,-0.6587629012345679
0.23333333333333334,-0.6666666666666667
0.24000000000000002,0.12380424533333337
0.24000000000000002,0.1158196906666667
0.24000000000000002,0.10783513600000004
0.24000000000000002,0.09985058133333337
0.24000000000000002,0.0918660266666667
0.24000000000000002,0.08388147200000004
0.24000000000000002,0.07589691733333337
0.24000000000000002,0.0679123626666667
0.24000000000000002,0.05992780800000003
0.24000000000000002,0.051943253333333356
0.24000000000000002,0.0439586986666667
0.24000000000000002,0.03597414400000003
0.24000000000000002,0.027989589333333356
0.24000000000000002,0.020005034666666685
0.24000000000000002,0.012020480000000014
0.24000000000000002,0.004035925333333357
0.24000000000000002,-0.0039486293333333145
0.24000000000000002,-0.011933183999999986
0.24000000000000002,-0.019917738666666657
0.24000000000000002,-0.027902293333333328
0.24000000000000002,-0.035886848
0.24000000000000002,-0.04387140266666664
0.24000000000000002,-0.05185595733333334
0.24000000000000002,-0.059840511999999985
0.24000000000000002,-0.06782506666666668
0.24000000000000002,-0.07580962133333333
0.24000000000000002,-0.08379417600000003
0.24000000000000002,-0.09177873066666667
0.24000000000000002,-0.09976328533333337
0.24000000000000002,-0.10774784000000001
0.24000000000000002,-0.11573239466666668
0.24000000000000002,-0.12371694933333333
0.24000000000000002,-0.13170150400000002
0.24000000000000002,-0.13968605866666667
0.24000000000000002,-0.1476706133333333
0.24000000000000002,-0.155655168
0.24000000000000002,-0.16363972266666665
0.24000000000000002,-0.17162427733333335
0.24000000000000002,-0.179608832
0.24000000000000002,-0.1875933866666667
0.24000000000000002,-0.1955779413333334
0.24000000000000002,-0.20356249600000004
0.24000000000000002,-0.21154705066666668
0.24000000000000002,-0.21953160533333332
0.24000000000000002,-0.22751616000000008
0.24000000000000002,-0.23550071466666672
0.24000000000000002,-0.24348526933333337
0.24000000000000002,-0.251469824
0.24000000000000002,-0.25945437866666665
0.24000000000000002,-0.2674389333333334
0.24000000000000002,-0.27542348800000005
0.24000000000000002,-0.2834080426666667
0.24000000000000002,-0.29139259733333334
0.24000000000000002,-0.2993771520000001
0.24000000000000002,-0.30736170666666673
0.24000000000000002,-0.3153462613333334
0.24000000000000002,-0.323330816
0.24000000000000002,-0.3313153706666668
0.24000000000000002,-0.3392999253333334
0.24000000000000002,-0.34728448000000006
0.24000000000000002,-0.3552690346666667
0.24000000000000002,-0.3632535893333334
0.24000000000000002,-0.3712381440000001
0.24000000000000002,-0.3792226986666667
0.24000000000000002,-0.3872072533333334
0.24000000000000002,-0.3951918080000001
0.24000000000000002,-0.4031763626666668
0.24000000000000002,-0.4111609173333334
0.24000000000000002,-0.4191454720000001
0.24000000000000002,-0.42713002666666666
0.24000000000000002,-0.43511458133333347
0.24000000000000002,-0.44309913600000006
0.24000000000000002,-0.45108369066666676
0.24000000000000002,-0.45906824533333335
0.24000000000000002,-0.46705280000000005
0.24000000000000002,-0.47503735466666674
0.24000000000000002,-0.48302190933333344
0.24000000000000002,-0.49100646400000003
0.24000000000000002,-0.49899101866666684
0.24000000000000002,-0.5069755733333334
0.24000000000000002,-0.5149601280000001
0.24000000000000002,-0.5229446826666668
0.24000000000000002,-0.5309292373333334
0.24000000000000002,-0.5389137920000001
0.24000000000000002,-0.5468983466666667
0.24000000000000002,-0.5548829013333334
0.24000000000000002,-0.5628674560000001
0.24000000000000002,-0.5708520106666667
0.24000000000000002,-0.5788365653333335
0.24000000000000002,-0.5868211200000002
0.24000000000000002,-0.5948056746666668
0.24000000000000002,-0.6027902293333335
0.24000000000000002,-0.6107747840000001
0.24000000000000002,-0.6187593386666668
0.24000000000000002,-0.6267438933333335
0.24000000000000002,-0.6347284480000001
0.24000000000000002,-0.6427130026666668
0.24000000000000002,-0.6506975573333333
0.24000000000000002,-0.6586821120000002
0.24000000000000002,-0.6666666666666669
0.24666666666666667,0.13213046311111112
0.24666666666666667,0.1240618052345679
0.24666666666666667,0.1159931473580247
0.24666666666666667,0.10792448948148148
0.24666666666666667,0.09985583160493827
0.24666666666666667,0.09178717372839507
0.24666666666666667,0.08371851585185186
0.24666666666666667,0.07564985797530864
0.24666666666666667,0.06758120009876543
0.24666666666666667,0.05951254222222223
0.24666666666666667,0.05144388434567901
0.24666666666666667,0.0433752264691358
0.24666666666666667,0.035306568592592597
0.24666666666666667,0.027237910716049377
0.24666666666666667,0.01916925283950617
0.24666666666666667,0.01110059496296295
0.24666666666666667,0.003031937086419745
0.24666666666666667,-0.005036720790123461
0.24666666666666667,-0.013105378666666695
0.24666666666666667,-0.021174036543209873
0.24666666666666667,-0.029242694419753107
0.24666666666666667,-0.03731135229629631
0.24666666666666667,-0.04538001017283952
0.24666666666666667,-0.053448668049382725
0.24666666666666667,-0.06151732592592596
0.24666666666666667,-0.06958598380246914
0.24666666666666667,-0.07765464167901237
0.24666666666666667,-0.08572329955555558
0.24666666666666667,-0.09379195743209881
0.24666666666666667,-0.10186061530864199
0.24666666666666667,-0.10992927318518522
0.24666666666666667,-0.11799793106172843
0.24666666666666667,-0.12606658893827163
0.24666666666666667,-0.13413524681481484
0.24666666666666667,-0.14220390469135805
0.24666666666666667,-0.15027256256790125
0.24666666666666667,-0.15834122044444446
0.24666666666666667,-0.16640987832098772
0.24666666666666667,-0.17447853619753087
0.24666666666666667,-0.18254719407407408
0.24666666666666667,-0.19061585195061734
0.24666666666666667,-0.19868450982716054
0.24666666666666667,-0.20675316770370375
0.24666666666666667,-0.21482182558024696
0.24666666666666667,-0.22289048345679022
0.24666666666666667,-0.23095914133333337
0.24666666666666667,-0.23902779920987657
0.24666666666666667,-0.24709645708641978
0.24666666666666667,-0.255165114962963
0.24666666666666667,-0.2632337728395062
0.24666666666666667,-0.2713024307160494
0.24666666666666667,-0.27937108859259263
0.24666666666666667,-0.28743974646913584
0.24666666666666667,-0.29550840434567904
0.24666666666666667,-0.30357706222222225
0.24666666666666667,-0.31164572009876546
0.24666666666666667,-0.31971437797530866
0.24666666666666667,-0.327783035851852
0.24666666666666667,-0.3358516937283951
0.24666666666666667,-0.3439203516049383
0.24666666666666667,-0.3519890094814815
0.24666666666666667,-0.3600576673580248
0.24666666666666667,-0.368126325234568
0.24666666666666667,-0.3761949831111112
0.24666666666666667,-0.3842636409876544
0.24666666666666667,-0.3923322988641976
0.24666666666666667,-0.40040095674074083
0.24666666666666667,-0.40846961461728404
0.24666666666666667,-0.41653827249382724
0.24666666666666667,-0.42460693037037045
0.24666666666666667,-0.43267558824691366
0.24666666666666667,-0.44074424612345686
0.24666666666666667,-0.44881290400000007
0.24666666666666667,-0.4568815618765433
0.24666666666666667,-0.4649502197530865
0.24666666666666667,-0.4730188776296298
0.24666666666666667,-0.481087535506173
0.24666666666666667,-0.4891561933827161
0.24666666666666667,-0.4972248512592594
0.24666666666666667,-0.5052935091358025
0.24666666666666667,-0.5133621670123458
0.24666666666666667,-0.521430824888889
0.24666666666666667,-0.5294994827654321
0.24666666666666667,-0.5375681406419754
0.24666666666666667,-0.5456367985185185
0.24666666666666667,-0.5537054563950619
0.24666666666666667,-0.5617741142716051
0.24666666666666667,-0.5698427721481483
0.24666666666666667,-0.5779114300246915
0.24666666666666667,-0.5859800879012348
0.24666666666666667,-0.5940487457777779
0.24666666666666667,-0.6021174036543211
0.24666666666666667,-0.6101860615308643
0.24666666666666667,-0.6182547194074075
0.24666666666666667,-0.6263233772839508
0.24666666666666667,-0.6343920351604939
0.24666666666666667,-0.6424606930370371
0.24666666666666667,-0.6505293509135803
0.24666666666666667,-0.6585980087901235
0.24666666666666667,-0.6666666666666669
0.25333333333333335,0.1407933297777778
0.25333333333333335,0.1326371681975309
0.25333333333333335,0.12448100661728399
0.25333333333333335,0.11632484503703708
0.25333333333333335,0.10816868345679016
0.25333333333333335,0.10001252187654325
0.25333333333333335,0.09185636029629633
0.25333333333333335,0.08370019871604942
0.25333333333333335,0.0755440371358025
0.25333333333333335,0.06738787555555559
0.25333333333333335,0.05923171397530867
0.25333333333333335,0.05107555239506176
0.25333333333333335,0.04291939081481484
0.25333333333333335,0.03476322923456793
0.25333333333333335,0.026607067654321012
0.25333333333333335,0.018450906074074097
0.25333333333333335,0.010294744493827168
0.25333333333333335,0.002138582913580267
0.25333333333333335,-0.006017578666666662
0.25333333333333335,-0.014173740246913563
0.25333333333333335,-0.022329901827160492
0.25333333333333335,-0.030486063407407393
0.25333333333333335,-0.03864222498765432
0.25333333333333335,-0.04679838656790122
0.25333333333333335,-0.05495454814814815
0.25333333333333335,-0.06311070972839505
0.25333333333333335,-0.07126687130864198
0.25333333333333335,-0.07942303288888888
0.25333333333333335,-0.08757919446913581
0.25333333333333335,-0.09573535604938271
0.25333333333333335,-0.10389151762962964
0.25333333333333335,-0.11204767920987654
0.25333333333333335,-0.12020384079012345
0.25333333333333335,-0.1283600023703704
0.25333333333333335,-0.13651616395061725
0.25333333333333335,-0.1446723255308642
0.25333333333333335,-0.1528284871111111
0.25333333333333335,-0.16098464869135806
0.25333333333333335,-0.16914081027160496
0.25333333333333335,-0.17729697185185186
0.25333333333333335,-0.18545313343209882
0.25333333333333335,-0.19360929501234572
0.25333333333333335,-0.20176545659259262
0.25333333333333335,-0.20992161817283952
0.25333333333333335,-0.21807777975308648
0.25333333333333335,-0.22623394133333338
0.25333333333333335,-0.23439010291358028
0.25333333333333335,-0.24254626449382719
0.25333333333333335,-0.2507024260740741
0.25333333333333335,-0.258858587654321
0.25333333333333335,-0.2670147492345679
0.25333333333333335,-0.2751709108148148
0.25333333333333335,-0.2833270723950617
0.25333333333333335,-0.29148323397530873
0.25333333333333335,-0.29963939555555563
0.25333333333333335,-0.30779555713580253
0.25333333333333335,-0.31595171871604943
0.25333333333333335,-0.32410788029629634
0.25333333333333335,-0.33226404187654324
0.25333333333333335,-0.34042020345679014
0.25333333333333335,-0.34857636503703704
0.25333333333333335,-0.35673252661728405
0.25333333333333335,-0.36488868819753095
0.25333333333333335,-0.37304484977777785
0.25333333333333335,-0.38120101135802476
0.25333333333333335,-0.38935717293827166
0.25333333333333335,-0.39751333451851867
0.25333333333333335,-0.40566949609876557
0.25333333333333335,-0.41382565767901247
0.25333333333333335,-0.42198181925925926
0.25333333333333335,-0.4301379808395063
0.25333333333333335,-0.4382941424197532
0.25333333333333335,-0.4464503040000001
0.25333333333333335,-0.454606465580247
0.25333333333333335,-0.4627626271604939
0.25333333333333335,-0.4709187887407409
0.25333333333333335,-0.4790749503209878
0.25333333333333335,-0.4872311119012347
0.25333333333333335,-0.4953872734814816
0.25333333333333335,-0.5035434350617285
0.25333333333333335,-0.5116995966419754
0.25333333333333335,-0.5198557582222224
0.25333333333333335,-0.5280119198024692
0.25333333333333335,-0.5361680813827162
0.25333333333333335,-0.544324242962963
0.25333333333333335,-0.55248040454321
0.25333333333333335,-0.5606365661234569
0.25333333333333335,-0.5687927277037038
0.25333333333333335,-0.5769488892839507
0.25333333333333335,-0.5851050508641977
0.25333333333333335,-0.5932612124444445
0.25333333333333335,-0.6014173740246915
0.25333333333333335,-0.6095735356049383
0.25333333333333335,-0.6177296971851853
0.25333333333333335,-0.6258858587654322
0.25333333333333335,-0.6340420203456791
0.25333333333333335,-0.642198181925926
0.25333333333333335,-0.6503543435061729
0.25333333333333335,-0.6585105050864198
0.25333333333333335,-0.6666666666666669
0.26,0.14980164533333334
0.26,0.14155449066666667
0.26,0.13330733600000003
0.26,0.12506018133333335
0.26,0.11681302666666668
0.26,0.10856587200000001
0.26,0.10031871733333335
0.26,0.09207156266666668
0.26,0.08382440800000002
0.26,0.07557725333333336
0.26,0.06733009866666669
0.26,0.05908294400000001
0.26,0.05083578933333335
0.26,0.04258863466666668
0.26,0.03434148000000001
0.26,0.026094325333333335
0.26,0.017847170666666662
0.26,0.009600016000000017
0.26,0.001352861333333344
0.26,-0.006894293333333301
0.26,-0.015141448000000002
0.26,-0.023388602666666647
0.26,-0.03163575733333332
0.26,-0.03988291199999999
0.26,-0.048130066666666665
0.26,-0.05637722133333331
0.26,-0.06462437600000001
0.26,-0.07287153066666666
0.26,-0.08111868533333333
0.26,-0.08936584
0.26,-0.0976129946666667
0.26,-0.10586014933333335
0.26,-0.11410730399999999
0.26,-0.1223544586666667
0.26,-0.13060161333333334
0.26,-0.13884876799999998
0.26,-0.14709592266666663
0.26,-0.15534307733333333
0.26,-0.16359023199999997
0.26,-0.17183738666666662
0.26,-0.18008454133333338
0.26,-0.18833169600000002
0.26,-0.19657885066666667
0.26,-0.2048260053333333
0.26,-0.21307316
0.26,-0.22132031466666666
0.26,-0.22956746933333336
0.26,-0.237814624
0.26,-0.24606177866666665
0.26,-0.2543089333333334
0.26,-0.26255608799999997
0.26,-0.27080324266666667
0.26,-0.27905039733333326
0.26,-0.28729755200000007
0.26,-0.29554470666666666
0.26,-0.30379186133333336
0.26,-0.31203901599999995
0.26,-0.32028617066666665
0.26,-0.32853332533333335
0.26,-0.33678048000000005
0.26,-0.34502763466666664
0.26,-0.35327478933333345
0.26,-0.36152194400000004
0.26,-0.36976909866666674
0.26,-0.37801625333333333
0.26,-0.38626340800000003
0.26,-0.39451056266666673
0.26,-0.40275771733333343
0.26,-0.411004872
0.26,-0.4192520266666667
0.26,-0.4274991813333334
0.26,-0.435746336
0.26,-0.4439934906666667
0.26,-0.4522406453333333
0.26,-0.4604878
0.26,-0.4687349546666667
0.26,-0.4769821093333334
0.26,-0.485229264
0.26,-0.4934764186666667
0.26,-0.5017235733333333
0.26,-0.5099707280000001
0.26,-0.5182178826666668
0.26,-0.5264650373333334
0.26,-0.5347121920000001
0.26,-0.5429593466666667
0.26,-0.5512065013333334
0.26,-0.5594536560000001
0.26,-0.5677008106666667
0.26,-0.5759479653333334
0.26,-0.5841951200000001
0.26,-0.5924422746666667
0.26,-0.6006894293333334
0.26,-0.608936584
0.26,-0.6171837386666668
0.26,-0.6254308933333335
0.26,-0.633678048
0.26,-0.6419252026666667
0.26,-0.6501723573333333
0.26,-0.658419512
0.26,-0.6666666666666667
0.26666666666666666,0.15916444444444444
0.26666666666666666,0.15082271604938272
0.26666666666666666,0.142480987654321
0.26666666666666666,0.13413925925925924
0.26666666666666666,0.12579753086419754
0.26666666666666666,0.1174558024691358
0.26666666666666666,0.10911407407407406
0.26666666666666666,0.10077234567901233
0.26666666666666666,0.0924306172839506
0.26666666666666666,0.08408888888888888
0.26666666666666666,0.07574716049382715
0.26666666666666666,0.06740543209876543
0.26666666666666666,0.05906370370370369
0.26666666666666666,0.05072197530864196
0.26666666666666666,0.04238024691358022
0.26666666666666666,0.034038518518518496
0.26666666666666666,0.02569679012345677
0.26666666666666666,0.017355061728395044
0.26666666666666666,0.009013333333333318
0.26666666666666666,0.0006716049382715916
0.26666666666666666,-0.007670123456790162
0.26666666666666666,-0.01601185185185186
0.26666666666666666,-0.024353580246913614
0.26666666666666666,-0.03269530864197531
0.26666666666666666,-0.041037037037037066
0.26666666666666666,-0.04937876543209879
0.26666666666666666,-0.05772049382716052
0.26666666666666666,-0.06606222222222224
0.26666666666666666,-0.074403950617284
0.26666666666666666,-0.08274567901234572
0.26666666666666666,-0.09108740740740748
0.26666666666666666,-0.09942913580246918
0.26666666666666666,-0.10777086419753087
0.26666666666666666,-0.11611259259259263
0.26666666666666666,-0.12445432098765433
0.26666666666666666,-0.13279604938271608
0.26666666666666666,-0.14113777777777778
0.26666666666666666,-0.14947950617283953
0.26666666666666666,-0.1578212345679013
0.26666666666666666,-0.16616296296296298
0.26666666666666666,-0.17450469135802474
0.26666666666666666,-0.1828464197530865
0.26666666666666666,-0.1911881481481482
0.26666666666666666,-0.1995298765432099
0.26666666666666666,-0.2078716049382717
0.26666666666666666,-0.2162133333333334
0.26666666666666666,-0.2245550617283951
0.26666666666666666,-0.2328967901234568
0.26666666666666666,-0.24123851851851855
0.26666666666666666,-0.2495802469135803
0.26666666666666666,-0.257921975308642
0.26666666666666666,-0.2662637037037038
0.26666666666666666,-0.2746054320987654
0.26666666666666666,-0.2829471604938272
0.26666666666666666,-0.29128888888888893
0.26666666666666666,-0.2996306172839507
0.26666666666666666,-0.3079723456790123
0.26666666666666666,-0.3163140740740742
0.26666666666666666,-0.32465580246913583
0.26666666666666666,-0.3329975308641976
0.26666666666666666,-0.34133925925925923
0.26666666666666666,-0.3496809876543211
0.26666666666666666,-0.35802271604938274
0.26666666666666666,-0.3663644444444445
0.26666666666666666,-0.37470617283950614
0.26666666666666666,-0.3830479012345679
0.26666666666666666,-0.39138962962962964
0.26666666666666666,-0.3997313580246914
0.26666666666666666,-0.40807308641975315
0.26666666666666666,-0.4164148148148148
0.26666666666666666,-0.42475654320987655
0.26666666666666666,-0.4330982716049383
0.26666666666666666,-0.44144000000000005
0.26666666666666666,-0.4497817283950617
0.26666666666666666,-0.45812345679012345
0.26666666666666666,-0.4664651851851852
0.26666666666666666,-0.47480691358024707
0.26666666666666666,-0.4831486419753087
0.26666666666666666,-0.49149037037037047
0.26666666666666666,-0.4998320987654321
0.26666666666666666,-0.5081738271604939
0.26666666666666666,-0.5165155555555556
0.26666666666666666,-0.5248572839506173
0.26666666666666666,-0.5331990123456791
0.26666666666666666,-0.5415407407407408
0.26666666666666666,-0.5498824691358025
0.26666666666666666,-0.5582241975308643
0.26666666666666666,-0.5665659259259259
0.26666666666666666,-0.5749076543209877
0.26666666666666666,-0.5832493827160495
0.26666666666666666,-0.5915911111111112
0.26666666666666666,-0.5999328395061729
0.26666666666666666,-0.6082745679012346
0.26666666666666666,-0.6166162962962963
0.26666666666666666,-0.6249580246913581
0.26666666666666666,-0.6332997530864197
0.26666666666666666,-0.6416414814814816
0.26666666666666666,-0.6499832098765432
0.26666666666666666,-0.658324938271605
0.26666666666666666,-0.6666666666666667
0.2733333333333334,0.1688909964444445
0.2733333333333334,0.16045102004938275
0.2733333333333334,0.15201104365432103
0.2733333333333334,0.1435710672592593
0.2733333333333334,0.13513109086419756
0.2733333333333334,0.12669111446913583
0.2733333333333334,0.11825113807407411
0.2733333333333334,0.10981116167901238
0.2733333333333334,0.10137118528395064
0.2733333333333334,0.09293120888888892
0.2733333333333334,0.0844912324938272
0.2733333333333334,0.07605125609876547
0.2733333333333334,0.06761127970370373
0.2733333333333334,0.059171303308641995
0.2733333333333334,0.05073132691358026
0.2733333333333334,0.04229135051851854
0.2733333333333334,0.03385137412345682
0.2733333333333334,0.02541139772839507
0.2733333333333334,0.016971421333333347
0.2733333333333334,0.008531444938271626
0.2733333333333334,0.00009146854320987718
0.2733333333333334,-0.008348507851851816
0.2733333333333334,-0.016788484246913565
0.2733333333333334,-0.025228460641975287
0.2733333333333334,-0.033668437037037036
0.2733333333333334,-0.04210841343209876
0.2733333333333334,-0.050548389827160506
0.2733333333333334,-0.05898836622222223
0.2733333333333334,-0.06742834261728398
0.2733333333333334,-0.0758683190123457
0.2733333333333334,-0.08430829540740742
0.2733333333333334,-0.09274827180246914
0.2733333333333334,-0.10118824819753086
0.2733333333333334,-0.10962822459259258
0.2733333333333334,-0.1180682009876543
0.2733333333333334,-0.12650817738271608
0.2733333333333334,-0.1349481537777778
0.2733333333333334,-0.14338813017283952
0.2733333333333334,-0.15182810656790124
0.2733333333333334,-0.16026808296296297
0.2733333333333334,-0.16870805935802474
0.2733333333333334,-0.17714803575308646
0.2733333333333334,-0.18558801214814818
0.2733333333333334,-0.19402798854320985
0.2733333333333334,-0.20246796493827168
0.2733333333333334,-0.21090794133333335
0.2733333333333334,-0.21934791772839507
0.2733333333333334,-0.2277878941234568
0.2733333333333334,-0.2362278705185185
0.2733333333333334,-0.2446678469135803
0.2733333333333334,-0.253107823308642
0.2733333333333334,-0.26154779970370373
0.2733333333333334,-0.26998777609876545
0.2733333333333334,-0.27842775249382723
0.2733333333333334,-0.28686772888888895
0.2733333333333334,-0.29530770528395067
0.2733333333333334,-0.30374768167901234
0.2733333333333334,-0.31218765807407417
0.2733333333333334,-0.32062763446913584
0.2733333333333334,-0.3290676108641976
0.2733333333333334,-0.3375075872592593
0.2733333333333334,-0.34594756365432106
0.2733333333333334,-0.35438754004938283
0.2733333333333334,-0.3628275164444445
0.2733333333333334,-0.37126749283950616
0.2733333333333334,-0.37970746923456794
0.2733333333333334,-0.3881474456296297
0.2733333333333334,-0.3965874220246914
0.2733333333333334,-0.40502739841975316
0.2733333333333334,-0.4134673748148148
0.2733333333333334,-0.4219073512098766
0.2733333333333334,-0.4303473276049384
0.2733333333333334,-0.43878730400000004
0.2733333333333334,-0.4472272803950618
0.2733333333333334,-0.4556672567901235
0.2733333333333334,-0.46410723318518526
0.2733333333333334,-0.47254720958024704
0.2733333333333334,-0.4809871859753087
0.2733333333333334,-0.4894271623703705
0.2733333333333334,-0.49786713876543215
0.2733333333333334,-0.5063071151604939
0.2733333333333334,-0.5147470915555556
0.2733333333333334,-0.5231870679506174
0.2733333333333334,-0.5316270443456792
0.2733333333333334,-0.5400670207407408
0.2733333333333334,-0.5485069971358025
0.2733333333333334,-0.5569469735308643
0.2733333333333334,-0.5653869499259259
0.2733333333333334,-0.5738269263209879
0.2733333333333334,-0.5822669027160496
0.2733333333333334,-0.5907068791111112
0.2733333333333334,-0.599146855506173
0.2733333333333334,-0.6075868319012345
0.2733333333333334,-0.6160268082962963
0.2733333333333334,-0.6244667846913581
0.2733333333333334,-0.6329067610864199
0.2733333333333334,-0.6413467374814816
0.2733333333333334,-0.6497867138765432
0.2733333333333334,-0.658226690271605
0.2733333333333334,-0.6666666666666667
0.28,0.17899080533333336
0.28,0.1704488106666667
0.28,0.16190681600000004
0.28,0.15336482133333335
0.28,0.14482282666666668
0.28,0.13628083200000002
0.28,0.12773883733333335
0.28,0.11919684266666669
0.28,0.11065484800000001
0.28,0.10211285333333335
0.28,0.09357085866666669
0.28,0.08502886400000002
0.28,0.07648686933333335
0.28,0.06794487466666668
0.28,0.05940288000000002
0.28,0.050860885333333355
0.28,0.042318890666666664
0.28,0.033776896
0.28,0.025234901333333337
0.28,0.016692906666666674
0.28,0.00815091200000001
0.28,-0.00039108266666665337
0.28,-0.008933077333333345
0.28,-0.01747507199999998
0.28,-0.02601706666666667
0.28,-0.034559061333333335
0.28,-0.043101056000000026
0.28,-0.05164305066666666
0.28,-0.060185045333333353
0.28,-0.06872703999999999
0.28,-0.07726903466666671
0.28,-0.08581102933333332
0.28,-0.09435302399999998
0.28,-0.1028950186666667
0.28,-0.1114370133333333
0.28,-0.11997900800000003
0.28,-0.1285210026666667
0.28,-0.13706299733333335
0.28,-0.14560499200000002
0.28,-0.15414698666666668
0.28,-0.1626889813333334
0.28,-0.171230976
0.28,-0.17977297066666667
0.28,-0.18831496533333333
0.28,-0.19685696000000005
0.28,-0.20539895466666672
0.28,-0.21394094933333338
0.28,-0.222482944
0.28,-0.23102493866666665
0.28,-0.23956693333333337
0.28,-0.24810892800000003
0.28,-0.25665092266666667
0.28,-0.2651929173333334
0.28,-0.2737349120000001
0.28,-0.2822769066666667
0.28,-0.2908189013333333
0.28,-0.29936089600000004
0.28,-0.30790289066666676
0.28,-0.31644488533333337
0.28,-0.32498688
0.28,-0.3335288746666667
0.28,-0.3420708693333334
0.28,-0.350612864
0.28,-0.35915485866666663
0.28,-0.36769685333333335
0.28,-0.37623884799999996
0.28,-0.3847808426666667
0.28,-0.3933228373333334
0.28,-0.401864832
0.28,-0.4104068266666666
0.28,-0.41894882133333333
0.28,-0.42749081600000005
0.28,-0.43603281066666666
0.28,-0.4445748053333334
0.28,-0.4531168
0.28,-0.4616587946666667
0.28,-0.4702007893333334
0.28,-0.47874278400000003
0.28,-0.48728477866666675
0.28,-0.49582677333333336
0.28,-0.5043687680000001
0.28,-0.5129107626666668
0.28,-0.5214527573333333
0.28,-0.529994752
0.28,-0.5385367466666666
0.28,-0.5470787413333333
0.28,-0.5556207360000001
0.28,-0.5641627306666667
0.28,-0.5727047253333334
0.28,-0.5812467200000001
0.28,-0.5897887146666667
0.28,-0.5983307093333334
0.28,-0.606872704
0.28,-0.6154146986666668
0.28,-0.6239566933333335
0.28,-0.632498688
0.28,-0.6410406826666667
0.28,-0.6495826773333333
0.28,-0.658124672
0.28,-0.6666666666666667
0.2866666666666667,0.1894736097777778
0.2866666666666667,0.18082572819753087
0.2866666666666667,0.17217784661728397
0.2866666666666667,0.16352996503703704
0.2866666666666667,0.15488208345679014
0.2866666666666667,0.14623420187654323
0.2866666666666667,0.1375863202962963
0.2866666666666667,0.12893843871604938
0.2866666666666667,0.12029055713580249
0.2866666666666667,0.11164267555555557
0.2866666666666667,0.10299479397530865
0.2866666666666667,0.09434691239506175
0.2866666666666667,0.08569903081481484
0.2866666666666667,0.07705114923456792
0.2866666666666667,0.068403267654321
0.2866666666666667,0.059755386074074074
0.2866666666666667,0.05110750449382717
0.2866666666666667,0.04245962291358027
0.2866666666666667,0.03381174133333334
0.2866666666666667,0.025163859753086437
0.2866666666666667,0.016515978172839507
0.2866666666666667,0.007868096592592605
0.2866666666666667,-0.000779784987654325
0.2866666666666667,-0.0094276665679012
0.2866666666666667,-0.018075548148148157
0.2866666666666667,-0.02672342972839503
0.2866666666666667,-0.03537131130864196
0.2866666666666667,-0.044019192888888864
0.2866666666666667,-0.05266707446913582
0.2866666666666667,-0.061314956049382696
0.2866666666666667,-0.06996283762962963
0.2866666666666667,-0.07861071920987656
0.2866666666666667,-0.08725860079012343
0.2866666666666667,-0.09590648237037036
0.2866666666666667,-0.10455436395061724
0.2866666666666667,-0.11320224553086417
0.2866666666666667,-0.1218501271111111
0.2866666666666667,-0.13049800869135803
0.2866666666666667,-0.1391458902716049
0.2866666666666667,-0.14779377185185183
0.2866666666666667,-0.15644165343209876
0.2866666666666667,-0.1650895350123457
0.2866666666666667,-0.17373741659259256
0.2866666666666667,-0.1823852981728395
0.2866666666666667,-0.19103317975308642
0.2866666666666667,-0.19968106133333335
0.2866666666666667,-0.20832894291358023
0.2866666666666667,-0.2169768244938271
0.2866666666666667,-0.22562470607407403
0.2866666666666667,-0.23427258765432102
0.2866666666666667,-0.2429204692345679
0.2866666666666667,-0.25156835081481477
0.2866666666666667,-0.2602162323950617
0.2866666666666667,-0.2688641139753086
0.2866666666666667,-0.27751199555555556
0.2866666666666667,-0.28615987713580243
0.2866666666666667,-0.29480775871604936
0.2866666666666667,-0.30345564029629635
0.2866666666666667,-0.3121035218765432
0.2866666666666667,-0.3207514034567901
0.2866666666666667,-0.32939928503703697
0.2866666666666667,-0.33804716661728396
0.2866666666666667,-0.34669504819753083
0.2866666666666667,-0.3553429297777778
0.2866666666666667,-0.3639908113580247
0.2866666666666667,-0.37263869293827157
0.2866666666666667,-0.38128657451851855
0.2866666666666667,-0.3899344560987654
0.2866666666666667,-0.3985823376790123
0.2866666666666667,-0.4072302192592592
0.2866666666666667,-0.41587810083950616
0.2866666666666667,-0.42452598241975303
0.2866666666666667,-0.433173864
0.2866666666666667,-0.4418217455802469
0.2866666666666667,-0.45046962716049377
0.2866666666666667,-0.45911750874074075
0.2866666666666667,-0.46776539032098774
0.2866666666666667,-0.4764132719012345
0.2866666666666667,-0.4850611534814815
0.2866666666666667,-0.49370903506172836
0.2866666666666667,-0.5023569166419752
0.2866666666666667,-0.5110047982222222
0.2866666666666667,-0.5196526798024691
0.2866666666666667,-0.5283005613827161
0.2866666666666667,-0.5369484429629628
0.2866666666666667,-0.5455963245432098
0.2866666666666667,-0.5542442061234568
0.2866666666666667,-0.5628920877037037
0.2866666666666667,-0.5715399692839506
0.2866666666666667,-0.5801878508641976
0.2866666666666667,-0.5888357324444444
0.2866666666666667,-0.5974836140246914
0.2866666666666667,-0.6061314956049382
0.2866666666666667,-0.6147793771851852
0.2866666666666667,-0.6234272587654321
0.2866666666666667,-0.6320751403456789
0.2866666666666667,-0.6407230219259259
0.2866666666666667,-0.6493709035061728
0.2866666666666667,-0.6580187850864198
0.2866666666666667,-0.6666666666666667
0.29333333333333333,0.2003493831111111
0.29333333333333333,0.1915916452345679
0.29333333333333333,0.18283390735802468
0.29333333333333333,0.17407616948148147
0.29333333333333333,0.16531843160493828
0.29333333333333333,0.15656069372839507
0.29333333333333333,0.14780295585185185
0.29333333333333333,0.13904521797530864
0.29333333333333333,0.13028748009876542
0.29333333333333333,0.12152974222222222
0.29333333333333333,0.11277200434567901
0.29333333333333333,0.10401426646913581
0.29333333333333333,0.0952565285925926
0.29333333333333333,0.08649879071604938
0.29333333333333333,0.07774105283950616
0.29333333333333333,0.06898331496296295
0.29333333333333333,0.060225577086419735
0.29333333333333333,0.05146783920987652
0.29333333333333333,0.042710101333333333
0.29333333333333333,0.03395236345679012
0.29333333333333333,0.025194625580246904
0.29333333333333333,0.01643688770370369
0.29333333333333333,0.007679149827160475
0.29333333333333333,-0.0010785880493827116
0.29333333333333333,-0.009836325925925954
0.29333333333333333,-0.01859406380246914
0.29333333333333333,-0.027351801679012383
0.29333333333333333,-0.03610953955555557
0.29333333333333333,-0.044867277432098784
0.29333333333333333,-0.053625015308642
0.29333333333333333,-0.062382753185185214
0.29333333333333333,-0.07114049106172843
0.29333333333333333,-0.07989822893827159
0.29333333333333333,-0.08865596681481486
0.29333333333333333,-0.09741370469135802
0.29333333333333333,-0.10617144256790129
0.29333333333333333,-0.11492918044444445
0.29333333333333333,-0.12368691832098766
0.29333333333333333,-0.13244465619753087
0.29333333333333333,-0.1412023940740741
0.29333333333333333,-0.14996013195061736
0.29333333333333333,-0.15871786982716052
0.29333333333333333,-0.16747560770370373
0.29333333333333333,-0.17623334558024695
0.29333333333333333,-0.18499108345679016
0.29333333333333333,-0.19374882133333338
0.29333333333333333,-0.2025065592098766
0.29333333333333333,-0.21126429708641975
0.29333333333333333,-0.22002203496296296
0.29333333333333333,-0.22877977283950623
0.29333333333333333,-0.2375375107160494
0.29333333333333333,-0.2462952485925926
0.29333333333333333,-0.2550529864691358
0.29333333333333333,-0.2638107243456791
0.29333333333333333,-0.27256846222222225
0.29333333333333333,-0.28132620009876547
0.29333333333333333,-0.2900839379753087
0.29333333333333333,-0.2988416758518519
0.29333333333333333,-0.3075994137283951
0.29333333333333333,-0.3163571516049383
0.29333333333333333,-0.32511488948148154
0.29333333333333333,-0.33387262735802475
0.29333333333333333,-0.34263036523456797
0.29333333333333333,-0.3513881031111112
0.29333333333333333,-0.3601458409876544
0.29333333333333333,-0.3689035788641975
0.29333333333333333,-0.3776613167407408
0.29333333333333333,-0.38641905461728404
0.29333333333333333,-0.39517679249382714
0.29333333333333333,-0.40393453037037036
0.29333333333333333,-0.4126922682469137
0.29333333333333333,-0.4214500061234569
0.29333333333333333,-0.430207744
0.29333333333333333,-0.4389654818765432
0.29333333333333333,-0.44772321975308643
0.29333333333333333,-0.45648095762962965
0.29333333333333333,-0.465238695506173
0.29333333333333333,-0.4739964333827161
0.29333333333333333,-0.4827541712592594
0.29333333333333333,-0.4915119091358025
0.29333333333333333,-0.5002696470123458
0.29333333333333333,-0.5090273848888891
0.29333333333333333,-0.5177851227654322
0.29333333333333333,-0.5265428606419753
0.29333333333333333,-0.5353005985185184
0.29333333333333333,-0.5440583363950617
0.29333333333333333,-0.5528160742716051
0.29333333333333333,-0.5615738121481482
0.29333333333333333,-0.5703315500246915
0.29333333333333333,-0.5790892879012346
0.29333333333333333,-0.5878470257777779
0.29333333333333333,-0.596604763654321
0.29333333333333333,-0.6053625015308641
0.29333333333333333,-0.6141202394074075
0.29333333333333333,-0.6228779772839508
0.29333333333333333,-0.6316357151604939
0.29333333333333333,-0.6403934530370372
0.29333333333333333,-0.6491511909135803
0.29333333333333333,-0.6579089287901234
0.29333333333333333,-0.6666666666666667
0.30000000000000004,0.21162833333333342
0.30000000000000004,0.20275666666666675
0.30000000000000004,0.19388500000000009
0.30000000000000004,0.18501333333333342
0.30000000000000004,0.17614166666666675
0.30000000000000004,0.16727000000000009
0.30000000000000004,0.15839833333333342
0.30000000000000004,0.14952666666666675
0.30000000000000004,0.14065500000000009
0.30000000000000004,0.13178333333333342
0.30000000000000004,0.12291166666666674
0.30000000000000004,0.11404000000000007
0.30000000000000004,0.1051683333333334
0.30000000000000004,0.09629666666666674
0.30000000000000004,0.08742500000000006
0.30000000000000004,0.07855333333333339
0.30000000000000004,0.06968166666666673
0.30000000000000004,0.06081000000000006
0.30000000000000004,0.05193833333333339
0.30000000000000004,0.04306666666666675
0.30000000000000004,0.03419500000000006
0.30000000000000004,0.025323333333333392
0.30000000000000004,0.016451666666666726
0.30000000000000004,0.007580000000000059
0.30000000000000004,-0.0012916666666666354
0.30000000000000004,-0.010163333333333274
0.30000000000000004,-0.01903499999999997
0.30000000000000004,-0.027906666666666607
0.30000000000000004,-0.0367783333333333
0.30000000000000004,-0.04564999999999997
0.30000000000000004,-0.054521666666666635
0.30000000000000004,-0.0633933333333333
0.30000000000000004,-0.07226499999999991
0.30000000000000004,-0.08113666666666663
0.30000000000000004,-0.0900083333333333
0.30000000000000004,-0.09887999999999997
0.30000000000000004,-0.10775166666666663
0.30000000000000004,-0.1166233333333333
0.30000000000000004,-0.12549499999999997
0.30000000000000004,-0.13436666666666658
0.30000000000000004,-0.1432383333333333
0.30000000000000004,-0.15210999999999997
0.30000000000000004,-0.16098166666666663
0.30000000000000004,-0.1698533333333333
0.30000000000000004,-0.17872500000000002
0.30000000000000004,-0.18759666666666663
0.30000000000000004,-0.1964683333333333
0.30000000000000004,-0.20533999999999997
0.30000000000000004,-0.21421166666666663
0.30000000000000004,-0.22308333333333336
0.30000000000000004,-0.23195499999999997
0.30000000000000004,-0.24082666666666663
0.30000000000000004,-0.2496983333333333
0.30000000000000004,-0.25857
0.30000000000000004,-0.26744166666666663
0.30000000000000004,-0.2763133333333333
0.30000000000000004,-0.28518499999999997
0.30000000000000004,-0.2940566666666667
0.30000000000000004,-0.3029283333333333
0.30000000000000004,-0.3118
0.30000000000000004,-0.32067166666666663
0.30000000000000004,-0.32954333333333335
0.30000000000000004,-0.33841499999999997
0.30000000000000004,-0.3472866666666667
0.30000000000000004,-0.3561583333333333
0.30000000000000004,-0.3650299999999999
0.30000000000000004,-0.37390166666666663
0.30000000000000004,-0.38277333333333335
0.30000000000000004,-0.39164499999999997
0.30000000000000004,-0.4005166666666667
0.30000000000000004,-0.4093883333333334
0.30000000000000004,-0.41826
0.30000000000000004,-0.42713166666666663
0.30000000000000004,-0.43600333333333335
0.30000000000000004,-0.44487499999999996
0.30000000000000004,-0.4537466666666667
0.30000000000000004,-0.4626183333333334
0.30000000000000004,-0.47149
0.30000000000000004,-0.48036166666666674
0.30000000000000004,-0.48923333333333324
0.30000000000000004,-0.49810499999999996
0.30000000000000004,-0.5069766666666666
0.30000000000000004,-0.5158483333333332
0.30000000000000004,-0.5247200000000001
0.30000000000000004,-0.5335916666666667
0.30000000000000004,-0.5424633333333333
0.30000000000000004,-0.5513350000000001
0.30000000000000004,-0.5602066666666667
0.30000000000000004,-0.5690783333333334
0.30000000000000004,-0.5779500000000002
0.30000000000000004,-0.5868216666666666
0.30000000000000004,-0.5956933333333334
0.30000000000000004,-0.604565
0.30000000000000004,-0.6134366666666666
0.30000000000000004,-0.6223083333333335
0.30000000000000004,-0.6311800000000001
0.30000000000000004,-0.6400516666666667
0.30000000000000004,-0.6489233333333333
0.30000000000000004,-0.6577950000000001
0.30000000000000004,-0.6666666666666667
0.3066666666666667,0.22332090311111114
0.3066666666666667,0.21433112967901238
0.3066666666666667,0.20534135624691363
0.3066666666666667,0.19635158281481485
0.3066666666666667,0.18736180938271607
0.3066666666666667,0.17837203595061732
0.3066666666666667,0.16938226251851857
0.3066666666666667,0.1603924890864198
0.3066666666666667,0.151402715654321
0.3066666666666667,0.14241294222222226
0.3066666666666667,0.1334231687901235
0.3066666666666667,0.12443339535802472
0.3066666666666667,0.11544362192592596
0.3066666666666667,0.10645384849382719
0.3066666666666667,0.09746407506172841
0.3066666666666667,0.08847430162962966
0.3066666666666667,0.07948452819753088
0.3066666666666667,0.07049475476543213
0.3066666666666667,0.06150498133333335
0.3066666666666667,0.052515207901234595
0.3066666666666667,0.043525434469135815
0.3066666666666667,0.03453566103703706
0.3066666666666667,0.025545887604938283
0.3066666666666667,0.01655611417283953
0.3066666666666667,0.007566340740740751
0.3066666666666667,-0.0014234326913580009
0.3066666666666667,-0.01041320612345678
0.3066666666666667,-0.019402979555555533
0.3066666666666667,-0.028392752987654313
0.3066666666666667,-0.03738252641975309
0.3066666666666667,-0.04637229985185187
0.3066666666666667,-0.0553620732839506
0.3066666666666667,-0.06435184671604938
0.3066666666666667,-0.07334162014814816
0.3066666666666667,-0.08233139358024688
0.3066666666666667,-0.09132116701234566
0.3066666666666667,-0.10031094044444444
0.3066666666666667,-0.10930071387654322
0.3066666666666667,-0.11829048730864195
0.3066666666666667,-0.12728026074074072
0.3066666666666667,-0.13627003417283956
0.3066666666666667,-0.14525980760493828
0.3066666666666667,-0.154249581037037
0.3066666666666667,-0.1632393544691358
0.3066666666666667,-0.17222912790123462
0.3066666666666667,-0.18121890133333335
0.3066666666666667,-0.19020867476543213
0.3066666666666667,-0.19919844819753085
0.3066666666666667,-0.20818822162962958
0.3066666666666667,-0.2171779950617284
0.3066666666666667,-0.2261677684938272
0.3066666666666667,-0.23515754192592592
0.3066666666666667,-0.2441473153580247
0.3066666666666667,-0.2531370887901235
0.3066666666666667,-0.26212686222222226
0.3066666666666667,-0.271116635654321
0.3066666666666667,-0.2801064090864197
0.3066666666666667,-0.28909618251851854
0.3066666666666667,-0.29808595595061727
0.3066666666666667,-0.3070757293827161
0.3066666666666667,-0.3160655028148148
0.3066666666666667,-0.32505527624691366
0.3066666666666667,-0.3340450496790124
0.3066666666666667,-0.3430348231111111
0.3066666666666667,-0.35202459654320983
0.3066666666666667,-0.36101436997530867
0.3066666666666667,-0.3700041434074075
0.3066666666666667,-0.37899391683950623
0.3066666666666667,-0.38798369027160495
0.3066666666666667,-0.3969734637037037
0.3066666666666667,-0.4059632371358025
0.3066666666666667,-0.41495301056790124
0.3066666666666667,-0.4239427840000001
0.3066666666666667,-0.4329325574320988
0.3066666666666667,-0.4419223308641975
0.3066666666666667,-0.45091210429629636
0.3066666666666667,-0.4599018777283952
0.3066666666666667,-0.4688916511604938
0.3066666666666667,-0.47788142459259264
0.3066666666666667,-0.48687119802469137
0.3066666666666667,-0.4958609714567902
0.3066666666666667,-0.504850744888889
0.3066666666666667,-0.5138405183209876
0.3066666666666667,-0.5228302917530865
0.3066666666666667,-0.5318200651851852
0.3066666666666667,-0.5408098386172839
0.3066666666666667,-0.5497996120493828
0.3066666666666667,-0.5587893854814815
0.3066666666666667,-0.5677791589135803
0.3066666666666667,-0.5767689323456792
0.3066666666666667,-0.5857587057777778
0.3066666666666667,-0.5947484792098766
0.3066666666666667,-0.6037382526419753
0.3066666666666667,-0.6127280260740742
0.3066666666666667,-0.6217177995061729
0.3066666666666667,-0.6307075729382716
0.3066666666666667,-0.6396973463703705
0.3066666666666667,-0.6486871198024691
0.3066666666666667,-0.6576768932345679
0.3066666666666667,-0.6666666666666667
0.31333333333333335,0.23543776977777783
0.31333333333333335,0.22632560375308647
0.31333333333333335,0.21721343772839513
0.31333333333333335,0.20810127170370377
0.31333333333333335,0.1989891056790124
0.31333333333333335,0.18987693965432106
0.31333333333333335,0.18076477362962967
0.31333333333333335,0.17165260760493833
0.31333333333333335,0.16254044158024697
0.31333333333333335,0.1534282755555556
0.31333333333333335,0.14431610953086427
0.31333333333333335,0.1352039435061729
0.31333333333333335,0.12609177748148154
0.31333333333333335,0.11697961145679017
0.31333333333333335,0.10786744543209884
0.31333333333333335,0.09875527940740747
0.31333333333333335,0.0896431133827161
0.31333333333333335,0.08053094735802474
0.31333333333333335,0.07141878133333338
0.31333333333333335,0.06230661530864204
0.31333333333333335,0.05319444928395067
0.31333333333333335,0.044082283259259336
0.31333333333333335,0.03497011723456794
0.31333333333333335,0.025857951209876606
0.31333333333333335,0.016745785185185214
0.31333333333333335,0.007633619160493876
0.31333333333333335,-0.0014785468641974886
0.31333333333333335,-0.010590712888888854
0.31333333333333335,-0.01970287891358019
0.31333333333333335,-0.028815044938271528
0.31333333333333335,-0.03792721096296292
0.31333333333333335,-0.04703937698765426
0.31333333333333335,-0.056151543012345595
0.31333333333333335,-0.06526370903703699
0.31333333333333335,-0.07437587506172832
0.31333333333333335,-0.08348804108641972
0.31333333333333335,-0.09260020711111105
0.31333333333333335,-0.10171237313580245
0.31333333333333335,-0.11082453916049378
0.31333333333333335,-0.11993670518518512
0.31333333333333335,-0.12904887120987651
0.31333333333333335,-0.13816103723456785
0.31333333333333335,-0.1472732032592592
0.31333333333333335,-0.15638536928395053
0.31333333333333335,-0.16549753530864197
0.31333333333333335,-0.1746097013333333
0.31333333333333335,-0.18372186735802465
0.31333333333333335,-0.19283403338271599
0.31333333333333335,-0.20194619940740732
0.31333333333333335,-0.21105836543209877
0.31333333333333335,-0.2201705314567901
0.31333333333333335,-0.22928269748148145
0.31333333333333335,-0.23839486350617278
0.31333333333333335,-0.24750702953086418
0.31333333333333335,-0.25661919555555557
0.31333333333333335,-0.2657313615802469
0.31333333333333335,-0.27484352760493824
0.31333333333333335,-0.2839556936296296
0.31333333333333335,-0.2930678596543209
0.31333333333333335,-0.30218002567901225
0.31333333333333335,-0.3112921917037037
0.31333333333333335,-0.32040435772839504
0.31333333333333335,-0.3295165237530864
0.31333333333333335,-0.3386286897777777
0.31333333333333335,-0.34774085580246905
0.31333333333333335,-0.3568530218271604
0.31333333333333335,-0.36596518785185184
0.31333333333333335,-0.3750773538765432
0.31333333333333335,-0.3841895199012345
0.31333333333333335,-0.39330168592592585
0.31333333333333335,-0.4024138519506173
0.31333333333333335,-0.41152601797530863
0.31333333333333335,-0.42063818399999997
0.31333333333333335,-0.4297503500246913
0.31333333333333335,-0.43886251604938264
0.31333333333333335,-0.4479746820740741
0.31333333333333335,-0.45708684809876543
0.31333333333333335,-0.46619901412345677
0.31333333333333335,-0.4753111801481481
0.31333333333333335,-0.48442334617283944
0.31333333333333335,-0.4935355121975309
0.31333333333333335,-0.5026476782222222
0.31333333333333335,-0.5117598442469136
0.31333333333333335,-0.5208720102716049
0.31333333333333335,-0.5299841762962962
0.31333333333333335,-0.5390963423209876
0.31333333333333335,-0.548208508345679
0.31333333333333335,-0.5573206743703703
0.31333333333333335,-0.5664328403950617
0.31333333333333335,-0.5755450064197531
0.31333333333333335,-0.5846571724444444
0.31333333333333335,-0.5937693384691358
0.31333333333333335,-0.602881504493827
0.31333333333333335,-0.6119936705185185
0.31333333333333335,-0.6211058365432099
0.31333333333333335,-0.6302180025679012
0.31333333333333335,-0.6393301685925926
0.31333333333333335,-0.6484423346172838
0.31333333333333335,-0.6575545006419753
0.31333333333333335,-0.6666666666666667
0.32,0.24798984533333338
0.32,0.23875089066666672
0.32,0.22951193600000003
0.32,0.22027298133333337
0.32,0.2110340266666667
0.32,0.20179507200000002
0.32,0.19255611733333336
0.32,0.1833171626666667
0.32,0.174078208
0.32,0.16483925333333338
0.32,0.1556002986666667
0.32,0.14636134400000003
0.32,0.13712238933333337
0.32,0.12788343466666668
0.32,0.11864448000000002
0.32,0.10940552533333336
0.32,0.10016657066666668
0.32,0.09092761600000002
0.32,0.08168866133333336
0.32,0.0724497066666667
0.32,0.06321075200000001
0.32,0.05397179733333335
0.32,0.04473284266666666
0.32,0.03549388800000003
0.32,0.02625493333333334
0.32,0.01701597866666668
0.32,0.0077770239999999935
0.32,-0.0014619306666666665
0.32,-0.010700885333333354
0.32,-0.019939839999999986
0.32,-0.029178794666666674
0.32,-0.038417749333333306
0.32,-0.047656703999999994
0.32,-0.05689565866666668
0.32,-0.06613461333333331
0.32,-0.075373568
0.32,-0.08461252266666663
0.32,-0.09385147733333332
0.32,-0.10309043200000001
0.32,-0.11232938666666664
0.32,-0.12156834133333339
0.32,-0.13080729600000002
0.32,-0.14004625066666665
0.32,-0.14928520533333334
0.32,-0.15852416000000003
0.32,-0.1677631146666667
0.32,-0.17700206933333335
0.32,-0.18624102399999998
0.32,-0.19547997866666666
0.32,-0.20471893333333335
0.32,-0.21395788800000004
0.32,-0.22319684266666667
0.32,-0.2324357973333333
0.32,-0.24167475200000005
0.32,-0.2509137066666667
0.32,-0.26015266133333337
0.32,-0.26939161599999994
0.32,-0.27863057066666674
0.32,-0.2878695253333333
0.32,-0.29710848
0.32,-0.3063474346666667
0.32,-0.3155863893333334
0.32,-0.32482534400000007
0.32,-0.33406429866666665
0.32,-0.34330325333333334
0.32,-0.352542208
0.32,-0.3617811626666667
0.32,-0.3710201173333334
0.32,-0.380259072
0.32,-0.38949802666666666
0.32,-0.39873698133333335
0.32,-0.40797593600000004
0.32,-0.4172148906666667
0.32,-0.4264538453333333
0.32,-0.4356928
0.32,-0.4449317546666667
0.32,-0.4541707093333335
0.32,-0.46340966400000005
0.32,-0.47264861866666674
0.32,-0.4818875733333333
0.32,-0.491126528
0.32,-0.5003654826666668
0.32,-0.5096044373333334
0.32,-0.5188433920000001
0.32,-0.5280823466666666
0.32,-0.5373213013333333
0.32,-0.5465602560000001
0.32,-0.5557992106666667
0.32,-0.5650381653333334
0.32,-0.5742771200000001
0.32,-0.5835160746666667
0.32,-0.5927550293333335
0.32,-0.601993984
0.32,-0.6112329386666667
0.32,-0.6204718933333334
0.32,-0.629710848
0.32,-0.6389498026666668
0.32,-0.6481887573333334
0.32,-0.657427712
0.32,-0.6666666666666667
0.32666666666666666,0.2609882764444444
0.32666666666666666,0.25161802449382714
0.32666666666666666,0.24224777254320984
0.32666666666666666,0.23287752059259256
0.32666666666666666,0.2235072686419753
0.32666666666666666,0.21413701669135798
0.32666666666666666,0.2047667647407407
0.32666666666666666,0.19539651279012343
0.32666666666666666,0.18602626083950613
0.32666666666666666,0.17665600888888885
0.32666666666666666,0.16728575693827158
0.32666666666666666,0.15791550498765428
0.32666666666666666,0.148545253037037
0.32666666666666666,0.13917500108641973
0.32666666666666666,0.12980474913580245
0.32666666666666666,0.12043449718518515
0.32666666666666666,0.11106424523456787
0.32666666666666666,0.10169399328395057
0.32666666666666666,0.09232374133333329
0.32666666666666666,0.08295348938271602
0.32666666666666666,0.07358323743209871
0.32666666666666666,0.06421298548148147
0.32666666666666666,0.05484273353086416
0.32666666666666666,0.04547248158024689
0.32666666666666666,0.036102229629629584
0.32666666666666666,0.02673197767901231
0.32666666666666666,0.017361725728395005
0.32666666666666666,0.007991473777777758
0.32666666666666666,-0.0013787781728395454
0.32666666666666666,-0.010749030123456793
0.32666666666666666,-0.020119282074074152
0.32666666666666666,-0.0294895340246914
0.32666666666666666,-0.03885978597530865
0.32666666666666666,-0.04823003792592595
0.32666666666666666,-0.0576002898765432
0.32666666666666666,-0.06697054182716056
0.32666666666666666,-0.0763407937777778
0.32666666666666666,-0.08571104572839511
0.32666666666666666,-0.09508129767901236
0.32666666666666666,-0.10445154962962966
0.32666666666666666,-0.11382180158024696
0.32666666666666666,-0.12319205353086427
0.32666666666666666,-0.1325623054814815
0.32666666666666666,-0.14193255743209876
0.32666666666666666,-0.15130280938271612
0.32666666666666666,-0.16067306133333337
0.32666666666666666,-0.17004331328395067
0.32666666666666666,-0.17941356523456792
0.32666666666666666,-0.18878381718518517
0.32666666666666666,-0.19815406913580252
0.32666666666666666,-0.20752432108641977
0.32666666666666666,-0.21689457303703708
0.32666666666666666,-0.22626482498765432
0.32666666666666666,-0.23563507693827168
0.32666666666666666,-0.24500532888888893
0.32666666666666666,-0.2543755808395062
0.32666666666666666,-0.2637458327901234
0.32666666666666666,-0.2731160847407408
0.32666666666666666,-0.28248633669135803
0.32666666666666666,-0.2918565886419753
0.32666666666666666,-0.30122684059259264
0.32666666666666666,-0.31059709254321
0.32666666666666666,-0.31996734449382724
0.32666666666666666,-0.3293375964444445
0.32666666666666666,-0.33870784839506174
0.32666666666666666,-0.348078100345679
0.32666666666666666,-0.35744835229629635
0.32666666666666666,-0.3668186042469136
0.32666666666666666,-0.37618885619753084
0.32666666666666666,-0.3855591081481481
0.32666666666666666,-0.39492936009876545
0.32666666666666666,-0.4042996120493828
0.32666666666666666,-0.41366986400000005
0.32666666666666666,-0.4230401159506173
0.32666666666666666,-0.43241036790123455
0.32666666666666666,-0.4417806198518519
0.32666666666666666,-0.45115087180246927
0.32666666666666666,-0.4605211237530864
0.32666666666666666,-0.46989137570370376
0.32666666666666666,-0.479261627654321
0.32666666666666666,-0.48863187960493826
0.32666666666666666,-0.4980021315555556
0.32666666666666666,-0.5073723835061729
0.32666666666666666,-0.5167426354567902
0.32666666666666666,-0.5261128874074074
0.32666666666666666,-0.5354831393580247
0.32666666666666666,-0.5448533913086421
0.32666666666666666,-0.5542236432592592
0.32666666666666666,-0.5635938952098766
0.32666666666666666,-0.5729641471604939
0.32666666666666666,-0.5823343991111111
0.32666666666666666,-0.5917046510617284
0.32666666666666666,-0.6010749030123457
0.32666666666666666,-0.610445154962963
0.32666666666666666,-0.6198154069135803
0.32666666666666666,-0.6291856588641975
0.32666666666666666,-0.6385559108148149
0.32666666666666666,-0.647926162765432
0.32666666666666666,-0.6572964147160494
0.32666666666666666,-0.6666666666666667
0.33333333333333337,0.2744444444444445
0.33333333333333337,0.2649382716049383
0.33333333333333337,0.25543209876543216
0.33333333333333337,0.24592592592592596
0.33333333333333337,0.2364197530864198
0.33333333333333337,0.2269135802469136
0.33333333333333337,0.21740740740740744
0.33333333333333337,0.20790123456790127
0.33333333333333337,0.1983950617283951
0.33333333333333337,0.18888888888888894
0.33333333333333337,0.17938271604938275
0.33333333333333337,0.16987654320987655
0.33333333333333337,0.16037037037037039
0.33333333333333337,0.15086419753086422
0.33333333333333337,0.14135802469135805
0.33333333333333337,0.13185185185185186
0.33333333333333337,0.12234567901234569
0.33333333333333337,0.11283950617283953
0.33333333333333337,0.10333333333333333
0.33333333333333337,0.0938271604938272
0.33333333333333337,0.084320987654321
0.33333333333333337,0.07481481481481483
0.33333333333333337,0.06530864197530864
0.33333333333333337,0.055802469135802474
0.33333333333333337,0.04629629629629628
0.33333333333333337,0.03679012345679014
0.33333333333333337,0.027283950617283947
0.33333333333333337,0.01777777777777778
0.33333333333333337,0.008271604938271615
0.33333333333333337,-0.0012345679012345512
0.33333333333333337,-0.010740740740740773
0.33333333333333337,-0.02024691358024694
0.33333333333333337,-0.02975308641975305
0.33333333333333337,-0.03925925925925927
0.33333333333333337,-0.04876543209876544
0.33333333333333337,-0.058271604938271604
0.33333333333333337,-0.06777777777777777
0.33333333333333337,-0.07728395061728399
0.33333333333333337,-0.0867901234567901
0.33333333333333337,-0.09629629629629627
0.33333333333333337,-0.10580246913580249
0.33333333333333337,-0.11530864197530866
0.33333333333333337,-0.12481481481481482
0.33333333333333337,-0.134320987654321
0.33333333333333337,-0.1438271604938272
0.33333333333333337,-0.15333333333333338
0.33333333333333337,-0.16283950617283954
0.33333333333333337,-0.1723456790123457
0.33333333333333337,-0.18185185185185182
0.33333333333333337,-0.1913580246913581
0.33333333333333337,-0.2008641975308642
0.33333333333333337,-0.21037037037037037
0.33333333333333337,-0.2198765432098766
0.33333333333333337,-0.22938271604938276
0.33333333333333337,-0.23888888888888893
0.33333333333333337,-0.2483950617283951
0.33333333333333337,-0.25790123456790126
0.33333333333333337,-0.2674074074074074
0.33333333333333337,-0.2769135802469136
0.33333333333333337,-0.28641975308641976
0.33333333333333337,-0.2959259259259259
0.33333333333333337,-0.3054320987654322
0.33333333333333337,-0.31493827160493837
0.33333333333333337,-0.32444444444444454
0.33333333333333337,-0.3339506172839507
0.33333333333333337,-0.34345679012345676
0.33333333333333337,-0.35296296296296303
0.33333333333333337,-0.3624691358024692
0.33333333333333337,-0.37197530864197537
0.33333333333333337,-0.38148148148148153
0.33333333333333337,-0.3909876543209877
0.33333333333333337,-0.40049382716049386
0.33333333333333337,-0.41000000000000003
0.33333333333333337,-0.4195061728395062
0.33333333333333337,-0.42901234567901236
0.33333333333333337,-0.43851851851851864
0.33333333333333337,-0.4480246913580248
0.33333333333333337,-0.45753086419753086
0.33333333333333337,-0.46703703703703714
0.33333333333333337,-0.4765432098765432
0.33333333333333337,-0.48604938271604947
0.33333333333333337,-0.49555555555555564
0.33333333333333337,-0.5050617283950618
0.33333333333333337,-0.514567901234568
0.33333333333333337,-0.524074074074074
0.33333333333333337,-0.5335802469135803
0.33333333333333337,-0.5430864197530866
0.33333333333333337,-0.5525925925925926
0.33333333333333337,-0.5620987654320989
0.33333333333333337,-0.5716049382716051
0.33333333333333337,-0.5811111111111111
0.33333333333333337,-0.5906172839506174
0.33333333333333337,-0.6001234567901235
0.33333333333333337,-0.6096296296296297
0.33333333333333337,-0.6191358024691359
0.33333333333333337,-0.6286419753086421
0.33333333333333337,-0.6381481481481482
0.33333333333333337,-0.6476543209876543
0.33333333333333337,-0.6571604938271606
0.33333333333333337,-0.6666666666666669
